# exported by https://3dviewer.net
mtllib model.mtl
g Smjfbarrel011
v -72.0324 0.816017 16.1007
v -72.1171 0.828603 15.9962
v -72.0477 1.19898 16.0363
v -72.0361 0.814127 16.1246
v -72.3059 0.434367 16.3124
v -72.1232 0.446664 16.0743
v -72.1157 0.451138 16.048
v -72.1983 0.465543 15.9495
v -72.2954 0.133954 15.8937
v -72.246 0.112555 15.9634
v -72.414 0.0655799 16.2043
v -72.5408 0.43507 16.4926
v -72.249 0.0898826 15.9893
v -72.2972 0.0770788 15.9311
v -72.3432 0.107301 15.8647
v -72.3604 0.0960908 15.8544
v -72.6258 0.0669665 16.3669
v -72.6492 0.089038 16.3734
v -72.4462 0.0417051 16.1641
v -72.2934 0.068496 15.9613
v -72.3836 0.0559995 15.8786
v -72.6569 0.0416982 16.3255
v -72.5478 0.017153 16.063
v -72.4136 0.0433087 15.8901
v -72.4077 0.090052 15.8643
v -72.3817 0.130113 15.8415
v -72.3777 0.155927 15.8726
v -72.3937 0.155927 15.8966
v -72.4119 0.155927 15.9194
v -72.4413 0.0773588 15.8743
v -72.5711 0.0514326 16.0398
v -72.5494 0.155927 16.1077
v -72.724 0.155927 16.2485
v -72.7303 0.0171533 16.203
v -72.7467 0.0514324 16.1745
v -72.7558 0.0651281 16.2042
v -72.7481 0.155927 16.2692
v -72.7826 0.0979587 16.2362
v -72.7732 0.155927 16.2881
v -72.7697 0.0642672 16.2587
v -72.7413 0.030808 16.2293
v -72.7563 0.0751522 16.2797
v -72.683 0.0479045 16.3229
v -72.7242 0.106342 16.324
v -72.3777 0.155928 14.7376
v -72.3847 0.0929523 14.7723
v -72.3682 0.155928 14.7606
v -72.3821 0.0592735 14.8052
v -72.3595 0.155928 14.7838
v -72.3621 0.0580595 14.7588
v -72.3886 0.0495758 14.832
v -72.2697 0.155928 15.0113
v -72.3568 0.0253303 14.7903
v -72.3389 0.0686982 14.7449
v -72.3601 0.0151284 14.8155
v -72.3023 0.0716615 15.0352
v -72.2397 0.155928 15.2507
v -72.2712 0.042176 14.7411
v -72.3001 0.0991881 14.7194
v -72.185 0.0837255 14.6885
v -72.2465 0.0255473 14.7511
v -72.218 0.448039 14.6721
v -72.276 0.0819733 15.2442
v -72.076 0.446292 14.6486
v -72.1367 0.828362 14.6252
v -72.2564 0.0955424 15.2665
v -72.2355 0.155928 15.2779
v -72.2433 0.0477555 15.2442
v -72.2419 0.13154 15.2984
v -72.2329 0.155928 15.3051
v -72.2159 0.096944 15.2982
v -72.2275 0.0601864 15.2663
v -72.1881 0.10773 15.2985
v -72.2713 0.0373652 15.0269
v -72.148 0.0482116 14.9939
v -72.1114 0.0588272 15.2426
v -72.127 0.0772969 15.268
v -72.1479 0.134176 15.3051
v -72.0355 0.1184 15.2612
v -72.0435 0.465479 15.3051
v -72.0278 0.0934404 15.2371
v -72.0637 0.0833842 14.9646
v -71.8977 0.459416 15.2479
v -71.9126 0.463192 15.2676
v -71.9532 0.828252 15.3051
v -71.931 0.454334 14.9348
v -72.1709 0.0636899 14.7059
v -72.0426 0.444399 14.6594
v -71.7906 0.825284 15.236
v -71.8337 0.825284 14.9087
v -71.9926 0.827128 14.5995
v -72.0605 1.19874 14.5944
v -71.9569 0.825284 14.6078
v -71.9083 1.19768 14.5723
v -74.3853 0.101243 15.3101
v -74.3915 0.155928 15.2766
v -74.3942 0.155927 15.3051
v -74.3707 0.0669405 15.2753
v -74.4113 0.0697803 15.3135
v -74.3871 0.155928 15.2482
v -74.3508 0.0515103 15.2534
v -74.3214 0.0515203 15.0298
v -74.3574 0.155928 15.0113
v -74.3835 0.0172114 15.2534
v -74.4 0.0330973 15.2771
v -74.448 0.0798929 15.3134
v -74.5256 0.0417547 15.2515
v -74.512 0.0495682 15.2746
v -74.5048 0.106041 15.3083
v -74.5758 0.0783573 15.2674
v -74.6185 0.451229 15.2894
v -74.353 0.0172186 15.0213
v -74.7269 0.437716 15.2389
v -74.7132 0.827888 15.3051
v -74.577 0.0653908 15.2459
v -74.7276 0.434584 15.2195
v -74.8198 0.815921 15.2564
v -74.7901 1.19827 15.3113
v -74.8283 0.814407 15.2352
v -74.4911 0.0417624 14.984
v -74.5415 0.0599744 14.976
v -74.6883 0.431844 14.9365
v -74.4375 0.0627255 14.725
v -74.3958 0.0417325 14.7549
v -74.2713 0.01719 14.8245
v -74.421 0.0827776 14.7109
v -74.5728 0.433236 14.6625
v -74.7855 0.814407 14.9104
v -74.8918 1.19342 15.2411
v -74.3721 0.0502751 14.7427
v -73.8539 0.155927 16.2881
v -74.0777 0.155927 16.1077
v -74.2494 0.155927 15.8726
v -74.2494 0.155927 15.8726
v -73.5932 0.155927 16.4015
v -73.8539 0.155927 16.2881
v -74.3574 0.155927 15.5989
v -73.5932 0.155927 16.4015
v -74.2494 0.155927 15.8726
v -73.5932 0.155927 16.4015
v -74.3574 0.155927 15.5989
v -73.3136 0.155927 16.4402
v -74.3942 0.155927 15.3051
v -73.3136 0.155927 16.4402
v -74.3574 0.155927 15.5989
v -73.3136 0.155927 16.4402
v -74.3942 0.155927 15.3051
v -73.0339 0.155927 16.4015
v -74.3574 0.155928 15.0113
v -73.0339 0.155927 16.4015
v -74.3942 0.155927 15.3051
v -73.0339 0.155927 16.4015
v -74.3574 0.155928 15.0113
v -72.7732 0.155927 16.2881
v -72.5494 0.155927 16.1077
v -74.0777 0.155928 14.5025
v -72.3777 0.155927 15.8726
v -72.3777 0.155927 15.8726
v -74.0777 0.155928 14.5025
v -73.8539 0.155928 14.3221
v -72.3777 0.155927 15.8726
v -73.8539 0.155928 14.3221
v -72.2697 0.155927 15.5989
v -72.2697 0.155927 15.5989
v -73.8539 0.155928 14.3221
v -73.5932 0.155928 14.2087
v -72.2697 0.155927 15.5989
v -73.5932 0.155928 14.2087
v -72.2329 0.155928 15.3051
v -72.2329 0.155928 15.3051
v -73.5932 0.155928 14.2087
v -73.3136 0.155928 14.1701
v -72.2329 0.155928 15.3051
v -73.3136 0.155928 14.1701
v -72.2697 0.155928 15.0113
v -72.2697 0.155928 15.0113
v -73.3136 0.155928 14.1701
v -73.0142 0.155928 14.2098
v -72.2697 0.155928 15.0113
v -73.0142 0.155928 14.2098
v -72.3777 0.155928 14.7376
v -72.3777 0.155928 14.7376
v -73.0142 0.155928 14.2098
v -72.7536 0.155928 14.3232
v -72.3777 0.155928 14.7376
v -72.7536 0.155928 14.3232
v -72.5494 0.155928 14.5025
v -72.7732 0.155927 16.2881
v -74.3574 0.155928 15.0113
v -74.2504 0.157113 14.7364
v -72.5494 0.155927 16.1077
v -74.0777 0.155928 14.5025
v -73.8539 3.94124 16.2881
v -74.2494 3.94123 15.8726
v -74.0777 3.94124 16.1077
v -73.5932 3.94124 16.4015
v -74.2494 3.94123 15.8726
v -73.8539 3.94124 16.2881
v -73.5932 3.94124 16.4015
v -74.3574 3.94124 15.5989
v -74.2494 3.94123 15.8726
v -73.3136 3.94124 16.4402
v -74.3574 3.94124 15.5989
v -73.5932 3.94124 16.4015
v -73.3136 3.94124 16.4402
v -74.3942 3.94123 15.3051
v -74.3574 3.94124 15.5989
v -73.0339 3.94124 16.4015
v -74.3942 3.94123 15.3051
v -73.3136 3.94124 16.4402
v -73.0339 3.94124 16.4015
v -74.3574 3.94124 15.0113
v -74.3942 3.94123 15.3051
v -72.7732 3.94123 16.2881
v -74.3574 3.94124 15.0113
v -73.0339 3.94124 16.4015
v -74.3574 3.94124 15.0113
v -72.7732 3.94123 16.2881
v -74.2494 3.94124 14.7376
v -72.5494 3.94124 16.1077
v -74.2494 3.94124 14.7376
v -72.7732 3.94123 16.2881
v -74.2494 3.94124 14.7376
v -72.5494 3.94124 16.1077
v -74.0777 3.94124 14.5025
v -74.0777 3.94124 14.5025
v -72.5494 3.94124 16.1077
v -72.3777 3.94124 15.8726
v -74.0777 3.94124 14.5025
v -72.3777 3.94124 15.8726
v -73.8539 3.94124 14.3221
v -73.8539 3.94124 14.3221
v -72.3777 3.94124 15.8726
v -72.2697 3.94124 15.5989
v -73.8539 3.94124 14.3221
v -72.2697 3.94124 15.5989
v -73.5932 3.94124 14.2087
v -73.5932 3.94124 14.2087
v -72.2697 3.94124 15.5989
v -72.2329 3.94124 15.3051
v -73.5932 3.94124 14.2087
v -72.2329 3.94124 15.3051
v -73.3136 3.94124 14.1701
v -73.3136 3.94124 14.1701
v -72.2329 3.94124 15.3051
v -72.2697 3.94124 15.0113
v -73.3136 3.94124 14.1701
v -72.2697 3.94124 15.0113
v -73.0339 3.94124 14.2087
v -73.0339 3.94124 14.2087
v -72.2697 3.94124 15.0113
v -72.3777 3.94124 14.7376
v -73.0339 3.94124 14.2087
v -72.3777 3.94124 14.7376
v -72.7732 3.94124 14.3221
v -72.3777 3.94124 14.7376
v -72.5494 3.94124 14.5025
v -72.7732 3.94124 14.3221
v -74.6411 0.809456 16.0718
v -74.3235 0.462964 16.315
v -74.5546 0.45432 16.0237
v -74.3894 0.802074 16.381
v -74.4035 0.813571 16.3951
v -74.6584 0.820953 16.0818
v -74.0743 0.799628 16.6228
v -74.4494 0.796631 16.441
v -74.0277 0.460507 16.542
v -74.7146 0.804013 16.1142
v -74.721 0.778129 16.1179
v -74.0843 0.811125 16.6401
v -74.1167 0.794185 16.6963
v -74.4546 0.770747 16.4462
v -74.3974 0.444636 16.389
v -74.6451 0.435991 16.076
v -74.1204 0.768301 16.7026
v -74.6291 0.418072 16.0667
v -74.3843 0.426716 16.3759
v -74.5649 0.435016 16.0297
v -74.0799 0.442178 16.6326
v -73.7312 0.78914 16.8638
v -73.7293 0.815024 16.8567
v -74.3319 0.44366 16.3235
v -74.3235 0.462964 16.315
v -74.5546 0.45432 16.0237
v -74.0336 0.441203 16.5523
v -74.0277 0.460507 16.542
v -74.0707 0.424259 16.6165
v -73.6863 0.449106 16.6962
v -73.6832 0.46841 16.6847
v -73.7103 0.450082 16.7857
v -73.7055 0.432163 16.7678
v -73.3136 0.440451 16.7453
v -73.3136 0.459755 16.7334
v -72.9439 0.4414 16.6847
v -73.3136 0.423507 16.8194
v -73.3136 0.809291 16.9188
v -72.9408 0.422096 16.6962
v -72.5994 0.453713 16.542
v -73.3136 0.441427 16.8379
v -72.5935 0.434409 16.5523
v -72.3036 0.44734 16.315
v -72.9216 0.405152 16.7678
v -72.9168 0.423071 16.7857
v -72.8959 0.778129 16.8638
v -72.5472 0.435385 16.6326
v -72.5564 0.417466 16.6165
v -72.2428 0.411093 16.3759
v -73.3144 4.03201 16.3745
v -73.2851 3.94124 16.4372
v -73.3136 3.94124 16.4402
v -73.2764 4.06971 16.3607
v -73.2567 3.94124 16.4323
v -73.314 4.05584 16.3999
v -73.2576 4.09142 16.342
v -73.2761 4.09356 16.3894
v -73.0339 3.94124 16.4015
v -73.3131 4.04216 16.463
v -73.2744 4.07496 16.4933
v -73.3138 4.00629 16.5014
v -73.2601 4.03531 16.5732
v -73.256 4.09057 16.506
v -73.3214 3.65466 16.5885
v -73.2576 4.11525 16.3749
v -73.0379 4.10515 16.3141
v -73.0295 4.12908 16.3454
v -73.2623 3.6562 16.6983
v -73.3133 3.25699 16.6863
v -72.8507 4.1107 16.2354
v -72.8276 3.94124 16.3118
v -72.8343 4.13468 16.2638
v -73.2608 3.25776 16.8156
v -73.3132 2.88662 16.7768
v -72.8209 4.09135 16.2411
v -72.7997 3.94123 16.3012
v -72.7836 4.05509 16.2343
v -72.7732 3.94123 16.2881
v -72.7709 4.07963 16.2563
v -72.8066 4.11563 16.2659
v -72.7454 4.06613 16.3
v -72.7643 4.09735 16.3452
v -72.7257 4.02796 16.3304
v -72.7701 4.11038 16.3773
v -72.7282 4.05648 16.4335
v -72.6661 3.66563 16.4331
v -72.996 4.1022 16.4693
v -72.7374 4.07627 16.4593
v -72.6455 3.66655 16.5428
v -72.6346 3.25727 16.4994
v -72.6619 3.66755 16.5598
v -72.6224 3.25792 16.6194
v -72.5862 2.88689 16.5714
v -72.5725 2.88736 16.7089
v -72.5756 2.51651 16.6057
v -72.6421 3.25878 16.6436
v -72.5591 2.51679 16.7435
v -72.5742 2.04292 16.6375
v -72.591 2.88802 16.7288
v -72.9148 3.26208 16.7944
v -72.8953 2.88802 16.865
v -72.9417 3.66622 16.6873
v -73.2244 2.88802 16.9109
v -72.9741 4.06717 16.5575
v -73.2417 3.26016 16.83
v -73.2416 3.65994 16.7197
v -73.2424 4.05857 16.5935
v -72.6131 3.25726 14.092
v -72.568 3.65699 14.1209
v -72.5185 3.25996 14.0177
v -72.6695 3.65318 14.1916
v -72.7337 4.00308 14.304
v -72.5425 3.65916 14.1192
v -72.4941 3.26089 14.0179
v -72.6214 4.03777 14.2508
v -72.6662 4.06362 14.3079
v -72.7458 4.02632 14.329
v -72.5902 4.05557 14.2445
v -72.7358 4.08704 14.3916
v -72.7628 4.04461 14.3591
v -72.7755 4.03543 14.3805
v -72.6396 4.08874 14.31
v -72.7255 4.11553 14.4111
v -72.7501 4.07183 14.4161
v -72.7494 3.94124 14.34
v -72.7732 3.94124 14.3221
v -72.7267 3.94124 14.3596
v -72.7418 4.0902 14.4384
v -72.5794 4.07254 14.5629
v -72.5494 3.94124 14.5025
v -72.411 3.94124 14.692
v -72.5595 4.10536 14.5434
v -72.4429 4.08222 14.7408
v -72.4216 4.0624 14.7486
v -72.463 4.09349 14.4462
v -72.4151 4.10734 14.7242
v -72.3932 3.94124 14.7142
v -72.3865 4.02522 14.7734
v -72.3777 3.94124 14.7376
v -72.3643 4.05023 14.7602
v -72.3969 4.08728 14.7338
v -72.3401 4.03661 14.7458
v -72.3182 4.06949 14.6925
v -72.3247 4.0042 14.7338
v -72.299 4.08491 14.6559
v -72.24 4.03719 14.6362
v -72.2351 4.0566 14.6019
v -72.4042 4.0634 14.3853
v -72.1247 3.6597 14.5359
v -72.3099 3.66314 14.2964
v -72.1328 3.65729 14.5698
v -72.2262 3.65364 14.6769
v -72.1367 3.25706 14.6252
v -72.0219 3.25982 14.5084
v -72.0674 2.88668 14.5852
v -72.2286 3.26089 14.2205
v -72.4671 2.88805 13.9423
v -72.1733 2.88805 14.1652
v -72.0237 3.2609 14.4851
v -71.9553 2.88726 14.4848
v -72.0196 2.5163 14.5577
v -71.9082 2.51666 14.4255
v -71.9527 2.88805 14.4538
v -71.9111 2.51718 14.3944
v -74.2494 0.155927 15.8726
v -74.2381 0.110741 15.8464
v -74.2597 0.155927 15.8495
v -74.2384 0.0759825 15.8175
v -74.2681 0.155927 15.8254
v -74.2605 0.076236 15.86
v -74.2341 0.067733 15.7856
v -74.3574 0.155927 15.5989
v -74.2635 0.0462801 15.8323
v -74.3236 0.0900676 15.5695
v -74.303 0.0867267 15.8843
v -74.3878 0.155927 15.3557
v -74.2627 0.0333042 15.8021
v -74.3479 0.0561943 15.8776
v -74.3479 0.114364 15.903
v -74.3696 0.0425017 15.8628
v -74.3555 0.0557787 15.5781
v -74.4457 0.0915341 15.9171
v -74.4469 0.455484 15.9599
v -74.3515 0.0658734 15.3665
v -74.5548 0.451157 15.972
v -74.3708 0.0736778 15.3436
v -74.5423 0.828075 16.0021
v -74.3918 0.155927 15.3305
v -74.3843 0.0344665 15.3665
v -74.3853 0.101243 15.3101
v -74.3942 0.155927 15.3051
v -74.4113 0.0697803 15.3135
v -74.4002 0.045836 15.3448
v -74.448 0.0798929 15.3134
v -74.5069 0.0434065 15.3676
v -74.4924 0.0552938 15.3443
v -74.5048 0.106041 15.3083
v -74.6116 0.0914018 15.3512
v -74.6185 0.451229 15.2894
v -74.4745 0.0653663 15.6099
v -74.6182 0.0791855 15.3746
v -74.7313 0.447158 15.3426
v -74.7132 0.827888 15.3051
v -74.7398 0.44597 15.3625
v -74.5818 0.101633 15.645
v -74.475 0.0792096 15.9027
v -74.6989 0.460952 15.6866
v -74.5817 0.44945 15.9611
v -74.8405 0.82258 15.3683
v -74.7962 0.822766 15.7126
v -74.6473 0.824158 16.0216
v -74.6021 1.19845 16.0493
v -74.6675 0.822579 16.0063
v -74.71 1.19745 16.0597
v -74.648 1.56883 16.0757
v -74.7586 1.56801 16.0941
v -74.6736 2.04242 16.0905
v -74.7334 1.19613 16.0513
v -74.8698 1.19613 15.7221
v -74.9163 1.19613 15.3798
v -74.9259 1.567 15.7371
v -74.7832 1.567 16.0829
v -74.7876 2.04226 16.1025
v -72.2419 0.13154 15.2984
v -72.2354 0.155928 15.3308
v -72.2329 0.155928 15.3051
v -72.2566 0.0966163 15.3283
v -72.2159 0.096944 15.2982
v -72.2393 0.155928 15.3564
v -72.2759 0.0846499 15.3498
v -72.2275 0.064894 15.3283
v -72.1881 0.10773 15.2985
v -72.243 0.0503507 15.3498
v -72.3062 0.0846245 15.581
v -72.2697 0.155927 15.5989
v -72.13 0.0730205 15.3272
v -72.1479 0.134176 15.3051
v -72.2745 0.0503316 15.5895
v -72.384 0.0846034 15.7754
v -72.3569 0.155927 15.82
v -72.0187 0.115319 15.3393
v -72.1124 0.0659368 15.3509
v -72.0435 0.465479 15.3051
v -72.3776 0.0930536 15.8048
v -72.3665 0.155927 15.8467
v -72.3564 0.0503156 15.7912
v -72.3817 0.130113 15.8415
v -72.3777 0.155927 15.8726
v -72.3604 0.0960908 15.8544
v -72.3534 0.0603383 15.8189
v -72.3432 0.107301 15.8647
v -72.2456 0.0659013 15.853
v -72.2685 0.0745696 15.8651
v -72.2954 0.133954 15.8937
v -72.1883 0.124375 15.9077
v -72.1983 0.465543 15.9495
v -72.1481 0.0659175 15.6234
v -72.1584 0.114692 15.8945
v -72.0731 0.457232 15.9571
v -72.0178 0.114693 15.3668
v -72.1171 0.828603 15.9962
v -72.0541 0.114692 15.6425
v -71.8989 0.449471 15.3687
v -71.9008 0.456861 15.3395
v -71.9532 0.828252 15.3051
v -71.939 0.449471 15.6733
v -71.8033 0.814348 15.3842
v -71.8146 0.820509 15.3569
v -71.8731 1.19863 15.3051
v -71.7266 1.18714 15.3885
v -71.7396 1.19303 15.3586
v -71.7881 1.56901 15.3051
v -72.0547 0.449471 15.9438
v -71.8418 0.814348 15.6993
v -71.9548 0.814348 15.9805
v -71.7704 1.18714 15.7155
v -71.7408 1.56684 15.7264
v -71.9735 0.820864 15.9979
v -72.0477 1.19898 16.0363
v -71.9107 1.18714 16.0329
v -71.929 1.1933 16.0476
v -71.9992 1.56936 16.0643
v -71.879 1.56684 16.0733
v -71.8949 1.56828 16.084
v -72.2952 0.428036 16.3235
v -72.0663 0.414203 16.0252
v -72.0766 0.433507 16.0192
v -71.9225 0.424692 15.6779
v -71.934 0.443996 15.6748
v -72.0022 0.39726 16.0623
v -71.8509 0.407748 15.697
v -71.8734 0.43441 15.3051
v -71.8853 0.453714 15.3051
v -71.934 0.453714 14.9355
v -71.7993 0.417466 15.3051
v -71.9225 0.43441 14.9324
v -72.0766 0.464946 14.591
v -71.833 0.425668 15.7018
v -72.0663 0.445642 14.585
v -72.3036 0.461044 14.2952
v -71.8509 0.417466 14.9132
v -71.7808 0.435385 15.3051
v -71.9861 0.415179 16.0715
v -71.6998 0.767122 15.3051
v -71.833 0.435385 14.9084
v -72.2297 0.429012 16.389
v -71.7548 0.778129 15.7228
v -71.916 0.789881 16.112
v -72.1725 0.7888 16.4462
v -72.5052 0.778129 16.704
v -72.1777 0.814684 16.441
v -71.9224 0.815765 16.1083
v -72.5089 0.804013 16.6977
v -72.8978 0.804013 16.8567
v -72.5413 0.820953 16.6415
v -72.2236 0.831624 16.3951
v -71.7619 0.804013 15.7209
v -72.5513 0.809456 16.6242
v -71.9786 0.832705 16.0759
v -72.2377 0.820127 16.381
v -71.8246 0.820953 15.7041
v -71.7072 0.793006 15.3051
v -71.9959 0.821208 16.0659
v -73.8539 0.155928 14.3221
v -73.8783 0.155928 14.3408
v -73.8539 0.125514 14.3547
v -73.8772 0.0889869 14.4094
v -73.8667 0.0926108 14.357
v -73.9019 0.155928 14.3608
v -73.8906 0.0595994 14.3867
v -73.8854 0.103294 14.324
v -73.8885 0.0801485 14.4401
v -74.0777 0.155928 14.5025
v -73.9049 0.0458636 14.4117
v -73.9524 0.0763916 14.2861
v -73.9072 0.133944 14.2764
v -73.9776 0.0704072 14.2897
v -73.9769 0.117309 14.2385
v -73.9561 0.465393 14.1764
v -74.0717 0.0458636 14.5398
v -73.9993 0.0953459 14.2425
v -74.0486 0.0801522 14.5629
v -74.2154 0.155928 14.6911
v -74.0558 0.452339 14.1098
v -74.012 0.828314 14.095
v -74.0798 0.449425 14.1147
v -74.1116 0.816066 14.0248
v -74.0562 1.19869 14.0375
v -74.1854 0.0573626 14.7413
v -74.167 1.18758 13.9714
v -74.1022 1.56907 13.99
v -74.1313 0.814303 14.027
v -74.2138 0.0229015 14.7249
v -74.2153 0.0681937 14.7512
v -74.2334 0.156564 14.7134
v -74.2504 0.157113 14.7364
v -74.2444 0.100141 14.774
v -74.2671 0.065361 14.7614
v -74.2405 0.035851 14.7368
v -74.3045 0.0759723 14.7394
v -74.3361 0.0469725 14.6518
v -74.3346 0.0525925 14.68
v -74.3471 0.103395 14.7088
v -74.3858 0.0854411 14.6433
v -74.435 0.450082 14.6511
v -74.1721 0.0704072 14.4388
v -74.3776 0.0691732 14.6213
v -74.2123 0.0953459 14.406
v -74.4953 0.436183 14.5238
v -74.5007 0.437783 14.5482
v -74.5175 0.82824 14.6005
v -74.3223 0.449425 14.2959
v -74.5886 0.816099 14.4953
v -74.5848 0.814303 14.4712
v -74.3935 0.814303 14.2247
v -74.6628 1.18756 14.4809
v -74.5907 1.19862 14.5953
v -74.6606 1.18606 14.459
v -74.6532 1.569 14.5447
v -74.4494 1.18606 14.1688
v -74.6979 1.56543 14.4421
v -74.7037 1.56664 14.469
v -74.6739 2.04259 14.5196
v -74.1861 1.18606 13.975
v -74.7153 2.04231 14.4532
v -74.4787 1.56543 14.1394
v -74.2024 1.56669 13.9333
v -74.2231 1.56543 13.9347
v -73.316 0.0986912 14.2187
v -73.2875 0.155928 14.1728
v -73.3136 0.155928 14.1701
v -73.2974 0.0648298 14.2311
v -73.3187 0.0650449 14.1939
v -73.2614 0.155928 14.1773
v -73.2971 0.0340254 14.2032
v -73.3226 0.0751359 14.1559
v -73.2786 0.0514944 14.2481
v -73.0474 0.0515075 14.2825
v -73.0339 0.155928 14.2087
v -73.2785 0.0171993 14.2163
v -73.2989 0.0505486 14.087
v -73.3222 0.107968 14.1149
v -73.2769 0.0417426 14.0745
v -73.2936 0.0910351 14.0466
v -73.3132 0.452329 13.9968
v -72.8682 0.0374601 14.3631
v -72.8212 0.155928 14.3013
v -72.8354 0.044467 14.3579
v -72.7963 0.155928 14.3104
v -72.8519 0.00307894 14.3349
v -72.7746 0.0818539 14.3787
v -72.7732 0.155928 14.3221
v -72.7616 0.0477479 14.3565
v -72.8209 0.0107219 14.3329
v -72.747 0.0586267 14.3306
v -73.039 0.0172093 14.251
v -72.7839 0.0273738 14.2104
v -72.7681 0.0375543 14.2347
v -72.7307 0.0889829 14.2963
v -73.0014 0.0417531 14.1109
v -72.7443 0.0702106 14.1827
v -72.6584 0.443037 14.1922
v -73.2743 0.0692976 14.0358
v -72.984 0.0685958 14.0769
v -72.7614 0.0523367 14.1651
v -72.6565 0.42974 14.0611
v -72.5964 0.828562 14.1176
v -72.6685 0.427523 14.0459
v -72.9446 0.435732 13.9285
v -73.2567 0.436086 13.8936
v -72.6042 0.815845 13.9729
v -72.5629 1.19894 14.0447
v -72.622 0.813984 13.9598
v -72.5582 1.19225 13.9121
v -72.5392 1.56932 13.9817
v -72.5687 1.19065 13.9028
v -72.9186 0.813984 13.8312
v -72.9023 1.19065 13.7645
v -72.531 1.56699 13.8842
v -72.524 2.04291 13.958
v -72.541 1.56564 13.8714
v -72.8897 1.56564 13.7232
v -73.254 1.19065 13.7182
v -73.2396 0.813984 13.7882
v -73.8258 0.155928 14.3086
v -73.8539 0.155928 14.3221
v -73.8539 0.125514 14.3547
v -73.8086 0.0880611 14.3762
v -73.8667 0.0926108 14.357
v -73.7966 0.155928 14.2972
v -73.7828 0.0780269 14.379
v -73.8229 0.0553596 14.3511
v -73.8854 0.103294 14.324
v -73.7991 0.0438042 14.3507
v -73.5807 0.0705667 14.2948
v -73.5932 0.155928 14.2087
v -73.3671 0.155928 14.1775
v -73.8769 0.0724161 14.2643
v -73.9072 0.133944 14.2764
v -73.8643 0.0584719 14.245
v -73.9172 0.104645 14.162
v -73.9561 0.465393 14.1764
v -73.3693 0.055336 14.2555
v -73.9584 0.463082 14.0653
v -74.012 0.828314 14.095
v -73.3488 0.0664785 14.2343
v -73.3404 0.155928 14.1729
v -73.3693 0.0209253 14.2236
v -73.316 0.0986912 14.2187
v -73.3136 0.155928 14.1701
v -73.3187 0.0650449 14.1939
v -73.3487 0.0339887 14.2071
v -73.3226 0.0751359 14.1559
v -73.5892 0.0362761 14.2632
v -73.6213 0.0507722 14.1424
v -73.3705 0.0351 14.0966
v -73.3485 0.0547888 14.1093
v -73.3222 0.107968 14.1149
v -73.3574 0.0938737 14.0126
v -73.3132 0.452329 13.9968
v -73.3787 0.0720471 14.0045
v -73.3643 0.450896 13.9016
v -73.3048 0.828162 13.9027
v -73.379 0.448581 13.8893
v -73.652 0.0841489 14.0405
v -73.9033 0.0932734 14.1454
v -73.6811 0.454694 13.9291
v -73.9484 0.45832 14.0369
v -73.3669 0.82524 13.7983
v -73.7072 0.82524 13.8318
v -74.0151 0.827146 13.9784
v -74.0562 1.19869 14.0375
v -74.0077 0.824242 13.9527
v -74.06 1.1977 13.9056
v -74.1022 1.56907 13.99
v -74.1086 1.56823 13.8639
v -74.1216 2.04266 13.9546
v -74.0477 1.19611 13.8843
v -74.1315 2.04244 13.8433
v -73.7292 1.19611 13.7524
v -74.0986 1.56698 13.8475
v -74.0872 2.51663 13.8487
v -74.119 2.04206 13.8297
v -74.0756 2.51625 13.9849
v -73.7443 1.56698 13.6963
v -73.7523 2.04206 13.6661
v -73.314 0.0909477 16.4357
v -73.2771 0.0440533 16.391
v -73.2773 0.0647788 16.4794
v -73.2539 0.0553682 16.4941
v -73.3141 0.080458 16.4026
v -73.2774 0.0775337 16.3619
v -73.3145 0.113244 16.3765
v -73.2851 0.155927 16.4372
v -73.3136 0.155927 16.4402
v -73.2567 0.155927 16.4323
v -73.2576 0.0305462 16.3749
v -73.2576 0.0647316 16.342
v -73.0339 0.155927 16.4015
v -73.0379 0.0514426 16.3141
v -73.0295 0.0171609 16.3454
v -72.9989 0.0417073 16.4589
v -73.2424 0.0998552 16.6054
v -72.9725 0.0820487 16.5698
v -72.9434 0.446358 16.6854
v -72.8507 0.0514348 16.2355
v -72.8276 0.155927 16.3118
v -72.8343 0.0171549 16.2638
v -72.8175 0.065115 16.2427
v -72.7997 0.155927 16.3012
v -72.7826 0.0979587 16.2362
v -72.7732 0.155927 16.2881
v -72.7697 0.0642672 16.2587
v -72.8031 0.0318024 16.2678
v -72.7563 0.0751522 16.2797
v -72.7643 0.0488994 16.3401
v -72.7242 0.106342 16.324
v -72.7749 0.0416987 16.3682
v -72.699 0.105907 16.4521
v -72.6687 0.45172 16.42
v -72.7226 0.0820484 16.4663
v -72.6547 0.446358 16.575
v -72.6378 0.449695 16.5579
v -72.6218 0.828569 16.5014
v -72.6075 0.827229 16.6314
v -72.6 1.19895 16.5619
v -72.9174 0.825256 16.7826
v -73.2194 0.825256 16.8196
v -73.2193 1.19612 16.9048
v -72.6164 0.825256 16.6579
v -72.8953 1.19612 16.865
v -72.8803 1.56699 16.9211
v -72.5839 1.19774 16.7018
v -72.5837 1.56933 16.6107
v -72.5976 1.19612 16.7259
v -72.5677 1.56833 16.7672
v -72.5656 2.04259 16.8016
v -72.5817 1.56699 16.8004
v -72.5804 2.04207 16.8276
v -72.8722 2.04207 16.9513
v -72.3829 4.02643 15.8492
v -72.3777 3.94124 15.8726
v -72.3937 3.94124 15.8966
v -72.4146 4.07454 15.8663
v -72.3575 4.0582 15.8487
v -72.4119 3.94124 15.9194
v -72.3909 4.1027 15.8803
v -72.3163 4.04445 15.8722
v -72.4414 4.09744 15.8743
v -72.4137 4.12123 15.8902
v -72.5711 4.11232 16.0398
v -72.5494 3.94124 16.1077
v -72.5478 4.13624 16.063
v -72.724 3.94124 16.2485
v -72.3026 4.08362 15.9326
v -72.265 4.04856 15.9574
v -72.2909 4.09547 15.9631
v -72.2947 4.00945 15.8868
v -72.7467 4.11232 16.1745
v -72.7303 4.13624 16.203
v -72.7568 4.09204 16.2024
v -72.7481 3.94123 16.2692
v -72.7836 4.05509 16.2343
v -72.7732 3.94123 16.2881
v -72.7709 4.07963 16.2563
v -72.7423 4.1163 16.2272
v -72.7454 4.06613 16.3
v -72.6815 4.09751 16.3223
v -72.7257 4.02796 16.3304
v -72.6566 4.11082 16.3259
v -72.6595 4.05868 16.3607
v -72.4441 4.1043 16.1661
v -72.6345 4.07719 16.3634
v -72.4274 4.07267 16.191
v -72.2655 4.06611 15.9799
v -72.5437 3.67944 16.492
v -72.5633 3.67817 16.4969
v -72.6661 3.66563 16.4331
v -72.5146 3.26933 16.5778
v -72.6346 3.25727 16.4994
v -72.5862 2.88689 16.5714
v -72.4848 2.8898 16.6421
v -72.5756 2.51651 16.6057
v -72.489 3.27018 16.5808
v -72.4736 2.51669 16.6736
v -72.5742 2.04292 16.6375
v -72.4647 2.89036 16.6362
v -72.3112 3.67715 16.3067
v -72.2332 3.27018 16.3845
v -72.13 3.67383 16.0706
v -72.0346 3.27018 16.1256
v -72.1309 3.67179 16.0471
v -72.1882 3.65861 15.9556
v -72.0344 3.26938 16.1011
v -72.113 3.2573 15.9986
v -72.0472 2.88692 16.0366
v -71.98 2.88984 16.1253
v -71.9993 2.51654 16.0642
v -71.9793 2.89036 16.15
v -71.9377 2.51675 16.1418
v -71.9735 2.04295 16.0791
v -72.1914 2.89035 16.4265
v -71.9406 2.517 16.1674
v -71.9103 2.04248 16.1563
v -71.9346 1.5675 16.1476
v -71.9135 2.04192 16.183
v -71.9992 1.56936 16.0643
v -72.4477 2.517 16.6753
v -72.1621 2.517 16.4562
v -72.4501 2.04246 16.7
v -72.4253 2.04192 16.694
v -72.14 2.04192 16.4782
v -74.2342 0.155927 15.8955
v -74.2381 0.110741 15.8464
v -74.2494 0.155927 15.8726
v -74.2061 0.0729548 15.8675
v -74.2605 0.076236 15.86
v -74.2169 0.155927 15.9172
v -74.233 0.0410764 15.8819
v -74.303 0.0867267 15.8843
v -74.1813 0.0604961 15.877
v -74.3305 0.0579419 15.9387
v -74.3479 0.114364 15.903
v -74.2095 0.0262771 15.8934
v -74.0542 0.0514591 16.0459
v -74.0777 0.155927 16.1077
v -73.8969 0.155927 16.2534
v -74.3316 0.0510037 15.9669
v -74.0765 0.0171731 16.0683
v -73.8778 0.0514898 16.1814
v -73.869 0.0604975 16.2112
v -73.8759 0.155927 16.2716
v -73.8935 0.0171962 16.2087
v -73.8479 0.0988004 16.2382
v -73.8539 0.155927 16.2881
v -73.8606 0.0650649 16.2595
v -73.8831 0.0294039 16.2352
v -73.872 0.0754373 16.2785
v -73.9633 0.0417402 16.3265
v -73.9364 0.0504062 16.3245
v -73.9051 0.110404 16.3292
v -74.1737 0.0417166 16.1656
v -73.9661 0.0890768 16.3769
v -73.9942 0.0706775 16.3717
v -74.2123 0.0674126 16.2043
v -74.0761 0.437544 16.4957
v -74.0409 0.440705 16.5004
v -73.9607 0.453572 16.4256
v -74.0922 0.816516 16.5841
v -74.0078 0.82821 16.5075
v -74.3759 0.0734936 15.9912
v -74.1122 1.19745 16.636
v -74.0363 1.19859 16.5916
v -74.0441 1.56897 16.6261
v -74.1435 1.19597 16.6297
v -74.1333 1.56805 16.6775
v -74.0818 2.04256 16.6354
v -74.384 0.0938363 15.9667
v -74.5018 0.438969 16.0702
v -74.5107 0.44226 16.0473
v -74.4469 0.455484 15.9599
v -74.6134 0.816353 16.0941
v -74.5423 0.828075 16.0021
v -74.6021 1.19845 16.0493
v -74.3174 0.435894 16.3106
v -74.611 0.814738 16.1134
v -74.6442 1.19731 16.114
v -74.648 1.56883 16.0757
v -74.64 1.19597 16.1313
v -74.692 1.56792 16.1424
v -74.6736 2.04242 16.0905
v -74.3886 0.814738 16.3817
v -74.1265 0.814738 16.5829
v -74.4232 1.19597 16.4151
v -74.6876 1.56684 16.1651
v -74.1723 1.56684 16.6802
v -74.4643 1.56684 16.4562
v -74.7196 2.04219 16.1607
v -74.7147 2.04192 16.1807
v -74.4864 2.04192 16.4782
v -74.6951 2.51645 16.1388
v -74.6486 2.51602 16.0522
v -74.6876 2.517 16.1651
v -74.4643 2.517 16.4562
v -74.2079 2.04192 16.6973
v -74.6547 2.88971 16.1286
v -74.6086 2.88639 16.0404
v -74.5405 3.25677 16.0067
v -74.6509 2.89051 16.15
v -74.6077 3.27039 16.0919
v -74.44 3.65947 15.958
v -74.6069 3.27146 16.1145
v -74.437 2.89051 16.4288
v -74.3934 3.27146 16.3859
v -74.5048 3.67375 16.0465
v -74.3323 4.01614 15.8981
v -74.5011 3.67561 16.0652
v -74.3561 4.05014 15.9577
v -74.3115 4.04682 15.8887
v -74.3155 3.67561 16.308
v -74.1217 3.27146 16.6022
v -74.199 4.07679 16.191
v -74.3603 4.06703 15.9809
v -74.3252 4.07904 15.9378
v -74.2342 4.09746 15.8837
v -74.2584 4.06081 15.8582
v -74.3345 4.09356 15.9687
v -74.2095 4.1174 15.8934
v -74.2094 4.07287 15.8691
v -74.2363 4.03569 15.8453
v -74.2342 3.94123 15.8955
v -74.2494 3.94123 15.8726
v -74.2169 3.94124 15.9172
v -74.1813 4.09347 15.877
v -74.0542 4.10323 16.0459
v -74.0777 3.94124 16.1077
v -73.8969 3.94124 16.2534
v -74.0765 4.12716 16.0683
v -73.8777 4.07186 16.1814
v -74.1767 4.10332 16.1687
v -73.8935 4.09563 16.2088
v -73.8713 4.04948 16.2072
v -73.8759 3.94124 16.2716
v -73.8469 4.01188 16.2365
v -73.8539 3.94124 16.2881
v -73.8591 4.03575 16.2572
v -73.8851 4.07335 16.2309
v -73.8775 4.02182 16.2887
v -73.9375 4.05469 16.3219
v -73.9656 4.07138 16.3302
v -73.9846 4.04163 16.3554
v -73.9532 4.01873 16.3503
v -73.8958 3.98702 16.3133
v -74.0829 3.66275 16.4767
v -74.0595 3.65957 16.4845
v -73.9544 3.64498 16.4148
v -74.0899 3.27041 16.6019
v -73.9984 3.25691 16.5224
v -74.1208 2.88974 16.6562
v -74.0316 2.88653 16.5751
v -74.0684 2.51615 16.6121
v -74.1551 2.89051 16.6489
v -74.1634 2.51651 16.6751
v -74.1975 2.517 16.6672
v -74.1725 2.04228 16.6911
v -74.7131 2.04192 14.4274
v -74.4864 2.04192 14.1319
v -74.2089 2.04192 13.9124
v -74.1884 2.04232 13.9112
v -74.1216 2.04266 13.9546
v -74.4716 2.517 14.1435
v -74.6902 2.517 14.445
v -74.1838 2.517 13.9241
v -74.1646 2.51658 13.9275
v -74.0756 2.51625 13.9849
v -74.158 2.89224 13.9655
v -74.0414 2.88663 14.0444
v -74.4511 2.89807 14.1677
v -74.1831 2.89807 13.9607
v -74.1176 3.26283 14.0433
v -73.9959 3.25701 14.1231
v -74.0683 3.66061 14.1431
v -73.9567 3.65413 14.2242
v -73.9029 4.00522 14.2946
v -74.1496 3.26894 14.037
v -73.9722 4.03662 14.2684
v -73.947 4.07274 14.305
v -73.8892 4.0409 14.3177
v -74.0936 3.66761 14.1395
v -73.9947 4.05611 14.2614
v -73.8932 4.09093 14.3977
v -73.8653 4.05443 14.3596
v -73.8528 4.03294 14.3812
v -73.9049 4.11081 14.4117
v -73.9794 4.08698 14.287
v -74.1972 4.05809 14.4169
v -74.1746 4.08698 14.4363
v -74.0717 4.11081 14.5398
v -73.8885 4.08947 14.4401
v -73.879 4.0696 14.4223
v -73.8783 3.94124 14.3408
v -73.8539 3.94124 14.3221
v -73.9019 3.94124 14.3608
v -74.0486 4.08688 14.5629
v -74.0777 3.94124 14.5025
v -74.2154 3.94124 14.6911
v -74.1854 4.08562 14.7412
v -74.2051 4.06459 14.7501
v -74.2329 3.94124 14.7141
v -74.2494 3.94124 14.7376
v -74.2591 4.02651 14.7869
v -74.2205 4.08912 14.7384
v -74.281 4.05159 14.7738
v -74.2137 4.10954 14.7248
v -74.3384 4.08568 14.6502
v -74.3373 4.0708 14.6718
v -74.3352 4.03795 14.753
v -74.36 4.00328 14.7415
v -74.3647 4.05548 14.635
v -74.3667 4.03373 14.655
v -74.4493 3.65312 14.6551
v -74.496 3.6673 14.5444
v -74.502 3.66004 14.5623
v -74.53 3.25694 14.5992
v -74.3119 3.66862 14.3047
v -74.5897 3.26894 14.4871
v -74.3908 3.26894 14.228
v -74.5897 3.26275 14.5123
v -74.5956 2.8885 14.532
v -74.6635 2.89807 14.4483
v -74.6626 2.89219 14.4697
v -74.6942 2.51653 14.4688
v -74.6478 2.51618 14.5234
v -72.4668 1.56748 16.6801
v -72.5837 1.56933 16.6107
v -72.1577 1.5661 16.4606
v -72.4433 1.5661 16.6798
v -72.4881 1.19448 16.6357
v -72.6 1.19895 16.5619
v -72.6218 0.828569 16.5014
v -71.9362 1.5661 16.1719
v -72.1929 1.19281 16.4261
v -72.4662 1.19281 16.6359
v -72.513 0.816041 16.5794
v -72.562 0.438188 16.4949
v -72.6687 0.45172 16.42
v -72.4904 0.814127 16.5797
v -72.2347 0.814127 16.3835
v -71.9808 1.19281 16.1497
v -71.9758 1.19453 16.1285
v -72.7746 0.0818539 14.3787
v -72.7494 0.155928 14.34
v -72.7732 0.155928 14.3221
v -72.7529 0.0440822 14.4074
v -72.7616 0.0477479 14.3565
v -72.7267 0.155928 14.3596
v -72.7384 0.0117235 14.3825
v -72.747 0.0586267 14.3306
v -72.7418 0.0342863 14.4385
v -72.6935 0.0258832 14.3077
v -72.7307 0.0889829 14.2963
v -72.7255 2.38419e-7 14.4102
v -72.6641 0.0118616 14.3061
v -72.6197 0.0688955 14.2043
v -72.6584 0.443037 14.1922
v -72.5567 2.38419e-7 14.5399
v -72.5986 0.049345 14.2114
v -72.5507 0.440441 14.1226
v -72.5964 0.828562 14.1176
v -72.5333 0.437313 14.1279
v -72.4717 0.0118563 14.455
v -72.4923 0.827048 14.0424
v -72.5629 1.19894 14.0447
v -72.3841 0.0493453 14.3761
v -72.4748 0.82528 14.0461
v -72.4629 1.19773 13.9701
v -72.5392 1.56932 13.9817
v -72.4457 1.19615 13.9712
v -72.3047 0.437313 14.2967
v -72.2335 0.82528 14.2255
v -72.4592 1.56828 13.9019
v -72.524 2.04291 13.958
v -72.4387 1.56702 13.9023
v -72.1733 1.19615 14.1652
v -72.0339 0.82528 14.4856
v -72.4341 2.0421 13.8709
v -72.4513 2.04257 13.8737
v -72.4655 2.5168 13.9031
v -72.537 2.5165 13.9781
v -72.4435 2.51718 13.8977
v -72.4881 2.8874 13.9444
v -72.5701 2.88688 14.032
v -72.1322 2.51718 14.1241
v -72.1101 2.0421 14.102
v -72.1322 1.56702 14.1241
v -71.9055 2.0421 14.344
v -71.935 1.56702 14.3836
v -71.8919 2.04246 14.3733
v -71.9769 1.19615 14.4402
v -71.9367 1.5682 14.4178
v -71.9788 1.19764 14.4711
v -71.9938 2.04271 14.5135
v -72.0153 1.56912 14.5325
v -72.0605 1.19874 14.5944
v -72.0355 0.82704 14.5177
v -72.1367 0.828362 14.6252
v -72.1211 0.441751 14.536
v -72.1239 0.445412 14.5706
v -72.218 0.448039 14.6721
v -72.2109 0.0818306 14.6204
v -72.3001 0.0991881 14.7194
v -72.2182 0.05812 14.5923
v -72.3059 0.0438972 14.6891
v -72.3389 0.0686982 14.7449
v -72.3086 0.0202861 14.662
v -72.3925 0.0269332 14.7352
v -72.3621 0.0580595 14.7588
v -72.4143 0.00826406 14.7242
v -72.4176 0.0584486 14.7502
v -72.3847 0.0929523 14.7723
v -72.3932 0.155928 14.7142
v -72.3777 0.155928 14.7376
v -72.411 0.155928 14.692
v -72.4429 0.0424929 14.7408
v -72.5798 0.0342863 14.563
v -72.5494 0.155928 14.5025
v -74.8171 2.04208 16.0903
v -74.9561 2.04208 15.7452
v -74.9744 1.567 15.3804
v -75 2.04208 15.3948
v -74.7942 2.51716 16.0341
v -74.767 2.51653 16.0487
v -74.6486 2.51602 16.0522
v -74.9259 2.51716 15.7371
v -74.742 2.88802 16.0066
v -74.7225 2.88712 16.0242
v -74.6086 2.88639 16.0404
v -74.9681 2.51716 15.4084
v -74.8698 2.88803 15.7221
v -74.6631 3.25889 16.003
v -74.6394 3.25766 16.0184
v -74.5405 3.25677 16.0067
v -74.5628 3.66304 15.9554
v -74.5395 3.66098 15.9702
v -74.44 3.65947 15.958
v -74.4279 4.05026 15.9075
v -74.3323 4.01614 15.8981
v -74.7874 3.25889 15.7
v -74.3547 4.07849 15.8796
v -74.3115 4.04682 15.8887
v -74.9144 2.88802 15.3789
v -74.2665 4.09692 15.8254
v -74.2584 4.06081 15.8582
v -74.3798 4.09242 15.8682
v -74.4562 4.06719 15.8964
v -74.6815 3.66304 15.6681
v -74.2414 4.07234 15.8109
v -74.2363 4.03569 15.8453
v -74.2597 3.94123 15.8495
v -74.2494 3.94123 15.8726
v -74.2681 3.94124 15.8254
v -74.2342 4.09219 15.7855
v -74.3574 3.94124 15.5989
v -74.2627 4.11615 15.802
v -74.3236 4.08631 15.5695
v -74.3878 3.94124 15.3557
v -74.3555 4.11024 15.5781
v -74.3515 4.05522 15.3528
v -74.4865 4.08641 15.6131
v -74.3843 4.07898 15.3531
v -74.365 4.0448 15.3413
v -74.3918 3.94123 15.3305
v -74.3832 3.99068 15.3105
v -74.3942 3.94123 15.3051
v -74.4086 4.01792 15.3109
v -74.3982 4.07067 15.3397
v -74.5647 4.06719 15.6334
v -74.5992 4.03239 15.3649
v -74.4812 4.05025 15.3385
v -74.4638 4.00142 15.3106
v -74.5181 4.05468 15.3519
v -74.5337 4.0256 15.3433
v -74.4906 3.97665 15.3101
v -74.7096 3.64649 15.3525
v -74.6097 3.644 15.306
v -74.7208 3.65009 15.3711
v -74.7069 3.25658 15.2957
v -74.831 3.25889 15.3593
v -74.817 3.25761 15.3385
v -74.7806 2.88621 15.3014
v -74.9029 2.88703 15.3574
v -74.8285 2.51583 15.3066
v -74.9589 2.51642 15.3828
v -74.8687 2.04224 15.3046
v -74.994 2.04215 15.3703
v -74.9629 1.5679 15.3624
v -74.8502 1.56864 15.3115
v -74.9037 1.19729 15.364
v -74.7901 1.19827 15.3113
v -74.8272 0.824043 15.3485
v -73.4014 2.04192 16.9501
v -73.7345 1.56684 16.8775
v -73.3712 1.56684 16.9253
v -74.0818 2.04256 16.6354
v -74.0441 1.56897 16.6261
v -74.0459 1.56805 16.7463
v -74.0292 1.56684 16.7661
v -74.0109 1.19597 16.7106
v -73.7426 2.04192 16.9076
v -73.7345 2.517 16.8775
v -74.06 2.04192 16.7779
v -74.0794 2.04228 16.7575
v -74.0534 2.517 16.7456
v -74.0736 2.51652 16.7147
v -74.0684 2.51615 16.6121
v -74.0202 2.89016 16.7159
v -73.723 2.89016 16.8356
v -74.0389 2.88939 16.692
v -74.0316 2.88653 16.5751
v -73.9902 3.27139 16.6675
v -73.7083 3.27139 16.7817
v -73.4058 3.27139 16.8123
v -74.0088 3.27035 16.6467
v -73.9984 3.25691 16.5224
v -73.9515 3.66122 16.5627
v -73.6809 3.66583 16.6746
v -73.9667 3.65894 16.5418
v -73.9544 3.64498 16.4148
v -73.8799 4.03853 16.4146
v -73.4162 3.66953 16.6979
v -73.3947 3.66832 16.6899
v -73.3564 4.03676 16.5372
v -73.8882 4.01773 16.3872
v -73.8958 3.98702 16.3133
v -73.6396 4.04761 16.5138
v -73.3712 4.05493 16.55
v -73.3719 4.08654 16.521
v -73.8612 4.06942 16.3893
v -73.6322 4.0801 16.4847
v -73.5953 4.10393 16.3459
v -73.7929 4.0935 16.2653
v -73.7771 4.06967 16.2378
v -73.871 4.05394 16.3601
v -73.8775 4.02182 16.2887
v -73.8208 4.07242 16.2709
v -73.8591 4.03575 16.2572
v -73.8071 4.04853 16.2472
v -73.7968 3.94124 16.3129
v -73.8469 4.01188 16.2365
v -73.8257 3.94124 16.3013
v -73.8539 3.94124 16.2881
v -71.9735 2.04295 16.0791
v -71.6975 1.56684 15.3677
v -71.6496 2.04192 15.3609
v -71.7112 1.56804 15.3363
v -71.7643 2.0426 15.3051
v -71.6797 2.04229 15.3359
v -71.7052 2.51655 15.3334
v -71.7858 2.51619 15.3051
v -71.6923 2.517 15.3585
v -71.7504 2.88854 15.3259
v -71.8439 2.88657 15.2887
v -71.8085 3.26935 15.3253
v -71.9123 3.25695 15.2808
v -71.738 2.88928 15.3494
v -71.7408 2.517 15.7264
v -71.9161 3.65428 15.3446
v -72.0219 3.64093 15.2987
v -71.7952 3.27034 15.3455
v -71.7874 2.88928 15.7136
v -71.8401 3.27034 15.6993
v -71.907 3.65678 15.3659
v -72.081 4.01116 15.3342
v -72.146 3.97889 15.2999
v -71.9485 3.66397 15.6735
v -72.1282 4.0401 15.3319
v -72.1725 4.00748 15.2987
v -72.0679 4.03173 15.353
v -72.229 4.05881 15.3314
v -72.2186 4.02157 15.2985
v -72.0956 4.05626 15.3515
v -72.243 4.08041 15.3497
v -72.2579 4.03426 15.3313
v -72.2441 3.99647 15.2984
v -72.2759 4.0566 15.3497
v -72.2354 3.94124 15.3308
v -72.2329 3.94124 15.3051
v -72.2393 3.94124 15.3564
v -72.3062 4.07438 15.581
v -72.2697 3.94124 15.5989
v -72.2745 4.09831 15.5895
v -72.3593 4.08925 15.7456
v -72.3569 3.94124 15.82
v -72.1321 4.07447 15.6277
v -72.3317 4.1133 15.7614
v -72.3572 4.07105 15.7752
v -72.3665 3.94124 15.8467
v -72.3829 4.02643 15.8492
v -72.3777 3.94124 15.8726
v -72.3575 4.0582 15.8487
v -72.3388 4.09369 15.7929
v -72.3163 4.04445 15.8722
v -72.2451 4.07092 15.8412
v -72.2947 4.00945 15.8868
v -72.2056 4.08979 15.8293
v -72.1971 4.03907 15.865
v -72.1882 3.65861 15.9556
v -72.107 4.046 15.6347
v -72.1802 4.06118 15.8457
v -74.0703 2.51714 13.8333
v -74.0714 2.88976 13.9096
v -74.0414 2.88663 14.0444
v -74.0574 2.89055 13.8909
v -73.7443 2.51714 13.6963
v -73.401 2.04206 13.6177
v -74.0267 3.25787 13.9753
v -73.9959 3.25701 14.1231
v -74.0052 3.25887 13.9582
v -73.7292 2.88801 13.7524
v -73.3788 2.51714 13.6481
v -73.9648 3.65531 14.0887
v -73.9567 3.65413 14.2242
v -73.9556 3.65702 14.0623
v -73.9039 4.0353 14.1848
v -73.9029 4.00522 14.2946
v -73.7072 3.25887 13.8347
v -73.8943 4.05514 14.1615
v -73.3731 2.88801 13.7052
v -73.6786 3.65572 13.9412
v -73.3784 3.25946 13.7895
v -73.3544 2.88713 13.7168
v -73.3607 3.25771 13.8001
v -73.2956 2.88648 13.8377
v -73.3081 2.5161 13.7877
v -73.3188 3.25686 13.9073
v -73.3666 2.51656 13.6524
v -73.3134 2.04251 13.7565
v -73.3797 2.04233 13.6265
v -73.3772 3.64663 13.9141
v -73.3412 3.64483 14.0133
v -73.3834 1.56815 13.6452
v -73.3266 1.56892 13.7699
v -73.4001 1.56698 13.6412
v -73.3632 1.19761 13.7106
v -73.3133 1.19854 13.8264
v -73.3791 1.19611 13.7063
v -73.3543 0.82697 13.809
v -73.367 4.01578 14.0274
v -73.3158 3.97861 14.1216
v -73.3907 3.64983 13.8961
v -73.3549 4.05827 14.1097
v -73.3159 4.01726 14.1492
v -73.6471 4.05257 14.0588
v -73.3812 4.03976 14.0154
v -73.3707 4.0741 14.0929
v -73.3559 4.07666 14.2055
v -73.3164 4.03083 14.1966
v -73.6234 4.08698 14.1343
v -73.355 4.05263 14.2402
v -73.3693 4.0982 14.2236
v -73.3162 4.00688 14.2207
v -73.3404 3.94124 14.1729
v -73.3136 3.94124 14.1701
v -73.3671 3.94124 14.1775
v -73.3693 4.07406 14.2555
v -73.5892 4.11081 14.2632
v -73.5807 4.08535 14.2948
v -73.5932 3.94124 14.2087
v -73.8643 4.08698 14.234
v -73.7991 4.11081 14.3507
v -73.8763 4.07272 14.2543
v -73.8892 4.0409 14.3177
v -73.8174 4.09093 14.3521
v -73.8653 4.05443 14.3596
v -73.7828 4.08917 14.379
v -73.7966 3.94124 14.2972
v -73.8032 4.06948 14.3768
v -73.8528 4.03294 14.3812
v -73.8258 3.94124 14.3086
v -73.8539 3.94124 14.3221
v -71.9402 3.64931 14.9372
v -71.8017 3.25892 15.2092
v -71.8337 3.25892 14.9087
v -71.7164 2.88805 15.2091
v -72.0609 3.65586 14.6866
v -72.157 4.05267 14.7337
v -71.7514 2.88805 14.8866
v -71.6953 2.51718 14.8715
v -71.9537 3.25892 14.6186
v -71.8882 2.88805 14.5746
v -71.838 2.51718 14.5366
v -71.6651 2.0421 14.8635
v -71.9199 2.88726 14.5548
v -71.811 2.0421 14.5113
v -71.9875 3.25785 14.6052
v -71.8668 2.51667 14.5206
v -71.841 2.04245 14.4897
v -71.8351 1.56702 14.5462
v -71.6953 1.56702 14.8715
v -71.8781 1.19615 14.5915
v -71.8659 1.56824 14.528
v -71.9938 2.04271 14.5135
v -72.0196 2.5163 14.5577
v -72.0674 2.88668 14.5852
v -72.1367 3.25706 14.6252
v -72.097 3.65477 14.6778
v -72.2262 3.65364 14.6769
v -72.1956 4.03441 14.7281
v -72.3247 4.0042 14.7338
v -72.2411 4.08006 14.7761
v -72.1482 4.06491 14.9939
v -72.2762 4.0563 14.7702
v -72.3401 4.03661 14.7458
v -72.3576 4.07453 14.8111
v -72.3643 4.05023 14.7602
v -72.3865 4.02522 14.7734
v -72.2713 4.08874 15.0269
v -72.3544 4.10361 14.8397
v -72.1122 4.05498 15.2427
v -72.3023 4.06482 15.0352
v -72.2433 4.07902 15.2442
v -72.1446 4.03961 15.2625
v -72.2291 4.05821 15.2624
v -72.2186 4.02157 15.2985
v -72.276 4.05517 15.2442
v -72.2578 4.03365 15.2625
v -72.2441 3.99647 15.2984
v -72.2397 3.94124 15.2507
v -72.2355 3.94124 15.2779
v -72.2329 3.94124 15.3051
v -72.2697 3.94124 15.0113
v -72.3842 4.07958 14.8459
v -72.3595 3.94124 14.7838
v -72.3761 4.06109 14.8228
v -72.3682 3.94124 14.7606
v -72.3777 3.94124 14.7376
v -72.0583 3.67167 15.928
v -72.0745 3.67081 15.9458
v -72.113 3.2573 15.9986
v -71.983 3.26952 16.0202
v -72.0472 2.88692 16.0366
v -71.9696 3.27034 16.0094
v -71.9391 2.88874 16.0503
v -71.9993 2.51654 16.0642
v -71.9214 2.88928 16.0372
v -71.896 2.51674 16.0708
v -71.8792 2.517 16.0522
v -71.8747 2.04251 16.0941
v -71.8537 2.04192 16.0799
v -71.7106 2.04192 15.7345
v -73.274 0.438851 13.9044
v -73.3048 0.828162 13.9027
v -73.2545 0.815661 13.7981
v -73.3133 1.19854 13.8264
v -73.2731 1.19205 13.7292
v -73.3266 1.56892 13.7699
v -73.2755 1.55708 13.6846
v -73.2579 1.56564 13.6685
v -73.2586 2.04223 13.6619
v -73.3134 2.04251 13.7565
v -73.2372 2.04192 13.6531
v -72.8838 2.04192 13.7025
v -73.2467 2.51651 13.6919
v -73.3081 2.5161 13.7877
v -73.2276 2.517 13.6873
v -73.243 2.88712 13.7563
v -73.2956 2.88648 13.8377
v -73.2585 3.268 13.8001
v -73.3188 3.25686 13.9073
v -73.2189 2.88787 13.7446
v -72.5086 2.04192 13.8493
v -73.2857 3.65603 13.9105
v -73.3412 3.64483 14.0133
v -73.2393 3.26952 13.7924
v -72.502 2.04248 13.862
v -72.5312 2.517 13.8845
v -72.5207 2.51671 13.9013
v -72.537 2.5165 13.9781
v -72.8919 2.517 13.7327
v -72.5727 2.88787 13.9263
v -72.5613 2.88732 13.9382
v -72.5701 2.88688 14.032
v -72.9069 2.88787 13.7888
v -72.6114 3.26952 13.9614
v -72.599 3.26821 13.9765
v -72.6131 3.25726 14.092
v -72.9192 3.26952 13.834
v -72.672 3.66452 14.055
v -72.6578 3.6639 14.0734
v -72.6695 3.65318 14.1916
v -72.9504 3.65139 13.9357
v -72.7521 4.04848 14.1887
v -72.7412 4.03507 14.2157
v -72.7337 4.00308 14.304
v -73.2622 3.65747 13.8977
v -72.9942 4.02246 14.0857
v -72.7637 4.08301 14.2132
v -72.755 4.06155 14.2411
v -72.7458 4.02632 14.329
v -72.8209 4.08422 14.3368
v -72.7628 4.04461 14.3591
v -72.8422 4.1113 14.3338
v -72.7755 4.03543 14.3805
v -73.0014 4.05975 14.1109
v -73.2615 4.02368 14.05
v -73.039 4.08359 14.251
v -73.2615 4.05851 14.0791
v -73.2806 4.00703 14.0608
v -73.3158 3.97861 14.1216
v -73.2826 4.03704 14.0932
v -73.3159 4.01726 14.1492
v -73.2805 4.05628 14.2134
v -73.3164 4.03083 14.1966
v -73.2638 4.08215 14.221
v -73.2781 4.03126 14.2409
v -73.3162 4.00688 14.2207
v -73.2638 4.05816 14.2528
v -73.2875 3.94124 14.1728
v -73.3136 3.94124 14.1701
v -73.2614 3.94124 14.1773
v -73.0474 4.05966 14.2825
v -73.0339 3.94124 14.2087
v -72.8585 4.08719 14.3619
v -72.8212 3.94124 14.3013
v -72.8356 4.07075 14.3612
v -72.7963 3.94124 14.3104
v -72.7732 3.94124 14.3221
v -74.3471 0.103395 14.7088
v -74.435 0.450082 14.6511
v -74.3045 0.0759723 14.7394
v -74.5595 0.436621 14.6448
v -74.5175 0.82824 14.6005
v -74.2727 0.0333729 14.796
v -74.2671 0.065361 14.7614
v -74.6493 0.81634 14.6096
v -74.5907 1.19862 14.5953
v -74.6712 0.814407 14.6203
v -74.6967 1.19491 14.6029
v -74.6532 1.569 14.5447
v -74.735 1.56808 14.5569
v -74.6739 2.04259 14.5196
v -74.7157 1.19342 14.618
v -74.8462 1.19342 14.8943
v -74.8856 1.56684 14.8837
v -74.7527 1.56684 14.5727
v -74.7487 2.0423 14.5205
v -74.7643 2.04192 14.533
v -74.9158 2.04192 14.8757
v -74.7137 2.51653 14.5255
v -74.6478 2.51618 14.5234
v -74.731 2.517 14.534
v -74.6651 2.88906 14.5343
v -74.5956 2.8885 14.532
v -74.7005 2.89037 14.5623
v -74.8856 2.517 14.8837
v -74.6491 3.2725 14.5931
v -74.53 3.25694 14.5992
v -74.6659 3.27358 14.5997
v -74.8495 2.89037 14.8969
v -74.9333 2.517 15.2204
v -74.5626 3.66833 14.6559
v -74.4493 3.65312 14.6551
v -74.5742 3.66883 14.6697
v -74.4233 4.03342 14.7592
v -74.36 4.00328 14.7415
v -74.7964 3.27358 14.9071
v -74.89 2.89037 15.2178
v -74.3945 4.06778 14.7724
v -74.3352 4.03795 14.753
v -74.4386 4.04882 14.7678
v -74.6893 3.65564 14.9332
v -74.8392 3.27358 15.212
v -74.5219 4.01338 14.9761
v -74.4123 4.07865 14.7825
v -74.7289 3.66122 15.2344
v -74.4939 4.04117 14.9833
v -74.5581 4.02224 15.2507
v -74.7237 3.65991 15.2514
v -74.353 4.065 15.0213
v -74.5298 4.04603 15.2513
v -74.5266 4.0201 15.2673
v -74.2848 4.10183 14.8523
v -74.282 4.08573 14.8327
v -74.281 4.05159 14.7738
v -74.2564 4.07766 14.8686
v -74.2544 4.0611 14.848
v -74.2591 4.02651 14.7869
v -74.2611 3.94124 14.7638
v -74.2494 3.94124 14.7376
v -74.2705 3.94124 14.7912
v -74.3574 3.94124 15.0113
v -74.3214 4.04107 15.0298
v -74.3871 3.94124 15.2482
v -74.3835 4.06972 15.2534
v -74.3508 4.04575 15.2534
v -74.3645 4.03965 15.2672
v -74.3915 3.94123 15.2766
v -74.3832 3.99068 15.3105
v -74.3942 3.94123 15.3051
v -74.4086 4.01792 15.3109
v -74.3968 4.06212 15.268
v -74.5005 4.0419 15.2673
v -74.4638 4.00142 15.3106
v -74.4906 3.97665 15.3101
v -74.6097 3.644 15.306
v -74.7069 3.25658 15.2957
v -74.8334 3.2724 15.2331
v -74.7806 2.88621 15.3014
v -74.8855 2.88947 15.2406
v -74.8285 2.51583 15.3066
v -74.9217 2.51636 15.2475
v -74.8687 2.04224 15.3046
v -74.9645 2.04192 15.2303
v -74.9525 2.04208 15.2542
v -74.9333 1.56684 15.2524
v -74.9165 1.5678 15.2734
v -74.8502 1.56864 15.3115
v -74.8854 1.19466 15.2585
v -74.6931 3.62022 15.6748
v -74.5505 3.61631 16.0192
v -74.7832 3.28065 15.6989
v -74.6312 3.26412 16.0659
v -74.8024 3.26957 15.7041
v -74.8549 3.26957 15.3051
v -74.6484 3.25304 16.0758
v -74.875 3.2713 14.8867
v -74.9301 3.29134 15.3051
v -74.875 3.29134 15.7235
v -74.7135 3.27481 16.1134
v -74.8822 3.29719 14.8848
v -74.7135 3.26721 14.4968
v -74.9375 3.31723 15.3051
v -74.8822 3.31723 15.7254
v -74.72 3.3007 16.1171
v -74.641 3.64016 16.0715
v -74.7941 3.64406 15.7018
v -74.6249 3.6579 16.0622
v -74.8672 3.65397 15.3054
v -74.7762 3.6618 15.697
v -74.5606 3.6365 16.0251
v -74.8487 3.67171 15.3054
v -74.8041 3.65397 14.8983
v -74.7044 3.6404 15.6778
v -74.5505 3.61631 16.0192
v -74.6931 3.62022 15.6748
v -74.7744 3.65032 15.3054
v -74.7627 3.63013 15.3054
v -74.7032 3.63013 14.9254
v -74.7862 3.67171 14.9031
v -74.7144 3.65032 14.9223
v -74.5505 3.62369 14.591
v -74.641 3.64753 14.5387
v -74.6249 3.66527 14.548
v -74.5606 3.64388 14.5852
v -74.3235 3.61052 14.2952
v -74.4086 3.65209 14.2601
v -74.72 3.2931 14.4931
v -74.4566 3.279 14.162
v -74.3351 3.63045 14.2918
v -74.0287 3.64393 14.0561
v -74.0277 3.62438 14.0682
v -74.0463 3.66595 13.9681
v -74.4619 3.30489 14.1568
v -73.6862 3.65032 13.9143
v -73.6832 3.63014 13.9255
v -74.3974 3.63436 14.2213
v -74.1255 3.29815 13.8987
v -74.0799 3.64821 13.9777
v -74.1218 3.27226 13.9051
v -74.0842 3.25049 13.9703
v -73.7125 3.24554 13.8163
v -73.7339 3.2932 13.7365
v -73.7319 3.26731 13.7436
v -73.3136 3.25977 13.7638
v -73.3136 3.28154 13.6886
v -73.3136 3.30743 13.6811
v -73.7103 3.65397 13.8246
v -72.8952 3.2892 13.7436
v -72.9146 3.26743 13.8163
v -72.5053 3.30573 13.9051
v -73.7055 3.67171 13.8425
v -73.3136 3.65397 13.7724
v -72.8932 3.31509 13.7365
v -73.3136 3.65032 13.8652
v -73.3136 3.63014 13.8769
v -72.9439 3.61122 13.9255
v -73.3136 3.67171 13.7909
v -72.9409 3.6314 13.9143
v -72.5994 3.62334 14.0682
v -72.9216 3.6528 13.8425
v -72.5936 3.64353 14.0581
v -72.2899 3.64002 14.2898
v -72.9168 3.63506 13.8246
v -72.5564 3.66492 13.9938
v -72.2816 3.6602 14.2815
v -72.0614 3.65031 14.5809
v -71.9971 3.67171 14.5438
v -72.2291 3.6816 14.229
v -71.981 3.65397 14.5345
v -72.5472 3.64719 13.9777
v -72.216 3.66386 14.2159
v -71.9072 3.32063 14.4931
v -72.1652 3.32197 14.1568
v -72.5016 3.33162 13.8987
v -72.1705 3.29608 14.162
v -73.2501 2.88718 16.9021
v -73.3132 2.51624 16.8327
v -73.2314 2.51715 16.9622
v -73.2576 2.51661 16.9556
v -73.3134 2.04265 16.8411
v -73.2668 2.04243 16.9867
v -72.8803 2.51715 16.9211
v -73.2424 2.04207 17
v -72.5742 2.51715 16.7711
v -73.2662 1.56826 16.9551
v -73.3132 1.56905 16.8327
v -73.2446 1.19766 16.8958
v -73.2994 1.19867 16.7815
v -73.2424 1.56699 16.9688
v -73.2441 0.827149 16.8006
v -73.3014 0.828297 16.6956
v -73.2711 0.459525 16.7139
v -73.3246 0.461825 16.6007
v -73.2676 0.125945 16.5976
v -73.3131 0.126823 16.4906
v -73.2422 0.455365 16.7248
v -73.3144 4.03201 16.3745
v -73.3136 3.94124 16.4402
v -73.3414 3.94124 16.4373
v -73.3528 4.06748 16.3607
v -73.314 4.05584 16.3999
v -73.3693 3.94124 16.4325
v -73.3527 4.09137 16.3894
v -73.3131 4.04216 16.463
v -73.3702 4.08626 16.3421
v -73.3702 4.11024 16.375
v -73.587 4.08001 16.3148
v -73.5932 3.94124 16.4015
v -73.353 4.07322 16.4887
v -73.3138 4.00629 16.5014
v -73.3214 3.65466 16.5885
v -73.3133 3.25699 16.6863
v -73.3839 3.27042 16.8037
v -73.3132 2.88662 16.7768
v -73.3551 2.88946 16.8679
v -73.3132 2.51624 16.8327
v -73.375 2.89016 16.8815
v -73.3468 2.51656 16.9173
v -73.3134 2.04265 16.8411
v -73.3712 2.517 16.9253
v -73.3704 2.04231 16.9417
v -73.3475 1.56806 16.9159
v -73.3132 1.56905 16.8327
v -73.3407 1.19747 16.8611
v -73.2994 1.19867 16.7815
v -73.3584 0.816133 16.8127
v -73.3014 0.828297 16.6956
v -73.3715 1.19597 16.8672
v -73.3717 0.448959 16.713
v -73.3246 0.461825 16.6007
v -73.382 0.81434 16.8196
v -73.3461 0.110357 16.5555
v -73.3131 0.126823 16.4906
v -73.3972 0.446315 16.7162
v -73.3712 0.0890512 16.5692
v -73.3461 0.0663071 16.5001
v -73.314 0.0909477 16.4357
v -73.3718 0.0589144 16.5171
v -73.6423 0.0892226 16.5335
v -73.682 0.446402 16.6795
v -73.3459 0.0495272 16.391
v -73.3141 0.080458 16.4026
v -73.3702 0.034416 16.375
v -73.6313 0.0611196 16.4811
v -73.346 0.0792301 16.3619
v -73.3145 0.113244 16.3765
v -73.3414 0.155927 16.4377
v -73.3136 0.155927 16.4402
v -73.3693 0.155927 16.4327
v -73.3702 0.0687212 16.3421
v -73.5932 0.155927 16.4015
v -73.5953 0.036576 16.3459
v -73.587 0.0708673 16.3148
v -73.7772 0.0559764 16.2378
v -73.7968 0.155927 16.3129
v -73.8594 0.0457301 16.3856
v -73.8082 0.0624785 16.2433
v -73.8257 0.155927 16.3013
v -73.793 0.0215495 16.2653
v -73.8479 0.0988004 16.2382
v -73.8539 0.155927 16.2881
v -73.8606 0.0650649 16.2595
v -73.8222 0.030535 16.2674
v -73.872 0.0754373 16.2785
v -73.8699 0.0597796 16.3568
v -73.9051 0.110404 16.3292
v -73.9091 0.0914087 16.415
v -73.9607 0.453572 16.4256
v -73.8894 0.0748229 16.4311
v -73.956 0.439106 16.566
v -73.9761 0.441179 16.5482
v -74.0078 0.82821 16.5075
v -74.017 0.816131 16.6207
v -74.0363 1.19859 16.5916
v -73.708 0.814341 16.7767
v -74.0063 0.814341 16.6531
v -73.7195 1.19597 16.8214
v -74.0237 1.19748 16.6822
v -72.0153 1.56912 14.5325
v -71.7514 1.19615 14.8866
v -71.703 1.19615 15.2183
v -71.6462 1.56702 15.2132
v -71.8067 0.827116 15.2593
v -71.8731 1.19863 15.3051
v -71.7116 1.19767 15.2439
v -71.7881 1.56901 15.3051
v -71.6596 1.56827 15.2439
v -71.7643 2.0426 15.3051
v -71.6349 2.04243 15.2571
v -71.6173 2.0421 15.2344
v -71.6712 2.5166 15.2512
v -71.7858 2.51619 15.3051
v -71.7253 2.88719 15.2328
v -71.8439 2.88657 15.2887
v -71.6498 2.51718 15.2277
v -71.8089 3.25776 15.2295
v -71.9123 3.25695 15.2808
v -71.9107 3.64229 15.244
v -72.0219 3.64093 15.2987
v -72.0391 4.00859 15.2479
v -72.146 3.97889 15.2999
v -71.9017 3.64494 15.2253
v -72.1725 4.00748 15.2987
v -72.0226 4.03108 15.2309
v -72.0577 4.03971 14.9688
v -74.5505 3.61631 16.0192
v -74.3283 3.63012 16.3175
v -74.6312 3.26412 16.0659
v -74.3894 3.25073 16.381
v -74.6484 3.25304 16.0758
v -74.0743 3.25313 16.6228
v -74.0315 3.63899 16.545
v -74.4035 3.23965 16.395
v -73.7073 3.26991 16.7748
v -73.6832 3.63011 16.6847
v -74.0842 3.24205 16.64
v -73.7125 3.25883 16.794
v -73.3136 3.28527 16.8266
v -73.3136 3.63011 16.7334
v -72.939 3.61367 16.7002
v -72.914 3.27438 16.7887
v -72.5994 3.61319 16.542
v -73.3136 3.27419 16.8465
v -73.7319 3.2806 16.8666
v -72.5452 3.27438 16.63
v -72.3036 3.6301 16.315
v -72.9089 3.2633 16.8079
v -72.5352 3.2633 16.6472
v -73.3136 3.29596 16.9217
v -74.1218 3.26382 16.7051
v -74.4566 3.26142 16.4482
v -74.7135 3.27481 16.1134
v -74.72 3.3007 16.1171
v -74.4619 3.28731 16.4534
v -74.1255 3.28971 16.7115
v -74.4022 3.65397 16.3914
v -74.641 3.64016 16.0715
v -73.7339 3.30649 16.8738
v -74.0837 3.66285 16.6355
v -74.3891 3.67171 16.3783
v -74.6249 3.6579 16.0622
v -73.3136 3.32185 16.9291
v -73.7103 3.65397 16.7857
v -74.0745 3.68059 16.6195
v -74.3366 3.6503 16.3257
v -74.5606 3.6365 16.0251
v -74.3283 3.63012 16.3175
v -74.5505 3.61631 16.0192
v -74.0373 3.65918 16.5551
v -74.0315 3.63899 16.545
v -73.7055 3.67171 16.7678
v -73.6862 3.6503 16.696
v -73.6832 3.63011 16.6847
v -73.3136 3.65029 16.745
v -73.3136 3.63011 16.7334
v -72.939 3.61367 16.7002
v -72.936 3.63386 16.7115
v -72.5994 3.61319 16.542
v -73.3136 3.67171 16.8194
v -73.3136 3.65397 16.8379
v -72.9167 3.65528 16.7832
v -72.5936 3.63338 16.5521
v -72.3036 3.6301 16.315
v -72.5564 3.65479 16.6165
v -72.9119 3.63754 16.8011
v -72.5472 3.63706 16.6325
v -72.2954 3.65029 16.3233
v -72.2428 3.67171 16.3758
v -72.0665 3.6342 16.0251
v -72.0766 3.61401 16.0192
v -72.0022 3.65561 16.0622
v -71.9227 3.6262 15.6778
v -71.934 3.60601 15.6748
v -72.2297 3.65397 16.389
v -71.8736 3.64002 15.3051
v -71.8853 3.61983 15.3051
v -71.8509 3.64761 15.697
v -71.934 3.63012 14.9355
v -71.9861 3.63787 16.0715
v -71.9227 3.6503 14.9324
v -72.0715 3.63012 14.5868
v -71.7993 3.66143 15.3051
v -71.8509 3.67171 14.9132
v -71.7808 3.64369 15.3051
v -71.833 3.65397 14.9084
v -71.833 3.62987 15.7018
v -71.7449 3.33411 14.8848
v -71.6896 3.31096 15.3051
v -71.7449 3.31866 15.7254
v -72.3036 0.44734 16.315
v -72.0766 0.433507 16.0192
v -72.5994 0.453713 16.542
v -71.8439 0.809456 15.6989
v -71.934 0.443996 15.6748
v -72.9198 0.809456 16.7748
v -72.9439 0.4414 16.6847
v -73.3136 0.459755 16.7334
v -71.7921 0.798449 15.3051
v -71.8853 0.453714 15.3051
v -71.934 0.453714 14.9355
v -71.7721 0.809946 15.3051
v -71.8439 0.785586 14.9113
v -72.0766 0.464946 14.591
v -71.8246 0.797083 14.9062
v -71.7619 0.780143 14.8894
v -71.9959 0.795268 14.5444
v -72.3036 0.461044 14.2952
v -71.9786 0.806765 14.5344
v -71.9224 0.789825 14.5019
v -71.7548 0.754258 14.8875
v -72.1777 0.796726 14.1693
v -72.2236 0.813666 14.2151
v -72.2377 0.802169 14.2293
v -71.9861 0.446617 14.5387
v -71.916 0.763941 14.4983
v -72.5528 0.822622 13.9875
v -72.5994 0.441315 14.0682
v -72.5428 0.834118 13.9702
v -72.9198 0.82487 13.8355
v -72.9439 0.445417 13.9255
v -72.1725 0.770842 14.1641
v -73.3136 0.819296 13.7836
v -73.3136 0.472773 13.8769
v -73.6832 0.468679 13.9255
v -72.2297 0.442716 14.2213
v -73.7272 0.821908 13.8209
v -74.0277 0.453714 14.0682
v -72.9146 0.836367 13.8162
v -73.3136 0.830792 13.7636
v -74.0818 0.809457 13.9806
v -74.3235 0.453714 14.2952
v -73.7324 0.833404 13.8016
v -74.3894 0.793417 14.2293
v -74.0918 0.820953 13.9633
v -74.4035 0.804913 14.2151
v -74.6312 0.804667 14.5444
v -74.5505 0.468997 14.591
v -73.3136 0.813852 13.6988
v -74.1242 0.804013 13.9071
v -72.8978 0.819427 13.7535
v -73.7492 0.816465 13.7389
v -73.3136 0.787968 13.6914
v -72.5104 0.817179 13.914
v -72.8959 0.793542 13.7464
v -72.5067 0.791294 13.9076
v -72.5472 0.422987 13.9777
v -72.9168 0.427088 13.8246
v -72.2428 0.424797 14.2344
v -73.3136 0.454444 13.7723
v -72.5564 0.405068 13.9937
v -73.3136 0.436525 13.7909
v -72.0022 0.428698 14.548
v -72.2952 0.441741 14.2868
v -72.5935 0.422011 14.0579
v -72.5994 0.441315 14.0682
v -72.9216 0.409169 13.8424
v -72.9408 0.426113 13.914
v -72.9439 0.445417 13.9255
v -73.3136 0.453469 13.865
v -73.3136 0.472773 13.8769
v -73.6832 0.468679 13.9255
v -73.6863 0.449375 13.914
v -74.0277 0.453714 14.0682
v -74.0336 0.43441 14.0579
v -74.3235 0.453714 14.2952
v -73.7055 0.432432 13.8424
v -73.7103 0.450351 13.8246
v -74.0707 0.417466 13.9937
v -74.0799 0.435386 13.9777
v -73.7511 0.79058 13.7318
v -74.3843 0.417466 14.2344
v -74.1279 0.778129 13.9008
v -74.3974 0.435385 14.2213
v -74.3319 0.43441 14.2868
v -74.6249 0.432749 14.548
v -74.5608 0.449693 14.585
v -74.5505 0.468997 14.591
v -74.4494 0.787974 14.1693
v -74.4546 0.762089 14.1641
v -74.7111 0.773339 14.4983
v -74.641 0.450669 14.5387
v -74.7047 0.799223 14.5019
v -74.8723 0.778129 14.8875
v -74.7762 0.424397 14.9132
v -74.7941 0.442317 14.9084
v -74.7046 0.441341 14.9324
v -74.6931 0.460645 14.9355
v -74.8278 0.417466 15.3051
v -74.7537 0.43441 15.3051
v -74.7418 0.453714 15.3051
v -74.6975 0.450585 15.6839
v -74.709 0.431281 15.687
v -74.5546 0.45432 16.0237
v -74.5649 0.435016 16.0297
v -74.6291 0.418072 16.0667
v -74.7806 0.414338 15.7062
v -74.6451 0.435991 16.076
v -74.8463 0.435385 15.3051
v -74.7985 0.432257 15.711
v -74.9339 0.761898 15.3051
v -74.8823 0.755593 15.7228
v -74.721 0.778129 16.1179
v -74.7146 0.804013 16.1142
v -74.8752 0.781478 15.7209
v -74.6584 0.820953 16.0818
v -74.9265 0.787783 15.3051
v -74.8125 0.798418 15.7041
v -74.6411 0.809456 16.0718
v -74.8652 0.804013 14.8894
v -74.8616 0.804723 15.3051
v -74.7932 0.786921 15.6989
v -74.5546 0.45432 16.0237
v -74.6975 0.450585 15.6839
v -74.8416 0.793226 15.3051
v -74.7418 0.453714 15.3051
v -74.6931 0.460645 14.9355
v -74.8025 0.820953 14.9062
v -74.7832 0.809456 14.9113
v -74.6485 0.816163 14.5344
v -71.9072 3.34095 16.1171
v -72.1652 3.32777 16.4534
v -72.4939 3.31096 16.7187
v -72.1705 3.30188 16.4482
v -72.8875 3.31096 16.8877
v -72.4976 3.28507 16.7123
v -72.8894 3.28507 16.8805
v -72.2236 3.28011 16.395
v -71.9136 3.31506 16.1134
v -72.2377 3.29119 16.381
v -71.9787 3.29329 16.0758
v -71.7521 3.29277 15.7235
v -71.9959 3.30437 16.0659
v -72.0766 3.61401 16.0192
v -71.8247 3.271 15.7041
v -71.697 3.28507 15.3051
v -71.8439 3.28208 15.6989
v -71.934 3.60601 15.6748
v -71.7722 3.2633 15.3051
v -71.7521 3.30822 14.8867
v -71.7921 3.27438 15.3051
v -71.8853 3.61983 15.3051
v -71.8247 3.28645 14.9062
v -71.8439 3.29753 14.9113
v -71.934 3.63012 14.9355
v -72.0715 3.63012 14.5868
v -71.9136 3.29474 14.4968
v -71.9787 3.27297 14.5344
v -71.9959 3.28405 14.5444
v -72.2899 3.64002 14.2898
v -72.2236 3.27431 14.2152
v -72.2377 3.28539 14.2293
v -72.5528 3.29504 13.9875
v -72.5994 3.62334 14.0682
v -72.5429 3.28396 13.9703
v -72.9198 3.27851 13.8355
v -72.9439 3.61122 13.9255
v -73.3136 3.27085 13.7836
v -73.3136 3.63014 13.8769
v -73.6832 3.63014 13.9255
v -73.7073 3.25662 13.8355
v -74.0277 3.62438 14.0682
v -74.0743 3.26157 13.9875
v -74.3235 3.61052 14.2952
v -74.3894 3.26831 14.2293
v -74.6312 3.25652 14.5444
v -74.5505 3.62369 14.591
v -74.4035 3.25723 14.2152
v -74.7832 3.26061 14.9113
v -74.7032 3.63013 14.9254
v -74.6484 3.24544 14.5344
v -74.835 3.28065 15.3051
v -74.7627 3.63013 15.3054
v -74.8024 3.24953 14.9062
v -74.243 0.051482 14.8408
v -74.2705 0.155928 14.7912
v -74.2475 0.0656598 14.8102
v -74.2617 0.156567 14.7631
v -74.2444 0.100141 14.774
v -74.2504 0.157113 14.7364
v -73.7073 0.820467 16.7748
v -73.6832 0.46841 16.6847
v -73.7125 0.831964 16.7941
v -73.3136 0.840618 16.8266
v -73.3136 0.852115 16.8466
v -72.9146 0.820953 16.7941
v -73.3136 0.835175 16.9115
vn 0.96063 -0.15748 -0.23622
vn 0.771654 -0.0787402 -0.629921
vn 0.779528 -0.0629921 -0.622047
vn 0.771654 -0.259843 0.582677
vn 0.677165 -0.291339 0.669291
vn 0.76378 -0.291339 0.574803
vn 0.937008 -0.220472 -0.275591
vn 0.76378 -0.110236 -0.637795
vn 0.708661 -0.314961 -0.629921
vn 0.834646 -0.401575 -0.377953
vn 0.677165 -0.307087 0.669291
vn 0.582677 -0.283465 0.76378
vn 0.76378 -0.307087 0.566929
vn 0.559055 -0.685039 -0.464567
vn 0.582677 -0.543307 -0.606299
vn 0.220472 -0.559055 -0.80315
vn 0.582677 -0.299213 0.755906
vn -0.330709 -0.377953 0.866142
vn 0.181102 -0.976378 0.110236
vn 0.23622 -0.968504 0.0551181
vn 0.220472 -0.724409 -0.653543
vn 0.125984 -0.976378 0.165354
vn 0.181102 -0.976378 0.110236
vn 0.23622 -0.968504 0.0551181
vn -0.417323 -0.0551181 -0.905512
vn -0.700787 0.125984 -0.700787
vn -0.826772 0.425197 -0.377953
vn -0.677165 0.488189 -0.551181
vn -0.685039 0.551181 -0.480315
vn -0.685039 0.551181 -0.480315
vn -0.590551 0.574803 -0.559055
vn -0.590551 0.574803 -0.559055
vn -0.496063 0.598425 -0.629921
vn 0.125984 -0.976378 0.165354
vn -0.496063 0.598425 -0.629921
vn -0.897638 -0.00787402 -0.448819
vn -0.464567 0.574803 -0.669291
vn -0.629921 0.307087 -0.708661
vn -0.322835 0.606299 -0.724409
vn -0.732283 -0.669291 0.149606
vn -0.637795 -0.748031 0.173228
vn -0.527559 -0.645669 0.559055
vn -0.425197 -0.692913 0.574803
vn -0.574803 -0.307087 0.755906
vn -0.88189 0.299213 0.370079
vn -0.976378 0.0944882 0.181102
vn -0.92126 0.283465 0.267717
vn -0.968504 -0.173228 -0.15748
vn -0.834646 0.440945 0.322835
vn -0.574803 -0.582677 -0.574803
vn -0.834646 0.440945 0.322835
vn -0.866142 0.448819 0.212598
vn -0.511811 -0.685039 -0.519685
vn -0.259843 -0.590551 -0.76378
vn 0.11811 -0.992126 0.0393701
vn -0.866142 0.448819 0.212598
vn -0.889764 0.448819 0.102362
vn -0.212598 -0.661417 -0.724409
vn -0.251969 -0.314961 -0.913386
vn 0.0393701 -0.338583 -0.937008
vn 0.11811 -0.992126 0.0393701
vn -0.188976 -0.0708661 -0.976378
vn -0.889764 0.448819 0.102362
vn 0.0866142 -0.149606 -0.984252
vn -0.165354 -0.0708661 -0.984252
vn -0.795276 -0.11811 0.598425
vn -0.929134 0.322835 0.188976
vn 0.102362 -0.992126 0.023622
vn -0.944882 0.102362 0.307087
vn -0.944882 0.314961 0.0787402
vn -0.220472 -0.566929 0.795276
vn -0.188976 -0.677165 0.708661
vn 0.165354 -0.574803 0.80315
vn 0.110236 -0.992126 0.0314961
vn 0.110236 -0.992126 0.0314961
vn 0.102362 -0.992126 0.023622
vn 0.204724 -0.645669 0.732283
vn 0.267717 -0.338583 0.905512
vn 0.496063 -0.362205 0.787402
vn 0.299213 -0.0944882 0.952756
vn 0.929134 -0.362205 -0.102362
vn 0.905512 -0.362205 -0.220472
vn 0.937008 -0.322835 -0.102362
vn 0.566929 -0.173228 0.811024
vn 0.307087 -0.0629921 0.952756
vn 0.92126 -0.322835 -0.228346
vn 0.866142 -0.362205 -0.338583
vn 0.88189 -0.314961 -0.346457
vn 0.952756 -0.267717 -0.125984
vn 0.937008 -0.259843 -0.244094
vn 0.0708661 -0.11811 -0.992126
vn -0.125984 -0.0787402 -0.992126
vn 0.897638 -0.251969 -0.370079
vn 0.181102 -0.125984 -0.976378
vn 0.929134 -0.0393701 0.377953
vn 0.937008 0.23622 0.251969
vn 0.968504 0.204724 0.149606
vn 0.80315 -0.141732 0.574803
vn 0.244094 -0.622047 0.748031
vn 0.92126 0.370079 0.11811
vn 0.92126 0.370079 0.11811
vn 0.889764 0.393701 0.228346
vn 0.889764 0.393701 0.228346
vn -0.212598 -0.976378 -0.0314961
vn 0.181102 -0.716535 0.669291
vn -0.181102 -0.629921 0.755906
vn -0.212598 -0.976378 -0.0314961
vn -0.259843 -0.716535 0.653543
vn -0.362205 -0.322835 0.874016
vn -0.637795 -0.456693 0.622047
vn -0.417323 -0.11811 0.897638
vn -0.204724 -0.976378 -0.0551181
vn -0.76378 -0.244094 0.598425
vn -0.417323 -0.11811 0.897638
vn -0.944882 -0.299213 -0.125984
vn -0.952756 -0.283465 -0.125984
vn -0.740157 -0.173228 0.653543
vn -0.464567 -0.0866142 0.88189
vn -0.96063 -0.251969 -0.125984
vn -0.204724 -0.976378 -0.0551181
vn -0.92126 -0.299213 -0.251969
vn -0.92126 -0.291339 -0.251969
vn -0.88189 -0.299213 -0.370079
vn -0.19685 -0.976378 -0.0787402
vn -0.19685 -0.976378 -0.0787402
vn -0.149606 -0.448819 -0.88189
vn -0.88189 -0.291339 -0.370079
vn -0.937008 -0.251969 -0.251969
vn -0.968504 -0.204724 -0.125984
vn 0.125984 -0.740157 -0.661417
vn 0 -1 0
vn 0 -1 0
vn 0 -1 0
vn 0 -1 0
vn 0 -1 0
vn 0 -1 0
vn 0 -1 0
vn 0 -1 0
vn 0 -1 0
vn 0 -1 0
vn 0 -1 0
vn 0 -1 0
vn 0 -1 0
vn 0 -1 0
vn 0 -1 0
vn 0 -1 0
vn 0 -1 0
vn 0 -1 0
vn 0 -1 0
vn 0 -1 0
vn 0 -1 0
vn 0 -1 0
vn 0 -1 0
vn 0 -1 0
vn 0 -1 0
vn 0 -1 0
vn 0 -1 0
vn 0 -1 0
vn 0 -1 0
vn 0 -1 0
vn 0 -1 0
vn 0 -1 0
vn 0 -1 0
vn 0 -1 0
vn 0 -1 0
vn 0 -1 0
vn 0 -1 0
vn 0 -1 0
vn 0 -1 0
vn 0 -1 0
vn 0 -1 0
vn 0 -1 0
vn 0 -1 0
vn 0 -1 0
vn 0 -1 0
vn 0 -1 0
vn 0 -1 0
vn 0 -1 0
vn 0 -1 0
vn 0 -1 0
vn 0 -1 0
vn 0 -1 0
vn 0 -1 0
vn 0 -1 0
vn 0 -1 0
vn 0 -1 0
vn 0 -1 0
vn 0 -1 0
vn 0 -1 0
vn 0 -1 0
vn 0 -1 0
vn 0 -1 0
vn 0 1 0
vn 0 1 0
vn 0 1 0
vn 0 1 0
vn 0 1 0
vn 0 1 0
vn 0 1 0
vn 0 1 0
vn 0 1 0
vn 0 1 0
vn 0 1 0
vn 0 1 0
vn 0 1 0
vn 0 1 0
vn 0 1 0
vn 0 1 0
vn 0 1 0
vn 0 1 0
vn 0 1 0
vn 0 1 0
vn 0 1 0
vn 0 1 0
vn 0 1 0
vn 0 1 0
vn 0 1 0
vn 0 1 0
vn 0 1 0
vn 0 1 0
vn 0 1 0
vn 0 1 0
vn 0 1 0
vn 0 1 0
vn 0 1 0
vn 0 1 0
vn 0 1 0
vn 0 1 0
vn 0 1 0
vn 0 1 0
vn 0 1 0
vn 0 1 0
vn 0 1 0
vn 0 1 0
vn 0 1 0
vn 0 1 0
vn 0 1 0
vn 0 1 0
vn 0 1 0
vn 0 1 0
vn 0 1 0
vn 0 1 0
vn 0 1 0
vn 0 1 0
vn 0 1 0
vn 0 1 0
vn 0 1 0
vn 0 1 0
vn 0 1 0
vn 0 1 0
vn 0 1 0
vn 0 1 0
vn 0 1 0
vn 0 1 0
vn 0 1 0
vn 0 1 0
vn 0 1 0
vn 0 1 0
vn 0.661417 0.637795 -0.401575
vn 0.692913 -0.141732 -0.708661
vn 0.850394 -0.149606 -0.503937
vn 0.551181 0.622047 -0.551181
vn -0.173228 0.968504 0.173228
vn -0.212598 0.968504 0.11811
vn 0.377953 0.622047 -0.685039
vn -0.173228 0.968504 0.173228
vn 0.496063 -0.149606 -0.858268
vn -0.212598 0.968504 0.11811
vn -0.84252 -0.244094 0.488189
vn -0.11811 0.968504 0.212598
vn -0.11811 0.968504 0.212598
vn -0.685039 -0.244094 0.685039
vn -0.685039 -0.244094 0.685039
vn -0.84252 -0.244094 0.488189
vn -0.488189 -0.244094 0.84252
vn 0.181102 -0.976378 -0.110236
vn 0.149606 -0.976378 -0.149606
vn 0.181102 -0.976378 -0.110236
vn -0.488189 -0.244094 0.84252
vn -0.251969 -0.244094 0.937008
vn -0.0629921 0.968504 0.23622
vn 0.149606 -0.976378 -0.149606
vn 0.692913 -0.141732 -0.708661
vn 0.850394 -0.149606 -0.503937
vn 0.110236 -0.976378 -0.181102
vn 0.496063 -0.149606 -0.858268
vn 0.110236 -0.976378 -0.181102
vn 0.0551181 -0.976378 -0.204724
vn 0.251969 -0.149606 -0.952756
vn -0.251969 -0.244094 0.937008
vn 0.0551181 -0.976378 -0.204724
vn 0 -0.976378 -0.212598
vn -0.00787402 -0.15748 -0.984252
vn -0.251969 -0.165354 -0.952756
vn 0 -0.976378 -0.212598
vn 0 -0.244094 0.968504
vn -0.0551181 -0.976378 -0.204724
vn -0.496063 -0.149606 -0.858268
vn 0 -0.244094 0.968504
vn -0.110236 -0.976378 -0.181102
vn -0.700787 -0.15748 -0.692913
vn -0.0551181 -0.976378 -0.204724
vn 0.251969 -0.244094 0.937008
vn 0.251969 -0.244094 0.937008
vn 0.488189 -0.244094 0.84252
vn -0.110236 -0.976378 -0.181102
vn -0.149606 -0.976378 -0.149606
vn -0.244094 -0.212598 -0.944882
vn -0.0393701 -0.527559 -0.850394
vn 0.102362 -0.543307 -0.834646
vn -0.582677 0 -0.811024
vn -0.0944882 -0.535433 -0.84252
vn -0.732283 0.661417 -0.173228
vn -0.0944882 -0.535433 -0.84252
vn -0.76378 0.637795 -0.110236
vn -0.220472 -0.511811 -0.834646
vn -0.740157 0.622047 0.267717
vn -0.755906 0.598425 0.267717
vn -0.818898 0.338583 0.456693
vn -0.818898 0.314961 0.480315
vn -0.015748 0.976378 0.228346
vn -0.874016 0.133858 0.464567
vn -0.015748 0.976378 0.228346
vn -0.220472 -0.511811 -0.834646
vn 0.023622 0.976378 0.220472
vn -0.811024 0.165354 0.559055
vn -0.905512 0.0944882 0.417323
vn -0.338583 -0.480315 -0.811024
vn -0.338583 -0.480315 -0.811024
vn 0.0629921 0.976378 0.212598
vn -0.76378 0.149606 0.629921
vn -0.905512 0.0787402 0.417323
vn 0.0944882 0.110236 -0.992126
vn -0.346457 -0.409449 -0.84252
vn -0.212598 -0.0787402 -0.976378
vn -0.472441 -0.393701 -0.787402
vn 0.551181 0.661417 -0.511811
vn 0.559055 0.692913 -0.456693
vn 0.771654 0.622047 -0.141732
vn 0.740157 0.653543 -0.133858
vn 0.937008 0.346457 -0.0866142
vn 0.0629921 0.976378 0.212598
vn 0.929134 0.370079 0.0629921
vn 0.984252 0.110236 -0.11811
vn 0.023622 0.976378 0.220472
vn 0.354331 0.307087 0.88189
vn 0.96063 0.165354 0.212598
vn 0.992126 0.0708661 -0.125984
vn 0.377953 0.275591 0.88189
vn 0.944882 0.15748 0.283465
vn 0.992126 0.0708661 -0.102362
vn 0.952756 0.125984 0.283465
vn 0.992126 0.00787402 -0.0944882
vn 0.401575 0.259843 0.88189
vn 0.976378 0.0393701 0.228346
vn 1 -0.00787402 -0.0787402
vn 0.401575 0.204724 0.889764
vn 0.267717 0.259843 0.929134
vn 0.267717 0.204724 0.944882
vn 0.251969 0.291339 0.92126
vn 0.125984 0.19685 0.968504
vn 0.23622 0.307087 0.92126
vn 0.125984 0.259843 0.96063
vn 0.11811 0.291339 0.952756
vn 0.11811 0.307087 0.944882
vn -0.629921 0.102362 -0.771654
vn -0.354331 0.212598 -0.913386
vn -0.354331 0.165354 -0.92126
vn -0.551181 0.165354 -0.818898
vn -0.503937 0.417323 -0.755906
vn 0.574803 0.299213 -0.76378
vn 0.582677 0.259843 -0.771654
vn -0.425197 0.409449 -0.811024
vn -0.488189 0.598425 -0.637795
vn -0.456693 0.637795 -0.622047
vn 0.566929 0.307087 -0.76378
vn -0.685039 0.614173 -0.385827
vn -0.606299 0.685039 -0.409449
vn -0.818898 -0.0551181 0.574803
vn 0.110236 0.984252 -0.125984
vn 0.110236 0.984252 -0.125984
vn -0.937008 0.102362 0.338583
vn -0.551181 -0.433071 0.716535
vn -0.480315 -0.456693 0.748031
vn -0.559055 -0.480315 0.677165
vn -0.559055 -0.480315 0.677165
vn -0.637795 -0.456693 0.614173
vn -0.637795 -0.456693 0.614173
vn -0.716535 -0.425197 0.551181
vn 0.11811 0.984252 -0.102362
vn -0.716535 -0.425197 0.551181
vn -0.417323 0.0944882 0.905512
vn 0.11811 0.984252 -0.102362
vn 0.125984 0.992126 -0.0787402
vn -0.716535 -0.346457 0.598425
vn -0.590551 0.00787402 0.80315
vn -0.76378 -0.330709 0.551181
vn 0.251969 0.645669 0.716535
vn 0.267717 0.629921 0.732283
vn 0.598425 0.535433 0.590551
vn 0.582677 0.566929 0.582677
vn 0.724409 0.228346 0.653543
vn 0.125984 0.992126 -0.0787402
vn 0.795276 0.330709 0.503937
vn 0.755906 0.307087 -0.582677
vn 0.669291 0.314961 -0.677165
vn 0.755906 0.299213 -0.582677
vn 0.669291 0.299213 -0.677165
vn 0.874016 0.165354 0.448819
vn 0.740157 0.0944882 0.669291
vn 0.708661 0.0787402 0.700787
vn 0.905512 0.15748 0.401575
vn 0.700787 0.0393701 0.708661
vn 0.677165 0.259843 -0.685039
vn 0.590551 0.19685 -0.787402
vn 0.685039 0.204724 -0.700787
vn 0.76378 0.259843 -0.590551
vn 0.913386 0.102362 0.393701
vn 0.755906 -0.00787402 0.661417
vn 0.96063 0.0472441 0.283465
vn 0.771654 0.212598 -0.598425
vn 0.771654 0.125984 -0.622047
vn 0.80315 0.409449 -0.433071
vn 0.952756 0.212598 -0.228346
vn 0.866142 0.393701 -0.307087
vn 0.976378 -0.149606 0.149606
vn 0.787402 0.535433 -0.291339
vn 0.574803 -0.551181 0.598425
vn 0.787402 0.535433 -0.291339
vn 0.834646 0.503937 -0.220472
vn 0.519685 -0.708661 0.488189
vn 0.834646 0.503937 -0.220472
vn 0.259843 -0.551181 0.795276
vn 0.88189 0.456693 -0.133858
vn -0.220472 -0.976378 0.00787402
vn 0.165354 -0.677165 0.716535
vn 0.173228 -0.291339 0.944882
vn -0.220472 -0.976378 0.00787402
vn -0.212598 -0.976378 0.0629921
vn -0.0472441 -0.425197 0.905512
vn 0.141732 -0.102362 0.984252
vn 0.88189 0.456693 -0.133858
vn -0.133858 -0.173228 0.976378
vn 0.779528 -0.23622 -0.574803
vn 0.141732 -0.0866142 0.984252
vn 0.937008 0.212598 -0.275591
vn -0.19685 -0.976378 0.11811
vn 0.913386 -0.0787402 -0.393701
vn 0.96063 0.188976 -0.188976
vn 0.212598 -0.692913 -0.685039
vn 0.19685 -0.755906 -0.622047
vn -0.149606 -0.708661 -0.692913
vn -0.19685 -0.976378 0.11811
vn -0.173228 -0.76378 -0.622047
vn -0.291339 -0.448819 -0.84252
vn -0.551181 -0.472441 -0.685039
vn -0.385827 -0.125984 -0.913386
vn -0.212598 -0.976378 0.0629921
vn -0.937008 -0.307087 0.141732
vn -0.669291 -0.19685 -0.716535
vn -0.385827 -0.0629921 -0.92126
vn -0.944882 -0.291339 0.133858
vn -0.92126 -0.314961 0.244094
vn -0.88189 -0.307087 0.346457
vn -0.92126 -0.299213 0.251969
vn -0.889764 -0.291339 0.362205
vn -0.96063 -0.259843 0.125984
vn -0.929134 -0.259843 0.251969
vn -0.173228 -0.149606 0.976378
vn 0.133858 -0.0787402 0.984252
vn -0.889764 -0.259843 0.370079
vn -0.149606 -0.11811 0.984252
vn 0.133858 -0.0393701 0.992126
vn -0.133858 -0.0629921 0.992126
vn 0.0866142 0.0393701 0.992126
vn -0.905512 -0.204724 0.377953
vn -0.944882 -0.204724 0.251969
vn -0.968504 -0.204724 0.133858
vn -0.96063 -0.11811 0.259843
vn -0.92126 -0.11811 0.377953
vn -0.173228 0.0393701 0.984252
vn -0.937008 0.0866142 -0.346457
vn -0.905512 0.377953 -0.19685
vn -0.937008 0.346457 -0.0708661
vn -0.795276 -0.102362 -0.598425
vn -0.228346 -0.566929 -0.795276
vn -0.850394 0.511811 -0.110236
vn -0.850394 0.511811 -0.110236
vn -0.19685 -0.700787 -0.685039
vn 0.141732 -0.511811 -0.84252
vn 0.212598 -0.976378 0.0314961
vn -0.818898 0.527559 -0.212598
vn -0.818898 0.527559 -0.212598
vn 0.220472 -0.692913 -0.692913
vn 0.23622 -0.19685 -0.952756
vn 0.204724 -0.976378 0.0551181
vn -0.779528 0.543307 -0.307087
vn -0.779528 0.543307 -0.307087
vn 0.606299 -0.496063 -0.622047
vn 0.212598 -0.976378 0.023622
vn 0.259843 -0.0629921 -0.96063
vn -0.984252 -0.133858 0.133858
vn -0.811024 0.464567 -0.354331
vn 0.19685 -0.976378 0.0787402
vn -0.905512 0.291339 -0.307087
vn -0.708661 0.511811 -0.480315
vn -0.566929 -0.590551 0.566929
vn -0.480315 -0.740157 0.464567
vn -0.220472 -0.606299 0.76378
vn 0.19685 -0.976378 0.0866142
vn -0.102362 -0.732283 0.677165
vn -0.15748 -0.370079 0.913386
vn 0.0866142 -0.417323 0.905512
vn -0.0787402 -0.11811 0.992126
vn 0.204724 -0.976378 0.0551181
vn 0.874016 -0.307087 0.370079
vn 0.228346 -0.188976 0.952756
vn 0.944882 -0.314961 0.125984
vn -0.0472441 -0.110236 0.992126
vn 0.913386 -0.314961 0.251969
vn 0.944882 -0.299213 0.125984
vn 0.708661 -0.19685 -0.677165
vn 0.322835 -0.0551181 -0.944882
vn 0.92126 -0.299213 0.244094
vn 0.96063 -0.251969 0.125984
vn 0.692913 -0.141732 -0.708661
vn 0.362205 -0.0787402 -0.929134
vn 0.976378 -0.15748 0.125984
vn 0.692913 -0.11811 -0.708661
vn 0.362205 -0.0551181 -0.929134
vn 0.88189 -0.299213 0.370079
vn 0.937008 -0.251969 0.251969
vn 0.889764 -0.251969 0.377953
vn 0.952756 -0.15748 0.259843
vn 0.96063 -0.0866142 0.259843
vn 0.299213 -0.173228 0.937008
vn -0.0944882 -0.0944882 0.992126
vn 0.913386 -0.15748 0.385827
vn 0.259843 -0.125984 0.96063
vn -0.149606 -0.0472441 0.984252
vn 0.92126 -0.0866142 0.377953
vn 0.228346 -0.0708661 0.968504
vn -0.149606 -0.976378 -0.149606
vn -0.181102 -0.976378 -0.110236
vn -0.850394 -0.165354 -0.496063
vn -0.204724 -0.976378 -0.0551181
vn -0.952756 -0.15748 -0.259843
vn -0.181102 -0.976378 -0.110236
vn -0.204724 -0.976378 -0.0551181
vn -0.212598 -0.976378 0
vn -0.992126 -0.149606 -0.00787402
vn -0.952756 -0.149606 0.251969
vn -0.212598 -0.976378 0
vn -0.204724 -0.976378 0.0551181
vn -0.858268 -0.141732 0.496063
vn 0.937008 -0.244094 0.251969
vn -0.181102 -0.976378 0.110236
vn -0.692913 -0.141732 0.708661
vn -0.204724 -0.976378 0.0551181
vn 0.968504 -0.244094 0
vn 0.834646 -0.244094 0.488189
vn 0.968504 -0.244094 0
vn 0.937008 -0.244094 -0.251969
vn 0.685039 -0.244094 0.685039
vn 0.937008 -0.244094 0.251969
vn 0.84252 -0.244094 0.488189
vn 0.685039 -0.244094 0.685039
vn 0.488189 -0.244094 0.84252
vn 0.173228 0.968504 0.173228
vn 0.212598 0.968504 0.11811
vn 0.11811 0.968504 0.212598
vn 0.0629921 0.968504 0.23622
vn 0.11811 0.968504 0.212598
vn 0.173228 0.968504 0.173228
vn 0.23622 0.968504 0.0629921
vn -0.401575 0.622047 -0.677165
vn 0.212598 0.968504 0.11811
vn -0.559055 0.622047 -0.551181
vn 0.23622 0.968504 0.0629921
vn 0.244094 0.968504 0
vn -0.677165 0.622047 -0.401575
vn 0.448819 0.645669 0.614173
vn 0.511811 0.629921 0.582677
vn 0.653543 0.464567 0.598425
vn 0.905512 0.0314961 0.417323
vn 0.787402 -0.606299 -0.133858
vn 0.433071 0.708661 0.551181
vn 0.645669 -0.755906 -0.133858
vn 0.527559 -0.669291 -0.527559
vn 0.433071 0.708661 0.551181
vn 0.535433 0.653543 0.527559
vn -0.125984 -0.976378 -0.165354
vn 0.393701 -0.740157 -0.543307
vn 0.543307 -0.393701 -0.740157
vn -0.125984 -0.976378 -0.165354
vn 0.322835 -0.433071 -0.84252
vn 0.551181 -0.141732 -0.818898
vn -0.125984 -0.976378 -0.181102
vn -0.574803 -0.307087 -0.755906
vn 0.535433 0.653543 0.527559
vn 0.629921 0.598425 0.503937
vn 0.251969 -0.228346 -0.937008
vn 0.559055 -0.0787402 -0.826772
vn -0.574803 -0.299213 -0.76378
vn 0.228346 -0.149606 -0.96063
vn 0.527559 -0.0472441 -0.850394
vn 0.629921 0.598425 0.503937
vn 0.204724 -0.0944882 -0.976378
vn 0.511811 -0.0472441 -0.858268
vn -0.574803 -0.259843 -0.771654
vn -0.11811 -0.976378 -0.188976
vn 0.448819 -0.0866142 0.889764
vn 0.669291 0.433071 0.606299
vn 0.771654 0.385827 0.503937
vn 0.653543 0.0629921 0.755906
vn -0.141732 -0.669291 0.732283
vn -0.149606 -0.771654 0.622047
vn -0.527559 -0.677165 0.511811
vn -0.11811 -0.976378 -0.188976
vn -0.543307 -0.740157 0.393701
vn -0.76378 -0.338583 0.551181
vn -0.866142 -0.433071 0.259843
vn -0.826772 -0.11811 0.543307
vn -0.125984 -0.976378 -0.181102
vn -0.748031 -0.307087 -0.590551
vn -0.661417 -0.307087 -0.677165
vn -0.748031 -0.291339 -0.590551
vn -0.952756 -0.228346 0.19685
vn -0.826772 -0.125984 0.551181
vn -0.669291 -0.299213 -0.685039
vn -0.96063 -0.188976 0.212598
vn -0.771654 -0.251969 -0.590551
vn -0.677165 -0.259843 -0.685039
vn -0.968504 -0.141732 0.220472
vn -0.826772 -0.110236 0.551181
vn -0.787402 -0.19685 -0.582677
vn -0.834646 -0.0393701 0.543307
vn -0.700787 -0.204724 -0.685039
vn -0.80315 -0.125984 -0.590551
vn -0.976378 -0.0551181 0.204724
vn -0.826772 0.00787402 0.566929
vn -0.590551 -0.204724 -0.779528
vn -0.976378 0.00787402 0.220472
vn -0.708661 -0.125984 -0.692913
vn 0.204724 -0.0629921 -0.976378
vn -0.614173 -0.125984 -0.779528
vn -0.173228 0.377953 0.905512
vn -0.0314961 0.574803 0.818898
vn 0.15748 0.566929 0.811024
vn -0.629921 0.0393701 0.779528
vn -0.850394 -0.488189 0.204724
vn -0.110236 0.622047 0.779528
vn -0.748031 -0.637795 0.173228
vn -0.858268 -0.488189 -0.133858
vn -0.110236 0.622047 0.779528
vn -0.212598 0.622047 0.755906
vn -0.212598 0.622047 0.755906
vn 0.0314961 -0.976378 -0.212598
vn -0.771654 -0.574803 -0.283465
vn -0.929134 -0.181102 -0.314961
vn 0.0314961 -0.976378 -0.212598
vn -0.795276 -0.283465 -0.535433
vn -0.92126 -0.0866142 -0.385827
vn -0.314961 0.614173 0.724409
vn -0.314961 0.614173 0.724409
vn -0.0472441 -0.102362 0.992126
vn -0.330709 0.496063 0.80315
vn 0.0393701 -0.976378 -0.212598
vn -0.338583 0.0866142 0.937008
vn -0.496063 0.503937 0.708661
vn 0.330709 -0.795276 0.503937
vn 0.346457 -0.84252 0.409449
vn 0.645669 -0.76378 0.015748
vn 0.0314961 -0.976378 -0.212598
vn 0.0393701 -0.976378 -0.212598
vn 0.637795 -0.771654 -0.0314961
vn 0.897638 -0.433071 -0.023622
vn 0.0314961 -0.976378 -0.212598
vn 0.866142 -0.456693 -0.204724
vn 0.984252 -0.188976 -0.015748
vn 0.11811 -0.291339 -0.952756
vn 0.244094 -0.299213 -0.92126
vn 0.362205 -0.299213 -0.88189
vn 0.913386 -0.259843 -0.322835
vn 0.992126 -0.125984 -0.00787402
vn 0.370079 -0.283465 -0.88189
vn 0.244094 -0.291339 -0.929134
vn 0.11811 -0.283465 -0.952756
vn 0.897638 -0.188976 -0.401575
vn 0.992126 -0.0866142 0.023622
vn 0.377953 -0.259843 -0.889764
vn 0.913386 -0.125984 -0.377953
vn 0.992126 -0.0472441 0.102362
vn 0.377953 -0.204724 -0.905512
vn 0.251969 -0.259843 -0.929134
vn 0.259843 -0.204724 -0.944882
vn 0.96063 -0.0787402 -0.267717
vn 0.984252 -0.00787402 0.188976
vn 0.377953 -0.125984 -0.913386
vn 0.259843 -0.125984 -0.96063
vn 0.133858 -0.204724 -0.968504
vn 0.125984 -0.259843 -0.96063
vn 0.259843 0.716535 0.645669
vn 0.291339 0.708661 0.645669
vn 0.0866142 0.464567 0.88189
vn -0.0551181 0.173228 0.984252
vn -0.559055 -0.527559 0.637795
vn 0.267717 0.748031 0.606299
vn 0.267717 0.748031 0.606299
vn -0.480315 -0.669291 0.566929
vn -0.740157 -0.637795 0.212598
vn -0.110236 -0.976378 -0.188976
vn 0.204724 0.724409 0.653543
vn 0.204724 0.724409 0.653543
vn 0.133858 0.700787 0.700787
vn -0.708661 -0.685039 0.149606
vn -0.937008 -0.330709 0.133858
vn -0.110236 -0.976378 -0.188976
vn -0.913386 -0.401575 -0.0944882
vn -0.992126 -0.125984 0.0472441
vn 0.133858 0.700787 0.700787
vn -0.968504 -0.181102 -0.149606
vn -0.992126 -0.133858 0.023622
vn 0.606299 0.015748 0.795276
vn 0.0866142 0.590551 0.80315
vn -0.0944882 -0.976378 -0.204724
vn 0.228346 0.330709 0.913386
vn -0.0787402 0.598425 0.795276
vn 0.771654 -0.606299 0.204724
vn 0.724409 -0.661417 0.173228
vn 0.779528 -0.590551 -0.204724
vn -0.102362 -0.976378 -0.19685
vn -0.102362 -0.976378 -0.19685
vn -0.0944882 -0.976378 -0.204724
vn 0.76378 -0.606299 -0.228346
vn 0.897638 -0.307087 -0.314961
vn 0.787402 -0.338583 -0.519685
vn 0.897638 -0.133858 -0.417323
vn -0.133858 -0.307087 -0.944882
vn 0.771654 -0.181102 -0.614173
vn 0.889764 -0.110236 -0.448819
vn -0.125984 -0.283465 -0.952756
vn -0.251969 -0.307087 -0.913386
vn -0.370079 -0.307087 -0.874016
vn -0.251969 -0.291339 -0.92126
vn -0.370079 -0.299213 -0.88189
vn -0.110236 -0.259843 -0.96063
vn -0.244094 -0.259843 -0.937008
vn -0.976378 -0.165354 -0.149606
vn -0.992126 -0.11811 0.0314961
vn -0.370079 -0.259843 -0.889764
vn -0.968504 -0.149606 -0.212598
vn -0.992126 -0.0866142 0.0551181
vn -0.96063 -0.102362 -0.259843
vn -1 0.023622 0.0787402
vn -0.377953 -0.19685 -0.905512
vn -0.952756 0.015748 -0.314961
vn -0.251969 -0.212598 -0.944882
vn -0.393701 -0.110236 -0.913386
vn -0.937008 0.0944882 -0.330709
vn -0.401575 0 -0.913386
vn -0.992126 0.0629921 0.11811
vn -0.267717 -0.11811 -0.952756
vn -0.275591 0 -0.96063
vn -0.724409 -0.645669 0.23622
vn -0.677165 -0.724409 -0.133858
vn -0.653543 -0.700787 0.283465
vn -0.023622 -0.976378 0.220472
vn -0.732283 -0.645669 -0.212598
vn -0.559055 0.11811 -0.818898
vn -0.125984 0.448819 -0.88189
vn 0.0472441 0.732283 -0.685039
vn 0.23622 0.740157 -0.629921
vn -0.0708661 0.716535 -0.700787
vn -0.015748 -0.976378 0.220472
vn -0.0708661 0.716535 -0.700787
vn -0.188976 0.685039 -0.700787
vn -0.188976 0.685039 -0.700787
vn 0.0314961 -0.976378 0.212598
vn 0.0314961 -0.976378 0.212598
vn 0.110236 -0.307087 0.944882
vn 0.23622 -0.307087 0.92126
vn 0.23622 -0.291339 0.929134
vn -0.299213 0.653543 -0.692913
vn -0.299213 0.653543 -0.692913
vn 0.0787402 -0.976378 0.19685
vn 0.0551181 0.00787402 -1
vn -0.338583 0.590551 -0.732283
vn -0.299213 0.251969 -0.92126
vn -0.511811 0.566929 -0.645669
vn 0.527559 -0.645669 -0.551181
vn 0.488189 -0.748031 -0.448819
vn 0.732283 -0.661417 -0.173228
vn 0.645669 -0.755906 -0.0944882
vn 0.88189 -0.440945 -0.181102
vn 0.0787402 -0.976378 0.19685
vn 0.889764 -0.417323 0.173228
vn 0.976378 -0.0866142 -0.188976
vn 0.354331 -0.314961 0.88189
vn 0.354331 -0.283465 0.889764
vn 0.96063 -0.181102 0.212598
vn 0.992126 -0.0551181 -0.141732
vn 0.976378 -0.110236 0.165354
vn 0.992126 -0.0314961 -0.110236
vn 0.251969 -0.251969 0.937008
vn 0.11811 -0.251969 0.96063
vn 0.11811 -0.204724 0.968504
vn 0.377953 -0.244094 0.897638
vn 0.259843 -0.204724 0.944882
vn 0.259843 -0.125984 0.96063
vn 0.984252 -0.0787402 0.15748
vn 0.992126 -0.015748 -0.0944882
vn 0.393701 -0.204724 0.897638
vn 0.984252 -0.0472441 0.181102
vn 0.976378 0 0.212598
vn 0.385827 -0.125984 0.913386
vn 0.401575 0.015748 0.913386
vn 0.267717 0.00787402 0.96063
vn -0.614173 -0.0393701 -0.787402
vn -0.76378 -0.23622 -0.606299
vn -0.700787 -0.267717 -0.661417
vn -0.401575 0.0944882 -0.913386
vn 0.188976 0.590551 -0.787402
vn -0.755906 -0.346457 -0.559055
vn 0.244094 0.637795 -0.724409
vn 0.637795 0.566929 -0.519685
vn -0.755906 -0.346457 -0.559055
vn 0.228346 0.968504 0.11811
vn -0.661417 -0.385827 -0.637795
vn -0.661417 -0.385827 -0.637795
vn 0.19685 0.968504 0.149606
vn -0.559055 -0.417323 -0.716535
vn 0.622047 0.614173 -0.488189
vn 0.866142 0.338583 -0.370079
vn 0.228346 0.968504 0.11811
vn 0.818898 0.275591 -0.503937
vn -0.559055 -0.417323 -0.716535
vn 0.15748 0.968504 0.188976
vn -0.905512 0.133858 -0.401575
vn -0.582677 -0.370079 -0.724409
vn -0.740157 -0.0866142 -0.669291
vn -0.488189 -0.393701 -0.779528
vn -0.700787 0.677165 0.212598
vn -0.677165 0.692913 0.244094
vn -0.511811 0.614173 0.598425
vn -0.480315 0.614173 0.622047
vn -0.511811 0.291339 0.811024
vn 0.15748 0.968504 0.188976
vn -0.370079 0.354331 0.858268
vn 0.19685 0.968504 0.149606
vn 0.606299 0.299213 0.740157
vn 0.685039 0.299213 0.661417
vn 0.755906 0.307087 0.574803
vn 0.598425 0.283465 0.748031
vn -0.275591 0.204724 0.937008
vn -0.527559 0.133858 0.84252
vn -0.259843 0.149606 0.952756
vn -0.551181 0.0944882 0.826772
vn -0.559055 0.0787402 0.826772
vn -0.251969 0.110236 0.96063
vn -0.535433 0.0472441 0.84252
vn 0.590551 0.251969 0.76378
vn -0.23622 0.0629921 0.968504
vn -0.488189 0.00787402 0.874016
vn 0.598425 0.204724 0.779528
vn 0.685039 0.291339 0.669291
vn 0.685039 0.259843 0.677165
vn 0.76378 0.291339 0.582677
vn 0.76378 0.259843 0.590551
vn 0.929134 0.204724 -0.314961
vn 0.826772 0.141732 -0.543307
vn 0.937008 0.149606 -0.314961
vn 0.80315 0.0866142 -0.590551
vn 0.787402 0.0708661 -0.606299
vn 0.944882 0.102362 -0.314961
vn 0.787402 0.0393701 -0.622047
vn 0.779528 0.204724 0.598425
vn 0.952756 0.0708661 -0.291339
vn 0.779528 0 -0.622047
vn 0.692913 0.204724 0.692913
vn 0.787402 0.11811 0.606299
vn 0.96063 0 -0.275591
vn 0.96063 -0.0708661 -0.267717
vn 0.795276 0 0.606299
vn 0.787402 -0.0393701 -0.622047
vn 0.606299 0.11811 0.787402
vn 0.700787 0.11811 0.700787
vn -0.188976 0.00787402 0.984252
vn 0.606299 0 0.795276
vn 0.708661 0 0.708661
vn 0.692913 0.448819 -0.559055
vn 0.645669 0.141732 -0.748031
vn 0.771654 0.433071 -0.464567
vn 0.425197 -0.0551181 -0.905512
vn -0.19685 -0.598425 -0.779528
vn 0.692913 0.519685 -0.503937
vn -0.181102 -0.716535 -0.669291
vn -0.519685 -0.637795 -0.566929
vn 0.692913 0.519685 -0.503937
vn -0.519685 -0.740157 -0.433071
vn -0.716535 -0.385827 -0.574803
vn -0.19685 -0.976378 0.102362
vn 0.606299 0.551181 -0.574803
vn 0.606299 0.551181 -0.574803
vn 0.503937 0.574803 -0.645669
vn -0.19685 -0.976378 0.102362
vn -0.165354 -0.976378 0.141732
vn 0.503937 0.574803 -0.645669
vn 0.929134 -0.0787402 -0.370079
vn 0.464567 0.543307 -0.700787
vn -0.133858 -0.976378 0.173228
vn 0.574803 0.354331 -0.740157
vn 0.259843 0.582677 -0.771654
vn 0.787402 -0.582677 0.220472
vn 0.653543 -0.724409 0.204724
vn 0.598425 -0.566929 0.566929
vn -0.133858 -0.976378 0.173228
vn 0.456693 -0.677165 0.574803
vn 0.653543 -0.275591 0.700787
vn -0.165354 -0.976378 0.141732
vn 0.370079 -0.393701 0.84252
vn -0.574803 -0.299213 0.755906
vn -0.677165 -0.307087 0.669291
vn -0.582677 -0.291339 0.76378
vn 0.330709 -0.204724 0.92126
vn 0.669291 -0.0944882 0.732283
vn 0.291339 -0.149606 0.944882
vn 0.645669 -0.0866142 0.755906
vn -0.755906 -0.299213 0.574803
vn 0.251969 -0.110236 0.96063
vn 0.559055 -0.0866142 0.826772
vn 0.503937 -0.023622 0.858268
vn -0.598425 -0.204724 0.779528
vn 0.283465 -0.0472441 0.96063
vn 0.527559 0.023622 0.850394
vn -0.84252 -0.456693 -0.283465
vn -0.755906 -0.299213 0.582677
vn -0.944882 -0.259843 -0.204724
vn -0.795276 -0.141732 -0.582677
vn -0.968504 -0.149606 -0.204724
vn -0.795276 -0.0944882 -0.598425
vn -0.818898 -0.0551181 -0.566929
vn -0.669291 -0.291339 0.677165
vn -0.755906 -0.251969 0.606299
vn -0.976378 -0.0944882 -0.212598
vn -0.834646 -0.0472441 -0.551181
vn -0.771654 -0.19685 0.606299
vn -0.984252 -0.0787402 -0.181102
vn -0.850394 -0.00787402 -0.527559
vn -0.677165 -0.259843 0.692913
vn -0.590551 -0.259843 0.76378
vn -0.692913 -0.19685 0.692913
vn -0.787402 -0.11811 0.606299
vn -0.606299 -0.11811 0.787402
vn -0.700787 -0.11811 0.700787
vn -0.992126 0 -0.149606
vn -0.795276 0 0.606299
vn -0.708661 0 0.700787
vn -0.992126 0.0708661 -0.133858
vn -0.874016 0.0472441 -0.488189
vn -0.787402 0.11811 0.606299
vn -0.708661 0.11811 0.700787
vn -0.614173 0 0.787402
vn -0.976378 0.102362 -0.173228
vn -0.858268 0.0787402 -0.511811
vn -0.80315 0.102362 -0.582677
vn -0.779528 0.19685 0.598425
vn -0.952756 0.15748 -0.251969
vn -0.80315 0.149606 -0.574803
vn -0.76378 0.259843 0.590551
vn -0.692913 0.204724 0.692913
vn -0.677165 0.267717 0.685039
vn -0.92126 0.228346 -0.314961
vn -0.795276 0.283465 -0.535433
vn -0.755906 0.291339 0.582677
vn -0.84252 0.354331 -0.409449
vn -0.614173 0.566929 -0.543307
vn -0.669291 0.299213 0.685039
vn -0.590551 0.267717 0.76378
vn -0.661417 0.299213 0.685039
vn -0.755906 0.299213 0.574803
vn -0.606299 0.606299 -0.511811
vn -0.267717 0.661417 -0.700787
vn -0.212598 0.629921 -0.740157
vn -0.188976 0.976378 0.102362
vn -0.188976 0.976378 0.102362
vn 0.370079 0.15748 -0.913386
vn 0.653543 0.015748 -0.755906
vn 0.716535 -0.283465 -0.637795
vn 0.811024 -0.259843 -0.527559
vn 0.755906 -0.362205 -0.551181
vn 0.755906 -0.362205 -0.551181
vn 0.645669 -0.409449 -0.637795
vn 0.645669 -0.409449 -0.637795
vn 0.527559 -0.456693 -0.716535
vn -0.11811 0.976378 0.173228
vn 0.527559 -0.456693 -0.716535
vn -0.11811 0.976378 0.173228
vn -0.0393701 0.968504 0.23622
vn 0.92126 0.0393701 -0.385827
vn 0.480315 -0.496063 -0.724409
vn 0.661417 -0.244094 -0.708661
vn 0.338583 -0.527559 -0.779528
vn 0.748031 0.622047 0.23622
vn 0.740157 0.606299 0.291339
vn 0.598425 0.519685 0.614173
vn 0.559055 0.511811 0.653543
vn -0.0393701 0.968504 0.23622
vn -0.551181 0.299213 0.779528
vn 0.417323 0.291339 0.858268
vn 0.590551 0.212598 0.779528
vn -0.559055 0.299213 0.771654
vn 0.291339 0.244094 0.92126
vn 0.590551 0.149606 0.795276
vn 0.283465 0.181102 0.944882
vn 0.637795 0.110236 0.76378
vn 0.267717 0.0708661 0.96063
vn 0.645669 0.023622 0.76378
vn 0.582677 0.00787402 0.811024
vn -0.606299 0.204724 0.771654
vn 0.23622 0.0393701 0.968504
vn -0.614173 0.11811 0.779528
vn 0.291339 0.015748 0.96063
vn -0.80315 -0.015748 -0.598425
vn -0.716535 -0.015748 -0.700787
vn -0.614173 -0.00787402 -0.787402
vn 0.267717 -0.015748 -0.96063
vn 0.527559 -0.023622 -0.850394
vn -0.708661 0.0708661 -0.700787
vn -0.80315 0.0629921 -0.598425
vn -0.606299 0.0708661 -0.787402
vn 0.346457 0.0472441 -0.937008
vn 0.551181 0.0393701 -0.834646
vn 0.377953 0.11811 -0.92126
vn 0.551181 0.0944882 -0.826772
vn -0.700787 0.15748 -0.692913
vn -0.606299 0.15748 -0.779528
vn 0.393701 0.165354 -0.905512
vn 0.559055 0.125984 -0.818898
vn 0.409449 0.181102 -0.897638
vn 0.543307 0.125984 -0.826772
vn 0.496063 0.267717 -0.826772
vn -0.590551 0.259843 -0.76378
vn 0.464567 0.267717 -0.84252
vn 0.527559 0.574803 -0.622047
vn 0.472441 0.622047 -0.622047
vn -0.574803 0.346457 -0.748031
vn -0.551181 0.401575 -0.732283
vn 0.724409 0.645669 -0.244094
vn 0.669291 0.708661 -0.23622
vn 0.787402 -0.11811 0.606299
vn -0.125984 0.976378 -0.165354
vn -0.125984 0.976378 -0.165354
vn -0.645669 0.409449 -0.645669
vn -0.149606 0.976378 -0.141732
vn -0.149606 0.976378 -0.141732
vn 0.551181 -0.464567 0.692913
vn 0.88189 0.0472441 0.464567
vn 0.527559 -0.448819 0.716535
vn 0.519685 -0.464567 0.724409
vn 0.551181 -0.464567 0.692913
vn 0.645669 -0.433071 0.629921
vn 0.645669 -0.433071 0.629921
vn 0.732283 -0.401575 0.551181
vn 0.732283 -0.401575 0.551181
vn 0.503937 0.0708661 0.858268
vn 0.716535 -0.338583 0.614173
vn 0.708661 -0.314961 0.629921
vn 0.535433 0.0944882 0.84252
vn -0.15748 0.645669 0.748031
vn -0.141732 0.795276 0.590551
vn -0.165354 0.976378 -0.125984
vn -0.165354 0.976378 -0.125984
vn -0.645669 0.637795 0.425197
vn -0.590551 0.740157 0.314961
vn -0.88189 0.362205 0.299213
vn -0.724409 0.401575 -0.551181
vn -0.897638 0.370079 0.23622
vn -0.889764 0.15748 0.433071
vn -0.748031 0.346457 -0.566929
vn -0.952756 0.220472 0.212598
vn -0.80315 0.0787402 0.582677
vn -0.661417 0.346457 -0.661417
vn -0.76378 0.259843 -0.582677
vn -0.685039 0.259843 -0.677165
vn -0.937008 0.149606 0.314961
vn -0.740157 0.0551181 0.669291
vn -0.787402 0.15748 -0.590551
vn -0.929134 0.102362 0.346457
vn -0.952756 0.0629921 0.299213
vn -0.76378 0.0472441 0.645669
vn -0.228346 -0.0708661 0.968504
vn -0.503937 -0.0551181 0.858268
vn 0.700787 -0.11811 0.700787
vn 0.606299 -0.11811 0.787402
vn -0.291339 -0.110236 0.952756
vn -0.551181 -0.0866142 0.826772
vn -0.574803 -0.0944882 0.811024
vn 0.787402 -0.11811 0.606299
vn 0.692913 -0.204724 0.692913
vn 0.598425 -0.204724 0.779528
vn -0.299213 -0.149606 0.944882
vn -0.291339 -0.212598 0.937008
vn -0.582677 -0.11811 0.80315
vn 0.590551 -0.251969 0.76378
vn 0.685039 -0.259843 0.685039
vn 0.779528 -0.204724 0.598425
vn 0.96063 -0.110236 -0.251969
vn -0.629921 0.291339 0.716535
vn -0.511811 0.488189 0.700787
vn -0.354331 0.527559 0.771654
vn -0.913386 -0.102362 0.393701
vn -0.779528 -0.590551 -0.204724
vn -0.519685 0.535433 0.661417
vn -0.669291 -0.724409 -0.173228
vn -0.582677 -0.582677 -0.559055
vn -0.519685 0.535433 0.661417
vn -0.488189 -0.692913 -0.527559
vn -0.614173 -0.330709 -0.716535
vn 0.133858 -0.976378 -0.173228
vn 0.133858 -0.976378 -0.173228
vn -0.299213 -0.377953 -0.874016
vn -0.582677 -0.0866142 -0.811024
vn 0.15748 -0.976378 -0.141732
vn 0.574803 -0.291339 -0.76378
vn -0.204724 -0.173228 -0.96063
vn -0.574803 -0.0866142 -0.811024
vn 0.574803 -0.275591 -0.771654
vn 0.15748 -0.976378 -0.141732
vn -0.220472 -0.165354 -0.96063
vn -0.614173 -0.110236 -0.779528
vn 0.677165 -0.299213 -0.677165
vn 0.574803 -0.251969 -0.779528
vn -0.291339 -0.165354 -0.944882
vn -0.692913 -0.0708661 -0.724409
vn 0.574803 -0.19685 -0.795276
vn 0.677165 -0.283465 -0.685039
vn 0.677165 -0.251969 -0.685039
vn -0.377953 -0.0944882 -0.92126
vn -0.740157 0 -0.677165
vn 0.582677 -0.11811 -0.80315
vn 0.685039 -0.204724 -0.692913
vn 0.771654 -0.244094 -0.582677
vn 0.582677 0 -0.811024
vn -0.456693 0 -0.889764
vn -0.480315 0.0551181 -0.874016
vn -0.732283 0.023622 -0.677165
vn 0.590551 0.110236 -0.80315
vn -0.425197 0.102362 -0.897638
vn -0.700787 0.0472441 -0.716535
vn 0.685039 0.11811 -0.716535
vn 0.685039 0 -0.724409
vn 0.692913 -0.125984 -0.708661
vn 0.771654 -0.00787402 -0.629921
vn 0.787402 -0.133858 -0.606299
vn 0.984252 -0.023622 0.181102
vn 0.787402 -0.19685 -0.582677
vn 0.96063 -0.0629921 0.267717
vn 0.937008 -0.0866142 0.338583
vn 0.80315 -0.023622 0.598425
vn 0.826772 -0.015748 0.566929
vn 0.80315 -0.0472441 0.590551
vn 0.913386 -0.133858 0.377953
vn 0.748031 -0.0708661 0.653543
vn 0.76378 -0.283465 -0.582677
vn 0.905512 -0.15748 0.393701
vn 0.732283 -0.0787402 0.677165
vn 0.84252 -0.346457 0.409449
vn 0.692913 -0.291339 0.661417
vn 0.76378 -0.299213 -0.574803
vn 0.566929 -0.606299 0.559055
vn 0.535433 -0.629921 0.566929
vn 0.188976 -0.976378 -0.110236
vn 0.19685 -0.637795 0.740157
vn 0.188976 -0.645669 0.740157
vn 0.188976 -0.976378 -0.110236
vn -0.440945 -0.0551181 0.897638
vn -0.622047 0.0629921 0.779528
vn -0.692913 0.409449 0.590551
vn -0.76378 0.377953 0.527559
vn -0.708661 0.480315 0.519685
vn -0.708661 0.480315 0.519685
vn -0.622047 0.511811 0.598425
vn -0.622047 0.511811 0.598425
vn -0.92126 0.00787402 0.385827
vn -0.968504 0 0.259843
vn -0.984252 -0.11811 0.133858
vn -0.992126 0 0.125984
vn -0.913386 0.125984 0.393701
vn -0.267717 0.110236 0.96063
vn -0.023622 0.0787402 1
vn -0.96063 0.125984 0.259843
vn -0.897638 0.19685 0.393701
vn -0.338583 0.102362 0.937008
vn -0.0472441 0.0551181 1
vn -0.984252 0.11811 0.125984
vn -0.944882 0.19685 0.259843
vn -0.889764 0.251969 0.377953
vn -0.267717 0.133858 0.952756
vn 0.0629921 0.0787402 0.992126
vn -0.88189 0.291339 0.362205
vn -0.165354 0.173228 0.968504
vn 0.125984 0.110236 0.984252
vn -0.0472441 0.377953 0.929134
vn 0.149606 0.23622 0.96063
vn -0.929134 0.259843 0.251969
vn 0.181102 0.598425 0.779528
vn 0.228346 0.519685 0.826772
vn -0.968504 0.204724 0.125984
vn 0.480315 0.645669 0.598425
vn 0.551181 0.606299 0.582677
vn -0.19685 0.976378 0.0629921
vn -0.88189 0.307087 0.362205
vn -0.92126 0.299213 0.23622
vn 0.96063 0.181102 0.19685
vn 0.984252 0 -0.15748
vn 0.937008 -0.228346 -0.267717
vn 0.889764 -0.23622 -0.393701
vn 0.88189 -0.322835 -0.354331
vn 0.88189 -0.322835 -0.354331
vn 0.92126 -0.314961 -0.228346
vn -0.19685 0.976378 0.0629921
vn 0.92126 -0.314961 -0.228346
vn 0.944882 -0.299213 -0.102362
vn -0.204724 0.976378 -0.015748
vn 0.944882 -0.299213 -0.102362
vn -0.212598 0.976378 -0.015748
vn -0.220472 0.968504 -0.0866142
vn 0.692913 0.165354 -0.700787
vn 0.944882 -0.23622 -0.23622
vn 0.913386 -0.0551181 -0.401575
vn 0.968504 -0.220472 -0.133858
vn 0.133858 0.440945 -0.889764
vn 0.0629921 0.645669 -0.76378
vn -0.92126 0.314961 0.23622
vn -0.944882 0.314961 0.102362
vn -0.19685 0.614173 -0.76378
vn -0.212598 0.425197 -0.88189
vn -0.220472 0.968504 -0.0866142
vn -0.338583 0.307087 -0.889764
vn -0.370079 0.259843 -0.889764
vn -0.535433 0.181102 -0.826772
vn -0.409449 0.15748 -0.897638
vn -0.944882 0.299213 0.110236
vn -0.385827 0.0944882 -0.913386
vn -0.96063 0.259843 0.11811
vn -0.629921 0.149606 -0.755906
vn -0.425197 0.0393701 -0.905512
vn -0.692913 0.0944882 -0.716535
vn -0.472441 0.0393701 -0.88189
vn -0.76378 0.0708661 -0.645669
vn -0.464567 0.015748 -0.889764
vn -0.755906 0.015748 -0.653543
vn -0.685039 -0.0708661 -0.724409
vn -0.425197 -0.0472441 -0.905512
vn -0.629921 -0.102362 -0.771654
vn -0.401575 -0.0629921 -0.913386
vn -0.637795 -0.125984 -0.755906
vn -0.125984 0 0.992126
vn -0.244094 -0.11811 0.96063
vn -0.125984 -0.11811 0.984252
vn -1 -0.023622 -0.00787402
vn -1 -0.0629921 0.023622
vn -0.937008 -0.0866142 0.338583
vn -0.354331 -0.110236 0.929134
vn -0.354331 -0.212598 0.913386
vn -0.251969 0 0.968504
vn -0.251969 0.11811 0.96063
vn -0.370079 0.00787402 0.929134
vn -0.937008 -0.015748 0.346457
vn -0.377953 0.11811 0.92126
vn -0.952756 0.0708661 0.291339
vn -1 0.0551181 -0.0393701
vn -0.370079 0.19685 0.905512
vn -0.244094 0.204724 0.944882
vn -0.952756 0.110236 0.291339
vn -0.992126 0.0787402 -0.0708661
vn -0.362205 0.267717 0.889764
vn -0.23622 0.267717 0.937008
vn -0.102362 0.267717 0.96063
vn -0.944882 0.149606 0.299213
vn -0.992126 0.0787402 -0.0866142
vn -0.370079 0.299213 0.88189
vn -0.23622 0.299213 0.92126
vn -0.96063 0.212598 0.19685
vn -0.984252 0.133858 -0.0787402
vn -0.370079 0.314961 0.874016
vn -0.102362 0.291339 0.952756
vn 0.653543 0.212598 0.724409
vn 0.740157 0.322835 0.582677
vn -0.937008 0.338583 0.0472441
vn -0.952756 0.283465 -0.0708661
vn -0.244094 0.307087 0.92126
vn -0.110236 0.299213 0.944882
vn -0.0472441 0.976378 0.204724
vn -0.11811 0.976378 0.181102
vn -0.0866142 0.976378 0.188976
vn -0.0866142 0.976378 0.188976
vn -0.11811 0.976378 0.181102
vn 0.330709 -0.551181 -0.76378
vn -0.795276 0.590551 -0.11811
vn -0.795276 0.590551 -0.15748
vn -0.574803 0.669291 -0.464567
vn -0.519685 0.677165 -0.519685
vn -0.0787402 0.0314961 -1
vn 0.330709 -0.551181 -0.76378
vn 0.275591 -0.125984 -0.952756
vn 0.362205 -0.503937 -0.787402
vn 0.511811 -0.488189 -0.700787
vn -0.133858 0.00787402 0.992126
vn 0.984252 -0.0866142 0.133858
vn 0.992126 0 0.149606
vn 0.637795 -0.0708661 -0.76378
vn 0.346457 0 -0.937008
vn 0.590551 -0.00787402 -0.811024
vn 0.622047 0.0472441 -0.779528
vn 0.346457 0.015748 -0.937008
vn 0.984252 0.125984 0.141732
vn 0.653543 0.0787402 -0.748031
vn 0.370079 0.0393701 -0.929134
vn 0.653543 0.15748 -0.740157
vn 0.377953 0.102362 -0.92126
vn 0.968504 0.204724 0.125984
vn 0.952756 0.125984 0.267717
vn 0.622047 0.23622 -0.748031
vn 0.385827 0.149606 -0.913386
vn 0.952756 0.267717 0.125984
vn 0.944882 0.204724 0.251969
vn 0.929134 0.267717 0.251969
vn 0.944882 0.307087 0.11811
vn 0.496063 0.322835 -0.80315
vn 0.354331 0.259843 -0.897638
vn 0.92126 0.299213 0.23622
vn 0.228346 0.543307 -0.811024
vn 0.220472 0.535433 -0.811024
vn 0.937008 0.322835 0.11811
vn -0.11811 0.598425 -0.795276
vn -0.15748 0.598425 -0.787402
vn 0.212598 0.976378 -0.0314961
vn 0.212598 0.976378 -0.0314961
vn -0.76378 0.141732 -0.629921
vn -0.92126 0.0314961 -0.393701
vn -0.937008 -0.322835 -0.110236
vn -0.944882 -0.244094 -0.220472
vn -0.968504 -0.228346 -0.125984
vn -0.937008 -0.322835 -0.110236
vn -0.929134 -0.291339 -0.220472
vn -0.929134 -0.291339 -0.220472
vn 0.220472 0.976378 -0.015748
vn -0.913386 -0.259843 -0.322835
vn -0.913386 -0.259843 -0.322835
vn 0.220472 0.976378 -0.015748
vn 0.220472 0.976378 0.00787402
vn -0.96063 0.283465 0.00787402
vn -0.937008 -0.125984 -0.322835
vn -0.96063 0.0708661 -0.283465
vn -0.897638 -0.165354 -0.401575
vn -0.503937 0.795276 0.338583
vn -0.480315 0.771654 0.417323
vn 0 0.732283 0.677165
vn -0.023622 0.708661 0.708661
vn 0.0866142 0.409449 0.905512
vn 0.220472 0.976378 0.00787402
vn 0.259843 0.425197 0.866142
vn 0.023622 0.188976 0.984252
vn 0.92126 0.307087 0.228346
vn 0.897638 0.291339 0.338583
vn -0.401575 0.125984 -0.905512
vn -0.952756 0.133858 -0.275591
vn -0.984252 0.0629921 0.181102
vn -0.393701 0.19685 -0.897638
vn -0.267717 0.125984 -0.952756
vn -0.141732 0.00787402 -0.992126
vn -0.952756 0.181102 -0.251969
vn -0.984252 0.0866142 0.165354
vn -0.385827 0.251969 -0.889764
vn -0.267717 0.204724 -0.944882
vn -0.133858 0.11811 -0.984252
vn -0.968504 0.181102 -0.149606
vn -0.992126 0.11811 0.0866142
vn -0.370079 0.299213 -0.88189
vn -0.937008 0.338583 -0.0472441
vn -0.952756 0.283465 0.0708661
vn -0.259843 0.259843 -0.929134
vn -0.370079 0.307087 -0.874016
vn -0.125984 0.204724 -0.968504
vn -0.251969 0.299213 -0.92126
vn -0.125984 0.259843 -0.96063
vn 0.740157 0.125984 -0.661417
vn 0.787402 0.173228 -0.590551
vn 0.913386 0.0787402 -0.409449
vn 0.905512 0.023622 -0.417323
vn 0.92126 0.133858 -0.370079
vn 0.700787 0.0551181 -0.716535
vn 0.905512 -0.00787402 -0.433071
vn 0.661417 -0.00787402 -0.748031
vn 0.84252 0.15748 -0.511811
vn 0.92126 0.110236 -0.377953
vn 0.645669 -0.0708661 -0.76378
vn 0.905512 -0.0314961 -0.417323
vn -0.141732 -0.11811 -0.984252
vn 0.685039 -0.125984 -0.716535
vn 0.905512 -0.0551181 -0.417323
vn -0.125984 -0.212598 -0.968504
vn 0.755906 -0.15748 -0.637795
vn 0.858268 0.23622 -0.448819
vn 0.889764 0.23622 -0.385827
vn -0.133858 0.291339 -0.944882
vn 0.826772 0.511811 -0.23622
vn 0.818898 0.519685 -0.244094
vn -0.259843 0.307087 -0.913386
vn -0.133858 0.307087 -0.944882
vn 0.00787402 0.976378 -0.212598
vn 0.826772 0.559055 0.0708661
vn 0.787402 0.598425 0.149606
vn -0.0314961 0.976378 -0.204724
vn 0.614173 -0.0393701 0.787402
vn 0.00787402 0.976378 -0.212598
vn 0.251969 -0.259843 0.929134
vn 0.00787402 -0.535433 0.84252
vn -0.110236 -0.559055 0.818898
vn 0.11811 -0.551181 0.826772
vn 0.11811 -0.551181 0.826772
vn -0.0314961 0.976378 -0.204724
vn 0.228346 -0.551181 0.80315
vn 0.228346 -0.551181 0.80315
vn -0.0787402 0.976378 -0.188976
vn -0.0787402 0.976378 -0.188976
vn -0.779528 0.606299 0.141732
vn -0.76378 0.629921 0.15748
vn -0.566929 0.661417 0.488189
vn -0.519685 0.708661 0.472441
vn 0.330709 -0.535433 0.779528
vn 0.330709 -0.535433 0.779528
vn -0.0314961 0.015748 1
vn 0.125984 -0.0629921 0.992126
vn 0.370079 -0.488189 0.787402
vn 0.409449 -0.488189 0.771654
vn 0.92126 0.299213 -0.251969
vn 0.96063 0.259843 -0.110236
vn 0.929134 0.267717 -0.244094
vn 0.976378 0.204724 -0.110236
vn 0.874016 0.299213 -0.385827
vn 0.874016 0.299213 -0.385827
vn 0.944882 0.204724 -0.244094
vn 0.96063 0.11811 -0.251969
vn 0.88189 0.267717 -0.377953
vn 0.905512 0.204724 -0.377953
vn 0.92126 0.11811 -0.377953
vn 0.968504 0 -0.259843
vn 0.149606 0.125984 -0.984252
vn 0.929134 0 -0.377953
vn 0.125984 0.173228 -0.976378
vn 0.181102 0.0944882 -0.976378
vn 0.220472 0 -0.976378
vn 0.92126 -0.11811 -0.377953
vn 0.96063 -0.11811 -0.259843
vn 0.905512 -0.204724 -0.377953
vn 0.23622 -0.11811 -0.968504
vn -0.141732 0.00787402 -0.992126
vn -0.204724 0.0551181 -0.976378
vn -0.188976 0.0708661 -0.976378
vn -0.110236 0.11811 -0.984252
vn 0.0787402 0.165354 -0.984252
vn -0.0472441 0.133858 -0.992126
vn -0.0551181 0.370079 -0.929134
vn -0.0629921 0.417323 -0.905512
vn 0.212598 0.976378 -0.023622
vn 0.212598 0.976378 -0.00787402
vn -0.149606 0.669291 -0.724409
vn -0.0393701 0.771654 -0.629921
vn -0.456693 0.700787 -0.551181
vn -0.354331 0.834646 -0.425197
vn -0.984252 0.0629921 0.181102
vn 0.212598 0.976378 -0.00787402
vn 0.212598 0.976378 -0.023622
vn 0.212598 0.976378 0.00787402
vn -0.913386 -0.330709 0.228346
vn 0.212598 0.976378 0.00787402
vn 0.212598 0.606299 0.76378
vn -0.110236 0.622047 0.771654
vn -0.15748 0.645669 0.748031
vn -0.944882 -0.314961 0.110236
vn -0.76378 0.173228 0.622047
vn -0.929134 0.0472441 0.370079
vn -0.944882 -0.314961 0.110236
vn -0.952756 -0.212598 0.228346
vn -0.968504 -0.19685 0.133858
vn -0.913386 -0.330709 0.228346
vn -0.874016 -0.338583 0.346457
vn -0.874016 -0.338583 0.346457
vn -0.952756 0.251969 -0.173228
vn -0.937008 -0.220472 0.267717
vn -0.897638 -0.251969 0.370079
vn 0.889764 0.291339 0.354331
vn 0.346457 0.267717 0.897638
vn -0.102362 0.102362 0.992126
vn 0.291339 0.165354 0.944882
vn -0.125984 0.0629921 0.992126
vn 0.889764 0.267717 0.370079
vn 0.283465 0.102362 0.952756
vn -0.102362 0.0472441 0.992126
vn 0.905512 0.19685 0.377953
vn 0.314961 0.0708661 0.944882
vn 0.913386 0.11811 0.385827
vn 0.259843 0.015748 0.968504
vn 0.92126 0.00787402 0.377953
vn 0.96063 0 0.267717
vn -0.771654 -0.165354 -0.614173
vn -0.913386 -0.0944882 -0.401575
vn -0.748031 -0.149606 -0.645669
vn -0.905512 -0.0944882 -0.417323
vn -0.755906 -0.125984 -0.645669
vn -0.88189 -0.0314961 -0.472441
vn -0.740157 -0.0551181 -0.669291
vn 0.141732 -0.11811 -0.984252
vn -0.669291 0.0314961 -0.748031
vn -0.858268 0.0314961 -0.511811
vn 0.141732 0 -0.992126
vn 0.259843 0 -0.968504
vn -0.614173 0.102362 -0.779528
vn -0.84252 0.0787402 -0.527559
vn 0.133858 0.11811 -0.984252
vn -0.645669 0.102362 -0.755906
vn -0.850394 0.0629921 -0.527559
vn -0.669291 0.110236 -0.732283
vn -0.866142 0.0551181 -0.496063
vn 0.133858 0.204724 -0.968504
vn 0.377953 0 -0.929134
vn -0.716535 0.212598 -0.661417
vn -0.88189 0.149606 -0.456693
vn 0.125984 0.267717 -0.952756
vn 0.984252 -0.00787402 -0.19685
vn 0.377953 0.11811 -0.92126
vn 0.976378 0.0866142 -0.19685
vn 0.984252 0.0551181 0.181102
vn 0.259843 0.11811 -0.96063
vn 0.377953 0.19685 -0.905512
vn 0.952756 0.125984 -0.267717
vn 0.984252 0.0866142 0.125984
vn 0.251969 0.204724 -0.944882
vn 0.370079 0.259843 -0.889764
vn 0.944882 0.165354 -0.291339
vn 0.984252 0.102362 0.11811
vn 0.251969 0.267717 -0.929134
vn 0.362205 0.299213 -0.88189
vn 0.944882 0.23622 -0.212598
vn 0.984252 0.149606 0.0866142
vn 0.244094 0.299213 -0.92126
vn 0.354331 0.307087 -0.88189
vn 0.937008 0.338583 -0.0944882
vn 0.952756 0.307087 0.0629921
vn 0.125984 0.299213 -0.944882
vn 0.244094 0.307087 -0.92126
vn 0 0.968504 -0.251969
vn 0.826772 0.551181 0.133858
vn 0.740157 0.661417 0.125984
vn 0.559055 0.692913 0.448819
vn 0.480315 0.80315 0.346457
vn 0 0.968504 -0.251969
vn -0.181102 0.15748 0.968504
vn 0.015748 0.976378 -0.228346
vn 0.125984 0.307087 -0.944882
vn 0.015748 0.976378 -0.228346
vn 0.023622 0.976378 -0.212598
vn -0.76378 0.330709 -0.559055
vn -0.874016 0.259843 -0.409449
vn -0.80315 0.503937 -0.314961
vn -0.724409 0.645669 -0.244094
vn -0.787402 0.590551 0.188976
vn -0.661417 0.724409 0.173228
vn 0.023622 0.976378 -0.212598
vn -0.433071 -0.149606 0.889764
vn -0.377953 -0.181102 0.905512
vn -0.110236 -0.582677 0.80315
vn -0.00787402 -0.590551 0.811024
vn -0.0551181 -0.606299 0.795276
vn -0.110236 -0.582677 0.80315
vn -0.212598 -0.559055 0.80315
vn -0.212598 -0.551181 0.80315
vn -0.307087 -0.519685 0.795276
vn -0.307087 -0.519685 0.795276
vn 0.0314961 0.141732 0.992126
vn -0.393701 -0.448819 0.80315
vn -0.472441 -0.456693 0.755906
vn 0.11811 -0.417323 -0.905512
vn 0.023622 -0.133858 -0.992126
vn 0.204724 -0.677165 -0.708661
vn -0.299213 -0.220472 -0.929134
vn -0.0314961 -0.0708661 -1
vn 0.496063 -0.716535 -0.488189
vn 0.559055 -0.629921 -0.535433
vn -0.314961 -0.11811 -0.944882
vn -0.0866142 -0.0787402 -0.992126
vn -0.889764 -0.244094 -0.377953
vn -0.346457 -0.102362 -0.929134
vn -0.0944882 -0.110236 -0.992126
vn -0.385827 -0.11811 -0.913386
vn -0.0551181 -0.0314961 -1
vn -0.897638 -0.19685 -0.393701
vn -0.944882 -0.19685 -0.259843
vn -0.952756 -0.11811 -0.267717
vn -0.905512 -0.125984 -0.401575
vn -0.338583 -0.023622 -0.937008
vn -0.913386 0 -0.401575
vn -0.96063 0 -0.267717
vn -0.307087 0.0472441 -0.952756
vn -0.023622 0.015748 -1
vn -0.905512 0.11811 -0.401575
vn -0.275591 0.110236 -0.952756
vn 0 0.102362 -0.992126
vn -0.897638 0.19685 -0.393701
vn -0.952756 0.11811 -0.267717
vn -0.283465 0.188976 -0.937008
vn 0.0393701 0.149606 -0.984252
vn -0.889764 0.259843 -0.377953
vn -0.944882 0.204724 -0.267717
vn -0.984252 0.11811 -0.133858
vn -0.267717 0.267717 -0.929134
vn 0 0.204724 -0.976378
vn -0.88189 0.299213 -0.354331
vn -0.204724 0.385827 -0.897638
vn -0.0551181 0.330709 -0.944882
vn -0.929134 0.267717 -0.259843
vn -0.968504 0.204724 -0.125984
vn 0.0314961 0.629921 -0.779528
vn 0.0393701 0.669291 -0.740157
vn -0.889764 0.307087 -0.346457
vn -0.92126 0.307087 -0.244094
vn -0.952756 0.267717 -0.125984
vn -0.913386 0.322835 -0.23622
vn -0.251969 0.968504 0.0787402
vn -0.937008 0.314961 -0.133858
vn -0.228346 0.976378 0.015748
vn -0.937008 0.330709 -0.133858
vn -0.653543 0.212598 0.724409
vn -0.228346 0.976378 0.015748
vn -0.204724 0.976378 -0.0472441
vn -0.464567 0.370079 0.80315
vn -0.251969 0.968504 0.0787402
vn 0.488189 0.716535 -0.496063
vn 0.433071 0.748031 -0.503937
vn 0.88189 -0.354331 0.322835
vn 0.984252 0.165354 -0.023622
vn 0.976378 0.19685 -0.0708661
vn 0.976378 -0.125984 0.173228
vn 0.992126 -0.0472441 0.102362
vn 0.88189 -0.354331 0.322835
vn 0.905512 -0.370079 0.220472
vn 0.905512 -0.370079 0.220472
vn 0.92126 -0.377953 0.11811
vn -0.204724 0.976378 -0.0472441
vn 0.92126 -0.377953 0.11811
vn 0.748031 0.244094 0.622047
vn 0.937008 -0.259843 0.228346
vn 0.92126 0.023622 0.385827
vn 0.96063 -0.244094 0.11811
vn 0.15748 0.629921 0.755906
vn 0.102362 0.755906 0.645669
vn -0.267717 0.700787 0.653543
vn -0.275591 0.590551 0.76378
vn -0.456693 0.314961 0.834646
vn -0.456693 0.141732 0.88189
vn -0.440945 0.0866142 0.889764
vn -0.771654 0.15748 0.614173
vn -0.488189 0.0866142 0.866142
vn -0.779528 0.110236 0.614173
vn -0.519685 0.0551181 0.850394
vn -0.76378 0.0787402 0.637795
vn -0.519685 0.015748 0.858268
vn -0.992126 0 -0.133858
vn -0.724409 0.015748 0.685039
vn -0.984252 -0.11811 -0.133858
vn -0.692913 -0.0551181 0.724409
vn -0.496063 -0.0393701 0.866142
vn -0.716535 -0.110236 0.692913
vn 0.952756 0.141732 -0.275591
vn 0.858268 0.133858 -0.496063
vn 0.748031 -0.622047 -0.220472
vn 0.661417 -0.629921 -0.409449
vn -0.259843 -0.96063 0.0708661
vn -0.267717 -0.96063 0
vn -0.228346 -0.96063 0.133858
vn -0.259843 -0.96063 -0.0708661
vn -0.267717 -0.96063 0
vn -0.259843 -0.96063 0.0708661
vn -0.228346 -0.96063 0.133858
vn -0.929134 0.275591 -0.251969
vn -0.228346 -0.96063 -0.141732
vn -0.96063 0.275591 0
vn -0.929134 0.275591 0.251969
vn -0.834646 0.275591 0.480315
vn -0.834646 0.275591 0.480315
vn -0.929134 0.275591 0.251969
vn 0.228346 0.96063 -0.133858
vn -0.96063 0.275591 0
vn 0.259843 0.96063 -0.0708661
vn 0.228346 0.96063 -0.133858
vn 0.267717 0.96063 0
vn -0.929134 0.275591 -0.251969
vn 0.259843 0.96063 -0.0708661
vn 0.858268 0.133858 -0.496063
vn 0.952756 0.141732 -0.275591
vn 0.267717 0.96063 0
vn 0.984252 0.15748 -0.00787402
vn 0.944882 0.15748 0.275591
vn 0.251969 0.968504 0.0708661
vn 0.259843 0.96063 0.0708661
vn 0.850394 0.141732 0.503937
vn -0.834646 0.275591 -0.480315
vn 0.228346 0.968504 0.133858
vn 0.228346 0.968504 0.133858
vn 0.692913 0.110236 0.708661
vn 0.188976 0.968504 0.181102
vn -0.834646 0.275591 -0.480315
vn -0.188976 -0.96063 -0.188976
vn 0.188976 0.968504 0.181102
vn 0.125984 0.968504 0.220472
vn 0.496063 0.125984 0.858268
vn 0.125984 0.968504 0.220472
vn -0.677165 0.275591 -0.677165
vn 0.0629921 0.968504 0.244094
vn 0.251969 0.141732 0.96063
vn -0.677165 0.275591 -0.677165
vn -0.480315 0.275591 -0.834646
vn -0.480315 0.275591 -0.834646
vn -0.133858 -0.96063 -0.228346
vn -0.133858 -0.96063 -0.228346
vn -0.0708661 -0.96063 -0.259843
vn -0.251969 0.275591 -0.929134
vn -0.0708661 -0.96063 -0.259843
vn 0 -0.96063 -0.267717
vn 0 -0.96063 -0.267717
vn 0 0.275591 -0.96063
vn -0.251969 0.275591 -0.929134
vn 0.0708661 -0.96063 -0.259843
vn 0.0708661 -0.96063 -0.259843
vn 0.133858 -0.96063 -0.228346
vn 0.0629921 0.968504 0.244094
vn 0 0.275591 -0.96063
vn 0.251969 0.275591 -0.929134
vn 0 0.96063 0.267717
vn 0.00787402 0.141732 0.992126
vn -0.251969 0.11811 0.96063
vn 0 0.96063 0.267717
vn -0.0708661 0.96063 0.259843
vn -0.488189 0.133858 0.858268
vn -0.0708661 0.96063 0.259843
vn -0.133858 0.96063 0.228346
vn -0.700787 0.15748 0.700787
vn 0.251969 0.275591 -0.929134
vn -0.133858 0.96063 0.228346
vn -0.188976 0.96063 0.188976
vn -0.228346 0.96063 0.133858
vn -0.228346 0.96063 0.133858
vn -0.188976 0.96063 0.188976
vn 0.834646 0.275591 -0.480315
vn 0.480315 0.275591 -0.834646
vn 0.677165 0.275591 -0.677165
vn 0.834646 0.275591 -0.480315
vn 0.677165 0.275591 -0.677165
vn 0.480315 0.275591 -0.834646
vn 0.188976 -0.96063 -0.188976
vn -0.677165 0.125984 0.724409
vn -0.913386 0.0472441 0.393701
vn 0.125984 0.11811 0.984252
vn -0.677165 0.0866142 0.732283
vn -0.937008 0.00787402 0.346457
vn -0.732283 0.00787402 0.677165
vn 0.267717 0.11811 0.952756
vn 0.125984 0 0.992126
vn 0.409449 0.110236 0.905512
vn -0.740157 -0.0944882 0.669291
vn -0.929134 -0.0629921 0.362205
vn -0.708661 -0.15748 0.685039
vn -0.897638 -0.102362 0.425197
vn 0.125984 -0.11811 0.984252
vn -0.716535 -0.141732 0.685039
vn -0.889764 -0.0787402 0.448819
vn -0.716535 -0.173228 0.669291
vn -0.897638 -0.110236 0.425197
vn -0.716535 -0.385827 0.582677
vn -0.84252 -0.393701 0.362205
vn 0.11811 -0.291339 0.952756
vn 0.251969 -0.204724 -0.944882
vn -0.0866142 -0.551181 -0.834646
vn 0.0551181 -0.535433 -0.84252
vn 0.582677 0.00787402 -0.811024
vn 0.700787 0.685039 -0.181102
vn 0.11811 -0.566929 -0.811024
vn 0.748031 0.653543 -0.125984
vn 0.700787 0.645669 0.291339
vn 0.11811 -0.566929 -0.811024
vn -0.0472441 0.976378 0.204724
vn 0.228346 -0.566929 -0.795276
vn 0.228346 -0.566929 -0.795276
vn 0.740157 0.622047 0.259843
vn 0.771654 0.330709 0.551181
vn 0.80315 0.15748 0.574803
vn 0.858268 0.149606 0.496063
vn 0.661417 0.19685 0.724409
vn 0.897638 0.102362 0.433071
vn 0.716535 0.133858 0.685039
vn 0.905512 0.0314961 0.417323
vn -0.11811 0.204724 0.968504
vn 0.685039 0.0551181 0.724409
vn 0.897638 0 0.440945
vn -0.125984 0.11811 0.984252
vn 0.637795 0 0.771654
vn 0.645669 -0.0551181 0.76378
vn 0.905512 -0.015748 0.433071
vn 0.645669 -0.110236 0.755906
vn 0.897638 -0.0708661 0.433071
vn 0.614173 -0.181102 0.771654
vn 0.897638 -0.125984 0.417323
vn -0.125984 -0.204724 0.968504
vn 0.653543 -0.244094 0.716535
vn 0.913386 -0.125984 0.393701
vn -0.125984 -0.259843 0.96063
vn 0.732283 -0.377953 0.559055
vn 0.889764 -0.299213 0.338583
vn -0.125984 -0.291339 0.944882
vn -0.125984 -0.307087 0.944882
vn 0.669291 -0.692913 0.275591
vn 0.76378 -0.614173 0.181102
vn -0.0393701 -0.976378 0.212598
vn -0.244094 -0.307087 0.92126
vn -0.244094 -0.299213 0.92126
vn 0.645669 -0.740157 -0.181102
vn 0.755906 -0.622047 -0.204724
vn -0.0393701 -0.976378 0.212598
vn -0.0314961 -0.976378 0.220472
vn 0.559055 0.0787402 -0.826772
vn 0.125984 0.472441 -0.874016
vn -0.0472441 0.740157 -0.669291
vn -0.244094 0.740157 -0.622047
vn 0.0866142 0.755906 -0.653543
vn 0.0866142 0.755906 -0.653543
vn 0.173228 0.724409 -0.661417
vn -0.0314961 -0.976378 0.220472
vn 0.173228 0.724409 -0.661417
vn 0.259843 0.700787 -0.669291
vn 0.259843 0.700787 -0.669291
vn -0.0314961 -0.976378 0.220472
vn -0.0472441 -0.0393701 -1
vn 0.314961 0.582677 -0.755906
vn -0.0314961 -0.976378 0.220472
vn 0.259843 0.23622 -0.937008
vn 0.480315 0.559055 -0.677165
vn -0.543307 -0.669291 -0.511811
vn -0.472441 -0.76378 -0.448819
vn -0.708661 -0.692913 -0.11811
vn -0.661417 -0.748031 -0.0787402
vn -0.889764 -0.440945 -0.133858
vn -0.874016 -0.464567 0.165354
vn -0.984252 -0.11811 -0.110236
vn -0.354331 -0.307087 0.88189
vn -0.362205 -0.291339 0.889764
vn -0.944882 -0.220472 0.251969
vn -0.992126 -0.0708661 -0.0551181
vn -0.976378 -0.110236 0.204724
vn -1 -0.0472441 0.0314961
vn -0.244094 -0.267717 0.929134
vn -0.362205 -0.267717 0.897638
vn -0.244094 -0.204724 0.944882
vn -0.968504 -0.0708661 0.23622
vn -0.0866142 -0.0944882 -0.992126
vn 0.944882 -0.204724 -0.259843
vn 0.968504 -0.204724 -0.133858
vn 0.984252 -0.11811 -0.141732
vn 0.606299 -0.141732 0.787402
vn 0.354331 -0.0629921 0.937008
vn 0.685039 -0.125984 0.716535
vn 0.385827 -0.0551181 0.92126
vn 0.692913 -0.0787402 0.716535
vn 0.385827 0 0.92126
vn 0.629921 0 0.779528
vn 0.992126 0.00787402 -0.125984
vn 0.622047 0.0944882 0.779528
vn 0.401575 0.0708661 0.913386
vn 0.692913 0.15748 0.700787
vn 0.425197 0.102362 0.897638
vn 0.984252 0.11811 -0.11811
vn 0.724409 0.165354 0.669291
vn 0.433071 0.0944882 0.897638
vn 0.645669 0.173228 0.740157
vn 0.425197 0.11811 0.897638
vn 0.464567 0.322835 0.818898
vn 0.362205 0.346457 0.866142
vn 0.944882 0.299213 -0.11811
vn 0.23622 0.606299 0.76378
vn 0.944882 0.314961 -0.11811
vn 0.913386 0.307087 -0.251969
vn 0.858268 0.133858 -0.496063
vn 0.700787 0.149606 -0.700787
vn 0.661417 -0.629921 -0.409449
vn 0.551181 -0.622047 -0.559055
vn -0.228346 -0.96063 0.133858
vn 0.401575 -0.622047 -0.669291
vn 0.488189 0.15748 -0.858268
vn -0.188976 -0.96063 0.188976
vn 0.220472 -0.622047 -0.748031
vn 0.259843 0.141732 -0.952756
vn -0.133858 -0.96063 0.228346
vn -0.0708661 -0.96063 0.259843
vn 0.015748 -0.622047 -0.779528
vn 0.023622 0.141732 -0.992126
vn -0.251969 0.125984 -0.96063
vn -0.204724 -0.637795 -0.740157
vn -0.519685 0.11811 -0.850394
vn 0 -0.96063 0.267717
vn -0.0708661 -0.96063 0.259843
vn -0.385827 -0.637795 -0.661417
vn -0.700787 0.133858 -0.700787
vn 0.0708661 -0.96063 0.259843
vn 0.133858 -0.96063 0.228346
vn 0 -0.96063 0.267717
vn -0.133858 -0.96063 0.228346
vn -0.188976 -0.96063 0.188976
vn -0.228346 -0.96063 0.133858
vn -0.834646 0.275591 0.480315
vn -0.677165 0.275591 0.677165
vn -0.480315 0.275591 0.834646
vn -0.677165 0.275591 0.677165
vn -0.834646 0.275591 0.480315
vn -0.251969 0.275591 0.929134
vn -0.480315 0.275591 0.834646
vn 0.188976 0.96063 -0.188976
vn 0.228346 0.96063 -0.133858
vn 0 0.275591 0.96063
vn -0.251969 0.275591 0.929134
vn 0.133858 0.96063 -0.228346
vn 0.188976 0.96063 -0.188976
vn 0.228346 0.96063 -0.133858
vn 0.700787 0.149606 -0.700787
vn 0.858268 0.133858 -0.496063
vn 0.133858 0.96063 -0.228346
vn 0.488189 0.15748 -0.858268
vn 0.0708661 0.96063 -0.259843
vn 0.0708661 0.96063 -0.259843
vn 0.259843 0.141732 -0.952756
vn 0 0.96063 -0.267717
vn 0.023622 0.141732 -0.992126
vn -0.251969 0.125984 -0.96063
vn -0.0708661 0.96063 -0.259843
vn -0.519685 0.11811 -0.850394
vn 0 0.96063 -0.267717
vn 0 0.275591 0.96063
vn -0.0708661 0.96063 -0.259843
vn -0.133858 0.96063 -0.228346
vn -0.700787 0.133858 -0.700787
vn -0.133858 0.96063 -0.228346
vn 0.251969 0.275591 0.929134
vn 0.480315 0.275591 0.834646
vn -0.188976 0.96063 -0.188976
vn -0.188976 0.96063 -0.188976
vn -0.228346 0.96063 -0.133858
vn -0.858268 0.11811 -0.503937
vn -0.228346 0.96063 -0.133858
vn -0.259843 0.96063 -0.0708661
vn -0.96063 0.11811 -0.251969
vn 0.677165 0.275591 0.677165
vn -0.267717 0.96063 0
vn -0.992126 0.133858 0.00787402
vn -0.259843 0.96063 -0.0708661
vn -0.96063 0.133858 0.251969
vn 0.834646 0.275591 0.480315
vn -0.259843 0.96063 0.0708661
vn -0.866142 0.141732 0.488189
vn -0.267717 0.96063 0
vn -0.259843 0.96063 0.0708661
vn 0.96063 0.275591 0
vn 0.929134 0.275591 -0.251969
vn 0.929134 0.275591 0.251969
vn 0.929134 0.275591 -0.251969
vn 0.96063 0.275591 0
vn 0.929134 0.275591 0.251969
vn -0.700787 -0.15748 -0.692913
vn -0.850394 -0.165354 -0.496063
vn -0.496063 -0.149606 -0.858268
vn -0.755906 0.622047 -0.220472
vn -0.952756 -0.15748 -0.259843
vn -0.181102 0.614173 -0.76378
vn -0.251969 -0.165354 -0.952756
vn -0.00787402 -0.15748 -0.984252
vn -0.779528 0.622047 -0.015748
vn -0.992126 -0.149606 -0.00787402
vn -0.952756 -0.149606 0.251969
vn 0.244094 0.968504 0
vn -0.755906 0.622047 0.19685
vn -0.858268 -0.141732 0.496063
vn 0.23622 0.968504 -0.0629921
vn 0.23622 0.968504 -0.0629921
vn -0.669291 0.629921 0.401575
vn -0.692913 -0.141732 0.708661
vn 0.212598 0.968504 -0.11811
vn 0.212598 0.968504 -0.11811
vn 0.937008 -0.244094 -0.251969
vn 0.173228 0.968504 -0.173228
vn 0.173228 0.968504 -0.173228
vn -0.543307 0.622047 0.566929
vn 0.84252 -0.244094 -0.488189
vn 0.84252 -0.244094 -0.488189
vn -0.377953 0.622047 0.685039
vn -0.488189 -0.165354 0.858268
vn 0.11811 0.968504 -0.212598
vn -0.204724 0.622047 0.755906
vn -0.267717 -0.165354 0.952756
vn 0.685039 -0.244094 -0.685039
vn -0.015748 0.622047 0.779528
vn -0.015748 -0.133858 0.992126
vn 0.259843 -0.133858 0.96063
vn 0.685039 -0.244094 -0.685039
vn 0.188976 0.645669 0.740157
vn 0.503937 -0.141732 0.850394
vn 0.0629921 0.968504 -0.23622
vn 0 0.968504 -0.244094
vn 0.377953 0.637795 0.669291
vn 0.700787 -0.149606 0.700787
vn -0.0629921 0.968504 -0.23622
vn 0.559055 0.622047 0.551181
vn -0.11811 0.968504 -0.212598
vn -0.173228 0.968504 -0.173228
vn 0.677165 0.629921 0.377953
vn 0.858268 -0.141732 0.496063
vn 0 0.968504 -0.244094
vn -0.11811 0.968504 -0.212598
vn 0.0629921 0.968504 -0.23622
vn -0.0629921 0.968504 -0.23622
vn 0 -0.244094 -0.968504
vn 0.11811 0.968504 -0.212598
vn 0.251969 -0.244094 -0.937008
vn 0.488189 -0.244094 -0.84252
vn 0.488189 -0.244094 -0.84252
vn 0.251969 -0.244094 -0.937008
vn -0.149606 -0.976378 0.149606
vn 0 -0.244094 -0.968504
vn -0.110236 -0.976378 0.181102
vn 0 -0.976378 0.212598
vn -0.181102 -0.976378 0.110236
vn -0.149606 -0.976378 0.149606
vn -0.110236 -0.976378 0.181102
vn -0.488189 -0.165354 0.858268
vn -0.0551181 -0.976378 0.204724
vn -0.0551181 -0.976378 0.204724
vn -0.267717 -0.165354 0.952756
vn 0 -0.976378 0.212598
vn -0.015748 -0.133858 0.992126
vn 0.259843 -0.133858 0.96063
vn 0.0551181 -0.976378 0.204724
vn 0.503937 -0.141732 0.850394
vn 0.110236 -0.976378 0.181102
vn 0.700787 -0.149606 0.700787
vn 0.0551181 -0.976378 0.204724
vn -0.251969 -0.244094 -0.937008
vn 0.110236 -0.976378 0.181102
vn -0.488189 -0.244094 -0.84252
vn -0.251969 -0.244094 -0.937008
vn 0.149606 -0.976378 0.149606
vn -0.488189 -0.244094 -0.84252
vn -0.685039 -0.244094 -0.685039
vn 0.149606 -0.976378 0.149606
vn 0.181102 -0.976378 0.110236
vn 0.181102 -0.976378 0.110236
vn 0.858268 -0.141732 0.496063
vn -0.173228 0.968504 -0.173228
vn -0.685039 -0.244094 -0.685039
vn -0.84252 -0.244094 -0.488189
vn -0.84252 -0.244094 -0.488189
vn -0.212598 0.968504 -0.11811
vn -0.937008 -0.244094 -0.251969
vn 0.204724 -0.976378 0.0551181
vn -0.937008 -0.244094 -0.251969
vn 0.204724 -0.976378 0.0551181
vn 0.952756 -0.149606 0.251969
vn 0.212598 -0.976378 0
vn 0.212598 -0.976378 0
vn 0.992126 -0.141732 0.00787402
vn 0.96063 -0.141732 -0.251969
vn 0.204724 -0.976378 -0.0551181
vn 0.850394 -0.149606 -0.503937
vn 0.181102 -0.976378 -0.110236
vn 0.181102 -0.976378 -0.110236
vn 0.204724 -0.976378 -0.0551181
vn -0.84252 -0.244094 0.488189
vn -0.968504 -0.244094 0
vn -0.937008 -0.244094 0.251969
vn -0.968504 -0.244094 0
vn -0.937008 -0.244094 0.251969
vn -0.84252 -0.244094 0.488189
vn -0.212598 0.968504 0.11811
vn -0.23622 0.968504 0.0629921
vn -0.212598 0.968504 0.11811
vn -0.244094 0.968504 0
vn -0.23622 0.968504 0.0629921
vn 0.661417 0.637795 -0.401575
vn -0.23622 0.968504 -0.0629921
vn -0.244094 0.968504 0
vn 0.748031 0.629921 -0.204724
vn 0.850394 -0.149606 -0.503937
vn 0.96063 -0.141732 -0.251969
vn 0.779528 0.629921 0.023622
vn 0.992126 -0.141732 0.00787402
vn 0.952756 -0.149606 0.251969
vn -0.23622 0.968504 -0.0629921
vn 0.748031 0.629921 0.212598
vn -0.212598 0.968504 -0.11811
vn 0.834646 0.275591 0.480315
vn 0.677165 0.275591 0.677165
vn 0.480315 0.275591 0.834646
vn 0.188976 -0.96063 0.188976
vn 0.251969 0.275591 0.929134
vn 0.133858 -0.96063 0.228346
vn 0.0708661 -0.96063 0.259843
vn 0.188976 -0.96063 0.188976
vn 0.228346 -0.96063 0.141732
vn -0.535433 -0.637795 -0.559055
vn 0.228346 -0.96063 0.133858
vn 0.259843 -0.96063 0.0708661
vn -0.677165 -0.637795 -0.377953
vn -0.858268 0.11811 -0.503937
vn 0.259843 -0.96063 0.0708661
vn 0.267717 -0.96063 0
vn -0.748031 -0.637795 -0.181102
vn -0.96063 0.11811 -0.251969
vn 0.267717 -0.96063 0
vn 0.259843 -0.96063 -0.0708661
vn -0.771654 -0.637795 -0.015748
vn -0.992126 0.133858 0.00787402
vn 0.259843 -0.96063 -0.0708661
vn -0.755906 -0.629921 0.188976
vn -0.96063 0.133858 0.251969
vn -0.866142 0.141732 0.488189
vn 0.228346 -0.96063 -0.133858
vn 0.228346 -0.96063 -0.133858
vn -0.669291 -0.629921 0.393701
vn -0.700787 0.15748 0.700787
vn 0.188976 -0.96063 -0.188976
vn -0.559055 -0.622047 0.551181
vn -0.377953 -0.629921 0.677165
vn -0.488189 0.133858 0.858268
vn 0.133858 -0.96063 -0.228346
vn -0.181102 -0.637795 0.748031
vn -0.251969 0.11811 0.96063
vn 0.015748 -0.629921 0.779528
vn 0.00787402 0.141732 0.992126
vn 0.251969 0.141732 0.96063
vn 0.204724 -0.629921 0.748031
vn 0.496063 0.125984 0.858268
vn 0.385827 -0.629921 0.677165
vn 0.692913 0.110236 0.708661
vn 0.551181 -0.629921 0.551181
vn 0.677165 -0.629921 0.385827
vn 0.850394 0.141732 0.503937
vn -0.188976 -0.96063 -0.188976
vn 0.755906 -0.614173 0.228346
vn 0.944882 0.15748 0.275591
vn -0.228346 -0.96063 -0.133858
vn 0.787402 -0.614173 0.00787402
vn 0.984252 0.15748 -0.00787402
vn -0.259843 -0.96063 -0.0708661
vn 0.84252 0.409449 0.338583
vn 0.84252 0.409449 0.338583
vn 0.984252 -0.149606 -0.11811
vn 0.897638 0.314961 0.299213
vn 0.976378 0.11811 0.19685
vn 0.858268 0.338583 0.385827
vn 0.173228 0.622047 -0.76378
vn 0.251969 -0.149606 -0.952756
vn -0.0629921 0.968504 0.23622
vn 0.00787402 0.629921 -0.779528
vn 0 0.968504 0.244094
vn 0.0629921 0.968504 0.23622
vn 0 0.968504 0.244094
vt 0.581543 0.876099
vt 0.575195 0.877991
vt 0.571777 0.839722
vt 0.586426 0.874756
vt 0.621094 0.911194
vt 0.589844 0.911987
vt 0.584961 0.913757
vt 0.579102 0.916138
vt 0.584961 0.952728
vt 0.590332 0.950378
vt 0.621582 0.949219
vt 0.652344 0.912842
vt 0.594238 0.948975
vt 0.590332 0.957245
vt 0.585938 0.9617
vt 0.588379 0.966064
vt 0.647949 0.950897
vt 0.65332 0.953278
vt 0.620605 0.953644
vt 0.594238 0.953613
vt 0.592285 0.966309
vt 0.648438 0.955597
vt 0.620605 0.967926
vt 0.597168 0.967072
vt 0.592285 0.971191
vt 0.588379 0.971786
vt 0.589355 0.976349
vt 0.592285 0.978012
vt 0.59668 0.979675
vt 0.597168 0.970627
vt 0.620117 0.972397
vt 0.62207 0.984879
vt 0.646484 0.985069
vt 0.644531 0.969162
vt 0.644043 0.972717
vt 0.648438 0.973907
vt 0.650391 0.984375
vt 0.652344 0.97551
vt 0.653809 0.984161
vt 0.653809 0.969116
vt 0.649414 0.968903
vt 0.655762 0.96402
vt 0.651855 0.959381
vt 0.657227 0.954895
vt 0.643555 0.019043
vt 0.643066 0.0273438
vt 0.641113 0.0195312
vt 0.640137 0.0292969
vt 0.638184 0.019043
vt 0.64502 0.0336914
vt 0.63623 0.0307617
vt 0.612305 0.0214844
vt 0.641113 0.0341797
vt 0.647949 0.0385742
vt 0.637207 0.0341797
vt 0.611816 0.0307617
vt 0.586426 0.0258789
vt 0.64502 0.0419922
vt 0.650879 0.0473633
vt 0.646973 0.0498047
vt 0.640625 0.0458984
vt 0.661133 0.0844727
vt 0.589355 0.0332031
vt 0.653809 0.0883789
vt 0.665527 0.125
vt 0.584961 0.0322266
vt 0.58252 0.0273438
vt 0.588867 0.0366211
vt 0.581055 0.03125
vt 0.57959 0.0288086
vt 0.580566 0.0371094
vt 0.584473 0.0371094
vt 0.578125 0.0424805
vt 0.612305 0.0356445
vt 0.613281 0.0483398
vt 0.586426 0.0488281
vt 0.581543 0.0454102
vt 0.575684 0.0498047
vt 0.580566 0.0527344
vt 0.565918 0.0859375
vt 0.586914 0.0566406
vt 0.614258 0.0571289
vt 0.580566 0.0932617
vt 0.572266 0.0893555
vt 0.561035 0.124512
vt 0.613281 0.0952148
vt 0.641602 0.0537109
vt 0.644043 0.0922852
vt 0.578613 0.130371
vt 0.613281 0.132324
vt 0.657715 0.127441
vt 0.666504 0.164062
vt 0.647461 0.130859
vt 0.658203 0.165527
vt 0.312256 0.0249023
vt 0.309326 0.0175781
vt 0.3125 0.0185547
vt 0.30835 0.0258789
vt 0.313232 0.0307617
vt 0.30542 0.0166016
vt 0.304199 0.0268555
vt 0.280029 0.0258789
vt 0.279297 0.0146484
vt 0.304443 0.0302734
vt 0.309082 0.0307617
vt 0.315674 0.0366211
vt 0.307617 0.0439453
vt 0.311523 0.0405273
vt 0.316162 0.0454102
vt 0.311279 0.0473633
vt 0.31958 0.0834961
vt 0.279785 0.0302734
vt 0.314453 0.0854492
vt 0.323975 0.123047
vt 0.307617 0.0483398
vt 0.310059 0.0869141
vt 0.318848 0.124023
vt 0.327148 0.161133
vt 0.313965 0.125488
vt 0.279541 0.0449219
vt 0.280029 0.0493164
vt 0.280029 0.0878906
vt 0.25293 0.0478516
vt 0.253662 0.043457
vt 0.25708 0.0297852
vt 0.248291 0.0458984
vt 0.248779 0.0859375
vt 0.279541 0.126465
vt 0.315918 0.163086
vt 0.25 0.0405273
vt 0.307861 0.503174
vt 0.339111 0.499023
vt 0.370361 0.50293
vt 0.370361 0.50293
vt 0.278809 0.515381
vt 0.307861 0.503174
vt 0.399658 0.514893
vt 0.278809 0.515381
vt 0.370361 0.50293
vt 0.278809 0.515381
vt 0.399658 0.514893
vt 0.253662 0.534668
vt 0.424805 0.53418
vt 0.253662 0.534668
vt 0.399658 0.514893
vt 0.253662 0.534668
vt 0.424805 0.53418
vt 0.234619 0.559814
vt 0.444092 0.559082
vt 0.234619 0.559814
vt 0.424805 0.53418
vt 0.234619 0.559814
vt 0.444092 0.559082
vt 0.222656 0.589111
vt 0.21875 0.620361
vt 0.460449 0.619629
vt 0.2229 0.651611
vt 0.2229 0.651611
vt 0.460449 0.619629
vt 0.456543 0.650879
vt 0.2229 0.651611
vt 0.456543 0.650879
vt 0.235107 0.680908
vt 0.235107 0.680908
vt 0.456543 0.650879
vt 0.44458 0.679932
vt 0.235107 0.680908
vt 0.44458 0.679932
vt 0.254395 0.705811
vt 0.254395 0.705811
vt 0.44458 0.679932
vt 0.425293 0.705078
vt 0.254395 0.705811
vt 0.425293 0.705078
vt 0.279541 0.724854
vt 0.279541 0.724854
vt 0.425293 0.705078
vt 0.400391 0.724365
vt 0.279541 0.724854
vt 0.400391 0.724365
vt 0.308594 0.736816
vt 0.308594 0.736816
vt 0.400391 0.724365
vt 0.371338 0.736572
vt 0.308594 0.736816
vt 0.371338 0.736572
vt 0.340088 0.740967
vt 0.222656 0.589111
vt 0.444092 0.559082
vt 0.456543 0.588135
vt 0.21875 0.620361
vt 0.460449 0.619629
vt 0.37085 0.756348
vt 0.308105 0.75647
vt 0.339355 0.752319
vt 0.399902 0.768433
vt 0.308105 0.75647
vt 0.37085 0.756348
vt 0.399902 0.768433
vt 0.279053 0.768555
vt 0.308105 0.75647
vt 0.425049 0.787598
vt 0.279053 0.768555
vt 0.399902 0.768433
vt 0.425049 0.787598
vt 0.253906 0.78772
vt 0.279053 0.768555
vt 0.444336 0.812622
vt 0.253906 0.78772
vt 0.425049 0.787598
vt 0.444336 0.812622
vt 0.234863 0.812866
vt 0.253906 0.78772
vt 0.456299 0.841797
vt 0.234863 0.812866
vt 0.444336 0.812622
vt 0.234863 0.812866
vt 0.456299 0.841797
vt 0.222778 0.842041
vt 0.460449 0.873169
vt 0.222778 0.842041
vt 0.456299 0.841797
vt 0.222778 0.842041
vt 0.460449 0.873169
vt 0.218628 0.873291
vt 0.218628 0.873291
vt 0.460449 0.873169
vt 0.456299 0.904419
vt 0.218628 0.873291
vt 0.456299 0.904419
vt 0.222778 0.904602
vt 0.222778 0.904602
vt 0.456299 0.904419
vt 0.444336 0.933594
vt 0.222778 0.904602
vt 0.444336 0.933594
vt 0.234985 0.933716
vt 0.234985 0.933716
vt 0.444336 0.933594
vt 0.425049 0.958618
vt 0.234985 0.933716
vt 0.425049 0.958618
vt 0.25415 0.95874
vt 0.25415 0.95874
vt 0.425049 0.958618
vt 0.400146 0.977844
vt 0.25415 0.95874
vt 0.400146 0.977844
vt 0.279053 0.977936
vt 0.279053 0.977936
vt 0.400146 0.977844
vt 0.37085 0.989944
vt 0.279053 0.977936
vt 0.37085 0.989944
vt 0.30835 0.98999
vt 0.37085 0.989944
vt 0.3396 0.994087
vt 0.30835 0.98999
vt 0.0436096 0.0195312
vt 0.00502777 0.0595703
vt 0.00502777 0.0195312
vt 0.0436096 0.0595703
vt 0.0460205 0.0595703
vt 0.0460205 0.0195312
vt 0.0436096 0.100098
vt 0.052948 0.0595703
vt 0.00502777 0.100098
vt 0.052948 0.0195312
vt 0.0558472 0.0195312
vt 0.0460205 0.100098
vt 0.052948 0.100098
vt 0.0558472 0.0595703
vt 0.0927734 0.0595703
vt 0.0927734 0.0195312
vt 0.0558472 0.100098
vt 0.095459 0.0195312
vt 0.095459 0.0595703
vt 0.103271 0.0195312
vt 0.0927734 0.100098
vt 0.0558472 0.140625
vt 0.052948 0.140625
vt 0.103271 0.0595703
vt 0.105591 0.0595703
vt 0.105591 0.0195312
vt 0.103271 0.100098
vt 0.105591 0.100098
vt 0.095459 0.100098
vt 0.103271 0.140625
vt 0.105591 0.140625
vt 0.0927734 0.140625
vt 0.095459 0.140625
vt 0.103271 0.181152
vt 0.105591 0.181152
vt 0.105591 0.22168
vt 0.095459 0.181152
vt 0.0558472 0.181152
vt 0.103271 0.22168
vt 0.105591 0.262695
vt 0.0927734 0.181152
vt 0.103271 0.262695
vt 0.105591 0.303223
vt 0.095459 0.22168
vt 0.0927734 0.22168
vt 0.0558472 0.22168
vt 0.0927734 0.262695
vt 0.095459 0.262695
vt 0.095459 0.303223
vt 0.356934 0.473145
vt 0.358154 0.487305
vt 0.355225 0.486328
vt 0.36084 0.472168
vt 0.361572 0.488281
vt 0.356445 0.468262
vt 0.364746 0.471191
vt 0.360107 0.467773
vt 0.385498 0.491211
vt 0.35376 0.459961
vt 0.357178 0.459961
vt 0.351562 0.452148
vt 0.356201 0.449707
vt 0.361084 0.455566
vt 0.342529 0.413086
vt 0.364258 0.468262
vt 0.388428 0.472656
vt 0.388672 0.46875
vt 0.349365 0.410645
vt 0.338379 0.371582
vt 0.4104 0.472168
vt 0.409668 0.490723
vt 0.411133 0.469238
vt 0.345459 0.369141
vt 0.336914 0.33252
vt 0.414307 0.473145
vt 0.41333 0.489746
vt 0.417969 0.474609
vt 0.416504 0.489258
vt 0.418945 0.469238
vt 0.415283 0.469238
vt 0.421875 0.462402
vt 0.418457 0.461914
vt 0.424561 0.455078
vt 0.414551 0.457031
vt 0.419922 0.452148
vt 0.432617 0.413574
vt 0.388916 0.455566
vt 0.414062 0.44873
vt 0.427246 0.411133
vt 0.436279 0.371582
vt 0.42041 0.408203
vt 0.429932 0.369629
vt 0.440674 0.33252
vt 0.433838 0.331055
vt 0.441895 0.294434
vt 0.421387 0.367188
vt 0.43457 0.293945
vt 0.44165 0.246094
vt 0.424805 0.329102
vt 0.388672 0.365234
vt 0.388428 0.328613
vt 0.388672 0.405762
vt 0.353516 0.329102
vt 0.388672 0.446777
vt 0.354004 0.366699
vt 0.357178 0.407227
vt 0.361572 0.447266
vt 0.682129 0.625
vt 0.692871 0.585938
vt 0.688477 0.627197
vt 0.686523 0.582764
vt 0.694824 0.542236
vt 0.699707 0.589355
vt 0.695312 0.629639
vt 0.70166 0.545654
vt 0.70166 0.537842
vt 0.697266 0.5354
vt 0.708008 0.549561
vt 0.704102 0.529297
vt 0.699707 0.529297
vt 0.70166 0.524658
vt 0.70752 0.541748
vt 0.708984 0.529053
vt 0.705078 0.525635
vt 0.702637 0.510986
vt 0.699219 0.51123
vt 0.706055 0.510254
vt 0.709473 0.526123
vt 0.731934 0.524902
vt 0.730469 0.510254
vt 0.755371 0.512695
vt 0.731445 0.529053
vt 0.755859 0.527344
vt 0.759766 0.526855
vt 0.730957 0.542725
vt 0.756348 0.530273
vt 0.759277 0.513672
vt 0.763672 0.525879
vt 0.762207 0.514648
vt 0.764648 0.531006
vt 0.760742 0.531006
vt 0.76709 0.536133
vt 0.763672 0.538818
vt 0.77002 0.54248
vt 0.759277 0.542969
vt 0.76416 0.545654
vt 0.757324 0.550293
vt 0.730469 0.550781
vt 0.762207 0.589844
vt 0.730469 0.591064
vt 0.771484 0.585693
vt 0.77832 0.58252
vt 0.783203 0.624512
vt 0.775879 0.626953
vt 0.786621 0.66333
vt 0.730469 0.631348
vt 0.691895 0.667236
vt 0.730469 0.667969
vt 0.766113 0.630127
vt 0.779297 0.665039
vt 0.787598 0.701904
vt 0.779297 0.702881
vt 0.768555 0.667236
vt 0.767578 0.703857
vt 0.530762 0.0161133
vt 0.529297 0.0219727
vt 0.527832 0.0161133
vt 0.525879 0.0239258
vt 0.524902 0.015625
vt 0.530273 0.0283203
vt 0.522461 0.0249023
vt 0.499268 0.0161133
vt 0.526855 0.0288086
vt 0.497314 0.0239258
vt 0.533203 0.0351562
vt 0.473145 0.0166016
vt 0.522949 0.0283203
vt 0.530273 0.0366211
vt 0.535156 0.043457
vt 0.526367 0.0395508
vt 0.497314 0.0292969
vt 0.530762 0.0463867
vt 0.54248 0.0810547
vt 0.475098 0.0253906
vt 0.537598 0.0834961
vt 0.471436 0.0249023
vt 0.54541 0.121094
vt 0.469971 0.0170898
vt 0.474365 0.0288086
vt 0.467773 0.0234375
vt 0.467041 0.0175781
vt 0.467041 0.0292969
vt 0.470459 0.0292969
vt 0.4646 0.034668
vt 0.471436 0.0405273
vt 0.467529 0.0361328
vt 0.461914 0.043457
vt 0.466309 0.0463867
vt 0.453125 0.0810547
vt 0.497559 0.0419922
vt 0.471191 0.0507812
vt 0.458252 0.0834961
vt 0.449951 0.121094
vt 0.46582 0.0869141
vt 0.498291 0.0532227
vt 0.525879 0.050293
vt 0.498779 0.090332
vt 0.530762 0.0869141
vt 0.463379 0.125
vt 0.499023 0.126465
vt 0.540527 0.122559
vt 0.550293 0.15918
vt 0.533691 0.124512
vt 0.544434 0.160156
vt 0.552246 0.197266
vt 0.546387 0.197754
vt 0.552734 0.245605
vt 0.536133 0.162109
vt 0.499023 0.163086
vt 0.462646 0.162598
vt 0.499268 0.199707
vt 0.538086 0.19873
vt 0.546875 0.245605
vt 0.546387 0.525879
vt 0.543457 0.521484
vt 0.546387 0.522705
vt 0.542969 0.526855
vt 0.547363 0.531738
vt 0.539551 0.520264
vt 0.538574 0.527588
vt 0.543457 0.531738
vt 0.549805 0.536621
vt 0.539551 0.53125
vt 0.513672 0.526123
vt 0.513184 0.518066
vt 0.546875 0.539062
vt 0.551758 0.544678
vt 0.513672 0.530762
vt 0.490967 0.5271
vt 0.487549 0.519287
vt 0.546875 0.547363
vt 0.54248 0.543457
vt 0.560059 0.581299
vt 0.486572 0.525879
vt 0.484375 0.52002
vt 0.490234 0.530518
vt 0.483154 0.52417
vt 0.481201 0.52002
vt 0.481934 0.530518
vt 0.48584 0.530762
vt 0.479248 0.534668
vt 0.486816 0.54248
vt 0.482666 0.537354
vt 0.476807 0.544189
vt 0.481689 0.547119
vt 0.468994 0.581299
vt 0.513184 0.543945
vt 0.487305 0.550781
vt 0.474854 0.583496
vt 0.540527 0.551514
vt 0.465088 0.620117
vt 0.513672 0.552734
vt 0.54541 0.587402
vt 0.554199 0.58374
vt 0.563477 0.620117
vt 0.513184 0.589111
vt 0.546387 0.624023
vt 0.556641 0.621582
vt 0.564941 0.658691
vt 0.547852 0.661133
vt 0.558105 0.659668
vt 0.562988 0.697266
vt 0.482666 0.58667
vt 0.513184 0.625488
vt 0.481201 0.624023
vt 0.513184 0.661865
vt 0.512695 0.69873
vt 0.471924 0.621582
vt 0.462646 0.658691
vt 0.477051 0.660889
vt 0.468506 0.659668
vt 0.461182 0.697021
vt 0.473877 0.698242
vt 0.466553 0.69751
vt 0.103271 0.303223
vt 0.103271 0.34375
vt 0.105591 0.34375
vt 0.103271 0.384277
vt 0.105591 0.384277
vt 0.095459 0.34375
vt 0.095459 0.384277
vt 0.103271 0.424805
vt 0.105591 0.424805
vt 0.105591 0.465332
vt 0.095459 0.424805
vt 0.103271 0.465332
vt 0.105591 0.505859
vt 0.0927734 0.384277
vt 0.103271 0.505859
vt 0.105591 0.546631
vt 0.095459 0.465332
vt 0.0927734 0.424805
vt 0.0927734 0.34375
vt 0.0558472 0.424805
vt 0.0927734 0.465332
vt 0.0927734 0.303223
vt 0.0558472 0.384277
vt 0.0558472 0.34375
vt 0.0558472 0.303223
vt 0.0558472 0.262695
vt 0.052948 0.303223
vt 0.052948 0.34375
vt 0.052948 0.262695
vt 0.052948 0.22168
vt 0.0460205 0.262695
vt 0.0460205 0.303223
vt 0.052948 0.384277
vt 0.0436096 0.262695
vt 0.0460205 0.34375
vt 0.0436096 0.303223
vt 0.0460205 0.384277
vt 0.052948 0.424805
vt 0.0436096 0.34375
vt 0.909668 0.0244141
vt 0.913086 0.0244141
vt 0.912598 0.03125
vt 0.916504 0.0322266
vt 0.912109 0.0371094
vt 0.916504 0.0234375
vt 0.916504 0.0371094
vt 0.910156 0.043457
vt 0.920898 0.0332031
vt 0.939941 0.0214844
vt 0.920898 0.0366211
vt 0.914062 0.0473633
vt 0.908203 0.0517578
vt 0.917969 0.050293
vt 0.912109 0.0532227
vt 0.902832 0.0883789
vt 0.943359 0.0361328
vt 0.91748 0.0551758
vt 0.942871 0.03125
vt 0.965332 0.0205078
vt 0.907227 0.0898438
vt 0.900391 0.126465
vt 0.912598 0.0917969
vt 0.904785 0.127441
vt 0.898926 0.164551
vt 0.967285 0.03125
vt 0.903809 0.165527
vt 0.898926 0.202637
vt 0.910156 0.128906
vt 0.967773 0.034668
vt 0.971191 0.0302734
vt 0.969238 0.0209961
vt 0.972656 0.0219727
vt 0.974609 0.0288086
vt 0.976074 0.034668
vt 0.972168 0.0351562
vt 0.978516 0.0410156
vt 0.97168 0.0483398
vt 0.975098 0.0449219
vt 0.97998 0.0493164
vt 0.976074 0.0507812
vt 0.984863 0.0869141
vt 0.943848 0.0512695
vt 0.97168 0.0527344
vt 0.944336 0.0566406
vt 0.974609 0.0908203
vt 0.97998 0.0883789
vt 0.988281 0.126465
vt 0.944336 0.09375
vt 0.983398 0.127441
vt 0.977539 0.129395
vt 0.944336 0.130371
vt 0.98877 0.165039
vt 0.994141 0.164062
vt 0.982422 0.166504
vt 0.993652 0.202148
vt 0.944336 0.16748
vt 0.983887 0.203125
vt 0.989746 0.202637
vt 0.994629 0.25
vt 0.910156 0.166504
vt 0.990234 0.25
vt 0.944824 0.204102
vt 0.904297 0.203125
vt 0.910645 0.203613
vt 0.974121 0.527588
vt 0.97168 0.518799
vt 0.974609 0.519287
vt 0.971191 0.529053
vt 0.975098 0.533691
vt 0.968262 0.517822
vt 0.97168 0.533691
vt 0.978027 0.539551
vt 0.967773 0.530029
vt 0.942383 0.52832
vt 0.943848 0.515381
vt 0.968262 0.533447
vt 0.974609 0.543701
vt 0.97998 0.547119
vt 0.971191 0.546875
vt 0.976562 0.548584
vt 0.984375 0.585205
vt 0.92334 0.529053
vt 0.919434 0.515137
vt 0.919434 0.527832
vt 0.915527 0.515869
vt 0.922852 0.532227
vt 0.910645 0.526611
vt 0.912598 0.516602
vt 0.909668 0.532715
vt 0.918457 0.532715
vt 0.907715 0.53833
vt 0.942383 0.533447
vt 0.919922 0.545898
vt 0.916504 0.542725
vt 0.906738 0.546143
vt 0.942383 0.548584
vt 0.915039 0.549316
vt 0.900879 0.585449
vt 0.97168 0.550537
vt 0.941895 0.55249
vt 0.919434 0.550537
vt 0.907715 0.587891
vt 0.897949 0.625732
vt 0.912109 0.5896
vt 0.943359 0.59082
vt 0.976074 0.588135
vt 0.905762 0.627441
vt 0.895508 0.663574
vt 0.910645 0.628662
vt 0.902344 0.665039
vt 0.895508 0.701416
vt 0.907715 0.666016
vt 0.944824 0.628906
vt 0.945312 0.666016
vt 0.900879 0.702148
vt 0.892578 0.749268
vt 0.90625 0.702637
vt 0.945801 0.702393
vt 0.98291 0.664795
vt 0.979004 0.626953
vt 0.865234 0.0219727
vt 0.868652 0.0234375
vt 0.869629 0.0302734
vt 0.865723 0.03125
vt 0.870117 0.0361328
vt 0.861328 0.0205078
vt 0.861328 0.0317383
vt 0.865723 0.0361328
vt 0.872559 0.0419922
vt 0.861328 0.0356445
vt 0.837891 0.0292969
vt 0.837402 0.0170898
vt 0.812988 0.0180664
vt 0.868652 0.0429688
vt 0.874023 0.0507812
vt 0.864746 0.046875
vt 0.869141 0.0537109
vt 0.879883 0.0878906
vt 0.814453 0.0302734
vt 0.874023 0.090332
vt 0.883789 0.126465
vt 0.810547 0.0292969
vt 0.80957 0.019043
vt 0.813477 0.0341797
vt 0.807129 0.027832
vt 0.806641 0.0195312
vt 0.805664 0.0336914
vt 0.80957 0.0341797
vt 0.803223 0.0400391
vt 0.837402 0.0341797
vt 0.836914 0.046875
vt 0.80957 0.0454102
vt 0.806152 0.0419922
vt 0.800293 0.0478516
vt 0.804688 0.0507812
vt 0.79248 0.0859375
vt 0.80957 0.0541992
vt 0.797363 0.0883789
vt 0.787598 0.125488
vt 0.804688 0.0913086
vt 0.836914 0.0571289
vt 0.86377 0.0566406
vt 0.836426 0.0942383
vt 0.866699 0.0932617
vt 0.799805 0.129395
vt 0.835938 0.131348
vt 0.877441 0.128418
vt 0.887207 0.164551
vt 0.870117 0.130371
vt 0.879883 0.166016
vt 0.889648 0.202637
vt 0.883301 0.203613
vt 0.889648 0.250977
vt 0.871582 0.167969
vt 0.883789 0.250977
vt 0.834961 0.167969
vt 0.875 0.204102
vt 0.880859 0.29834
vt 0.876465 0.250488
vt 0.887695 0.299316
vt 0.834961 0.204102
vt 0.834961 0.250488
vt 0.353516 0.034668
vt 0.360107 0.0297852
vt 0.356934 0.0366211
vt 0.361328 0.0405273
vt 0.355957 0.0292969
vt 0.360596 0.0244141
vt 0.356689 0.0234375
vt 0.358643 0.0141602
vt 0.355713 0.0151367
vt 0.362305 0.0131836
vt 0.364258 0.0292969
vt 0.36499 0.0253906
vt 0.386719 0.0102539
vt 0.388916 0.0239258
vt 0.388916 0.0283203
vt 0.388916 0.0400391
vt 0.361816 0.0512695
vt 0.388428 0.0517578
vt 0.388184 0.0893555
vt 0.410889 0.0249023
vt 0.411133 0.012207
vt 0.411621 0.0283203
vt 0.415283 0.0239258
vt 0.415039 0.0131836
vt 0.418945 0.0229492
vt 0.418457 0.0141602
vt 0.419922 0.0288086
vt 0.416016 0.0288086
vt 0.422607 0.0332031
vt 0.418945 0.0356445
vt 0.425781 0.0424805
vt 0.414795 0.0395508
vt 0.420898 0.0458984
vt 0.435059 0.0805664
vt 0.414795 0.050293
vt 0.420166 0.0878906
vt 0.428711 0.0839844
vt 0.438477 0.121094
vt 0.431396 0.123047
vt 0.440186 0.15918
vt 0.387939 0.126953
vt 0.355957 0.125488
vt 0.35376 0.163086
vt 0.422363 0.125488
vt 0.388184 0.163574
vt 0.388672 0.199707
vt 0.433105 0.160645
vt 0.441895 0.197754
vt 0.423096 0.162598
vt 0.433838 0.198242
vt 0.432617 0.246094
vt 0.422363 0.199707
vt 0.421631 0.246094
vt 0.388672 0.246094
vt 0.590332 0.528076
vt 0.59082 0.516846
vt 0.59375 0.515869
vt 0.594238 0.529785
vt 0.590332 0.533691
vt 0.597656 0.514404
vt 0.59375 0.533936
vt 0.587891 0.540771
vt 0.598145 0.530273
vt 0.597656 0.533203
vt 0.620605 0.529053
vt 0.622559 0.510742
vt 0.621094 0.533203
vt 0.646973 0.510742
vt 0.591309 0.543701
vt 0.590332 0.548584
vt 0.594727 0.547119
vt 0.585449 0.547363
vt 0.644531 0.528809
vt 0.64502 0.531738
vt 0.648438 0.527832
vt 0.650391 0.51123
vt 0.652344 0.526611
vt 0.653809 0.511719
vt 0.65332 0.531738
vt 0.649414 0.531982
vt 0.655762 0.539062
vt 0.652344 0.541748
vt 0.658203 0.546631
vt 0.648438 0.54541
vt 0.653809 0.548096
vt 0.621094 0.548096
vt 0.648926 0.549805
vt 0.621582 0.551514
vt 0.594238 0.550293
vt 0.652832 0.591064
vt 0.658203 0.589111
vt 0.662598 0.587646
vt 0.662598 0.630859
vt 0.667969 0.629395
vt 0.669434 0.667969
vt 0.664062 0.668945
vt 0.672852 0.705566
vt 0.655273 0.632812
vt 0.666016 0.706299
vt 0.673828 0.75354
vt 0.657227 0.67041
vt 0.621582 0.592529
vt 0.621094 0.633789
vt 0.590332 0.591064
vt 0.586914 0.632324
vt 0.584961 0.589355
vt 0.581055 0.587646
vt 0.581543 0.630859
vt 0.575684 0.62915
vt 0.572266 0.667236
vt 0.578613 0.668701
vt 0.569824 0.705322
vt 0.583984 0.669678
vt 0.57666 0.706055
vt 0.568848 0.753418
vt 0.620605 0.670654
vt 0.582031 0.706543
vt 0.575684 0.753418
vt 0.57666 0.800903
vt 0.581055 0.75354
vt 0.569824 0.801636
vt 0.657715 0.707031
vt 0.620117 0.707275
vt 0.666504 0.75354
vt 0.657227 0.75354
vt 0.620117 0.75354
vt 0.700195 0.0214844
vt 0.696777 0.0283203
vt 0.697266 0.0224609
vt 0.700195 0.0297852
vt 0.696289 0.0341797
vt 0.704102 0.0205078
vt 0.700195 0.034668
vt 0.693359 0.0415039
vt 0.70459 0.0307617
vt 0.696777 0.0449219
vt 0.691406 0.0493164
vt 0.704102 0.0341797
vt 0.727051 0.0302734
vt 0.72998 0.0180664
vt 0.754883 0.019043
vt 0.700684 0.0478516
vt 0.727539 0.034668
vt 0.751465 0.03125
vt 0.755371 0.0302734
vt 0.757812 0.0200195
vt 0.751953 0.034668
vt 0.759277 0.0288086
vt 0.760742 0.0205078
vt 0.759766 0.0351562
vt 0.755859 0.0351562
vt 0.762207 0.0395508
vt 0.754395 0.0478516
vt 0.758301 0.0444336
vt 0.763184 0.0493164
vt 0.727051 0.0488281
vt 0.759277 0.0507812
vt 0.754395 0.0527344
vt 0.727051 0.0537109
vt 0.758301 0.0908203
vt 0.76416 0.0883789
vt 0.768555 0.0869141
vt 0.766602 0.127441
vt 0.771484 0.126465
vt 0.699707 0.0522461
vt 0.768555 0.165527
vt 0.773926 0.164551
vt 0.777344 0.202148
vt 0.762207 0.166992
vt 0.771484 0.202637
vt 0.775879 0.25
vt 0.696289 0.0512695
vt 0.694336 0.090332
vt 0.689941 0.0883789
vt 0.685547 0.0869141
vt 0.68457 0.127441
vt 0.679688 0.125977
vt 0.678223 0.164062
vt 0.726562 0.0917969
vt 0.688965 0.128418
vt 0.683105 0.165039
vt 0.675781 0.202148
vt 0.6875 0.165527
vt 0.681152 0.202637
vt 0.674805 0.25
vt 0.726074 0.129883
vt 0.760742 0.129395
vt 0.725098 0.166992
vt 0.686035 0.203125
vt 0.763184 0.203613
vt 0.724609 0.203613
vt 0.680176 0.25
vt 0.685059 0.25
vt 0.724121 0.25
vt 0.680664 0.297363
vt 0.673828 0.29834
vt 0.686035 0.296875
vt 0.724609 0.296387
vt 0.76123 0.25
vt 0.682617 0.335449
vt 0.677734 0.335938
vt 0.680176 0.374023
vt 0.687988 0.333984
vt 0.68457 0.373047
vt 0.685547 0.416504
vt 0.689453 0.371582
vt 0.725098 0.333008
vt 0.725586 0.370117
vt 0.689453 0.415039
vt 0.691895 0.456543
vt 0.694336 0.413086
vt 0.696289 0.455078
vt 0.694336 0.462402
vt 0.726562 0.410645
vt 0.762207 0.370605
vt 0.727051 0.452148
vt 0.699707 0.453613
vt 0.697754 0.458984
vt 0.700684 0.470215
vt 0.697266 0.470703
vt 0.700684 0.456543
vt 0.70459 0.470703
vt 0.70166 0.474609
vt 0.698242 0.476074
vt 0.703125 0.488281
vt 0.700195 0.487793
vt 0.706543 0.489258
vt 0.705566 0.473633
vt 0.728027 0.472656
vt 0.732422 0.489258
vt 0.757324 0.484863
vt 0.728027 0.46875
vt 0.752441 0.471191
vt 0.727051 0.455078
vt 0.752441 0.468262
vt 0.756348 0.47168
vt 0.760254 0.483398
vt 0.760254 0.472168
vt 0.763184 0.48291
vt 0.760254 0.466797
vt 0.756836 0.467285
vt 0.762207 0.460938
vt 0.758301 0.457031
vt 0.754395 0.454102
vt 0.754883 0.450684
vt 0.759766 0.452148
vt 0.76416 0.453613
vt 0.756836 0.411133
vt 0.762695 0.413086
vt 0.767578 0.414551
vt 0.768066 0.372559
vt 0.772949 0.373535
vt 0.77002 0.334473
vt 0.775391 0.335449
vt 0.774902 0.297852
vt 0.762695 0.333008
vt 0.768555 0.297363
vt 0.760254 0.296387
vt 0.769531 0.25
vt 0.984375 0.250488
vt 0.945312 0.250488
vt 0.908203 0.250488
vt 0.902344 0.250488
vt 0.897949 0.250488
vt 0.944824 0.296875
vt 0.984375 0.297363
vt 0.90625 0.296875
vt 0.899414 0.297852
vt 0.893555 0.29834
vt 0.899902 0.335938
vt 0.892578 0.336914
vt 0.944824 0.333984
vt 0.909668 0.334473
vt 0.901855 0.374023
vt 0.894531 0.375977
vt 0.90625 0.415527
vt 0.899902 0.417969
vt 0.908203 0.456543
vt 0.912109 0.371582
vt 0.912598 0.455078
vt 0.915527 0.458984
vt 0.910645 0.462891
vt 0.915527 0.412109
vt 0.91748 0.453125
vt 0.916992 0.470215
vt 0.913086 0.470215
vt 0.914062 0.475586
vt 0.921387 0.470703
vt 0.917969 0.456543
vt 0.943848 0.45166
vt 0.943359 0.455078
vt 0.943359 0.469727
vt 0.921875 0.473633
vt 0.917969 0.474121
vt 0.914062 0.48877
vt 0.911133 0.488281
vt 0.917969 0.489258
vt 0.943359 0.474121
vt 0.941895 0.489746
vt 0.966797 0.488281
vt 0.967285 0.473145
vt 0.971191 0.474121
vt 0.970703 0.487305
vt 0.974121 0.486328
vt 0.978027 0.474609
vt 0.972168 0.470215
vt 0.979004 0.469727
vt 0.968262 0.470215
vt 0.971191 0.456543
vt 0.975586 0.458496
vt 0.980957 0.461914
vt 0.98291 0.456055
vt 0.972168 0.453125
vt 0.978027 0.45459
vt 0.988281 0.416016
vt 0.976074 0.412598
vt 0.982422 0.414551
vt 0.992188 0.374512
vt 0.944336 0.410645
vt 0.979004 0.37207
vt 0.944824 0.370605
vt 0.986328 0.373535
vt 0.994629 0.335938
vt 0.981934 0.334473
vt 0.98877 0.335449
vt 0.989258 0.297852
vt 0.993652 0.297852
vt 0.666504 0.800903
vt 0.67334 0.801514
vt 0.620117 0.799927
vt 0.657715 0.800049
vt 0.665039 0.838379
vt 0.671387 0.839478
vt 0.666992 0.877441
vt 0.582031 0.800415
vt 0.620605 0.836304
vt 0.656738 0.836792
vt 0.661621 0.876099
vt 0.658691 0.915344
vt 0.663086 0.917053
vt 0.655273 0.874268
vt 0.621094 0.873169
vt 0.583984 0.83728
vt 0.578613 0.838257
vt 0.699219 0.976746
vt 0.700195 0.986916
vt 0.697266 0.986778
vt 0.702637 0.975037
vt 0.697754 0.970383
vt 0.703613 0.987595
vt 0.70166 0.969955
vt 0.694824 0.964874
vt 0.707031 0.973862
vt 0.69873 0.963135
vt 0.691895 0.956482
vt 0.706543 0.970291
vt 0.703125 0.959076
vt 0.69873 0.951904
vt 0.685547 0.916077
vt 0.729004 0.96965
vt 0.703125 0.948456
vt 0.693848 0.912415
vt 0.683105 0.875
vt 0.699219 0.910034
vt 0.729004 0.957764
vt 0.691895 0.872314
vt 0.680664 0.836426
vt 0.729492 0.946594
vt 0.697266 0.870605
vt 0.687988 0.834595
vt 0.678223 0.798218
vt 0.695312 0.833252
vt 0.729004 0.907959
vt 0.729492 0.869629
vt 0.683594 0.797485
vt 0.676758 0.750122
vt 0.691406 0.796509
vt 0.730469 0.832886
vt 0.76416 0.871216
vt 0.689941 0.750122
vt 0.682617 0.750122
vt 0.682617 0.702637
vt 0.677734 0.702148
vt 0.69043 0.703857
vt 0.68457 0.665283
vt 0.678223 0.663574
vt 0.730957 0.704102
vt 0.731445 0.750244
vt 0.730957 0.796509
vt 0.76416 0.750366
vt 0.765137 0.797241
vt 0.775391 0.750488
vt 0.765625 0.834351
vt 0.775391 0.79834
vt 0.775879 0.836304
vt 0.78418 0.75061
vt 0.782715 0.799194
vt 0.783691 0.837891
vt 0.773926 0.874268
vt 0.78125 0.876648
vt 0.760742 0.909607
vt 0.77002 0.913818
vt 0.776855 0.916992
vt 0.762207 0.951569
vt 0.76709 0.954803
vt 0.755859 0.947174
vt 0.76123 0.961395
vt 0.765137 0.96347
vt 0.756836 0.957367
vt 0.758301 0.96817
vt 0.762695 0.968414
vt 0.753906 0.968781
vt 0.757812 0.973221
vt 0.761719 0.974396
vt 0.757324 0.983307
vt 0.760742 0.982193
vt 0.753418 0.984505
vt 0.753418 0.972305
vt 0.729492 0.974152
vt 0.728027 0.987961
vt 0.538086 0.245117
vt 0.499268 0.245605
vt 0.461426 0.199219
vt 0.462402 0.245605
vt 0.533691 0.291992
vt 0.541992 0.292969
vt 0.549316 0.293945
vt 0.499756 0.291992
vt 0.532715 0.329102
vt 0.540527 0.330566
vt 0.547363 0.331543
vt 0.464844 0.29248
vt 0.5 0.328125
vt 0.53418 0.366699
vt 0.541992 0.368652
vt 0.546387 0.370117
vt 0.531738 0.407715
vt 0.539062 0.410645
vt 0.543945 0.412598
vt 0.532227 0.45166
vt 0.536621 0.453613
vt 0.5 0.365234
vt 0.53125 0.458984
vt 0.53418 0.459961
vt 0.463623 0.329102
vt 0.527344 0.467773
vt 0.530762 0.468262
vt 0.527832 0.455566
vt 0.526855 0.447754
vt 0.499512 0.405273
vt 0.525879 0.472168
vt 0.529297 0.473633
vt 0.526855 0.48584
vt 0.529297 0.48584
vt 0.523438 0.486328
vt 0.522461 0.471191
vt 0.497314 0.484863
vt 0.523438 0.467773
vt 0.497559 0.469727
vt 0.471191 0.479004
vt 0.498047 0.466309
vt 0.473877 0.467773
vt 0.498779 0.452637
vt 0.473633 0.464844
vt 0.469971 0.46875
vt 0.468262 0.477539
vt 0.467041 0.469238
vt 0.465576 0.476562
vt 0.466553 0.463867
vt 0.469727 0.463867
vt 0.499023 0.445801
vt 0.472168 0.444336
vt 0.466553 0.455078
vt 0.463623 0.456055
vt 0.470703 0.45166
vt 0.466309 0.447754
vt 0.461914 0.450195
vt 0.460205 0.409668
vt 0.455322 0.411621
vt 0.468018 0.40625
vt 0.449951 0.370605
vt 0.463867 0.366699
vt 0.456055 0.369141
vt 0.44751 0.332031
vt 0.455078 0.331055
vt 0.446533 0.294434
vt 0.455811 0.293457
vt 0.445801 0.246094
vt 0.453613 0.246094
vt 0.452881 0.198242
vt 0.446289 0.197754
vt 0.453613 0.160645
vt 0.44751 0.159668
vt 0.455566 0.122559
vt 0.875488 0.746582
vt 0.839844 0.699951
vt 0.87793 0.699951
vt 0.789062 0.746582
vt 0.791992 0.698486
vt 0.79834 0.699219
vt 0.806641 0.699951
vt 0.807129 0.662842
vt 0.839844 0.746582
vt 0.839844 0.793213
vt 0.804199 0.746582
vt 0.795898 0.746582
vt 0.803711 0.793213
vt 0.795898 0.794067
vt 0.790039 0.794678
vt 0.806152 0.8302
vt 0.839844 0.829712
vt 0.79834 0.831543
vt 0.792969 0.832642
vt 0.808105 0.867676
vt 0.840332 0.866577
vt 0.872559 0.867554
vt 0.802246 0.869263
vt 0.797852 0.870483
vt 0.810059 0.907593
vt 0.84082 0.906372
vt 0.803711 0.909851
vt 0.799316 0.911621
vt 0.813965 0.947052
vt 0.868652 0.908447
vt 0.875 0.910461
vt 0.872559 0.94989
vt 0.808594 0.949005
vt 0.804199 0.9505
vt 0.84082 0.946503
vt 0.868164 0.948944
vt 0.867676 0.952209
vt 0.814941 0.950226
vt 0.840332 0.950012
vt 0.839844 0.964722
vt 0.816895 0.963959
vt 0.817383 0.966858
vt 0.811035 0.953186
vt 0.806641 0.957153
vt 0.8125 0.963257
vt 0.808594 0.963013
vt 0.812988 0.967346
vt 0.815918 0.981293
vt 0.809082 0.967987
vt 0.812012 0.97998
vt 0.808594 0.978836
vt 0.461182 0.745117
vt 0.55127 0.698486
vt 0.553711 0.745117
vt 0.558105 0.697754
vt 0.566406 0.745117
vt 0.561035 0.745117
vt 0.558594 0.792603
vt 0.562988 0.793091
vt 0.551758 0.79187
vt 0.557617 0.829956
vt 0.5625 0.831055
vt 0.555176 0.867798
vt 0.55957 0.869019
vt 0.55127 0.828735
vt 0.512695 0.79126
vt 0.550293 0.907715
vt 0.554199 0.909302
vt 0.549805 0.866211
vt 0.512695 0.827759
vt 0.512695 0.864746
vt 0.544922 0.905518
vt 0.545898 0.946747
vt 0.549805 0.94809
vt 0.512207 0.904541
vt 0.544434 0.950256
vt 0.547852 0.954132
vt 0.541016 0.944824
vt 0.541992 0.961151
vt 0.545898 0.960968
vt 0.541016 0.947418
vt 0.538574 0.961792
vt 0.541504 0.965393
vt 0.54541 0.966187
vt 0.538086 0.964844
vt 0.542969 0.974991
vt 0.545898 0.97403
vt 0.539551 0.976227
vt 0.513184 0.966431
vt 0.513672 0.980164
vt 0.512695 0.962494
vt 0.494385 0.966187
vt 0.488037 0.98111
vt 0.511719 0.94751
vt 0.493408 0.963196
vt 0.490479 0.966949
vt 0.484863 0.980667
vt 0.482422 0.969467
vt 0.481689 0.980515
vt 0.481689 0.964325
vt 0.489014 0.963196
vt 0.479248 0.957489
vt 0.485352 0.954102
vt 0.477051 0.951019
vt 0.490234 0.949524
vt 0.482666 0.949158
vt 0.472168 0.910889
vt 0.511719 0.94458
vt 0.489502 0.946808
vt 0.87207 0.296875
vt 0.880859 0.335938
vt 0.887207 0.337402
vt 0.87207 0.333984
vt 0.834961 0.296875
vt 0.797852 0.250488
vt 0.878906 0.374023
vt 0.885742 0.376465
vt 0.869141 0.371094
vt 0.835449 0.333008
vt 0.796387 0.297363
vt 0.875977 0.415527
vt 0.882812 0.418457
vt 0.867188 0.411621
vt 0.868652 0.45459
vt 0.874023 0.457031
vt 0.835449 0.370117
vt 0.862793 0.451172
vt 0.797363 0.333984
vt 0.835449 0.409668
vt 0.800293 0.371582
vt 0.788574 0.335938
vt 0.792969 0.374023
vt 0.781738 0.337402
vt 0.780273 0.299316
vt 0.787109 0.375488
vt 0.787109 0.29834
vt 0.780762 0.250488
vt 0.788086 0.250488
vt 0.797852 0.414062
vt 0.79248 0.416504
vt 0.789551 0.203125
vt 0.782715 0.202148
vt 0.79834 0.204102
vt 0.790039 0.165039
vt 0.78418 0.164062
vt 0.79834 0.166992
vt 0.792969 0.126953
vt 0.803223 0.453125
vt 0.79834 0.455078
vt 0.805176 0.411133
vt 0.805176 0.461426
vt 0.80127 0.462402
vt 0.835938 0.449707
vt 0.809082 0.450195
vt 0.809082 0.45752
vt 0.808105 0.469238
vt 0.804199 0.469727
vt 0.835938 0.45752
vt 0.808594 0.473633
vt 0.812012 0.470215
vt 0.804688 0.475098
vt 0.806152 0.486328
vt 0.803223 0.485352
vt 0.80957 0.487305
vt 0.812988 0.473145
vt 0.835938 0.470703
vt 0.835938 0.474609
vt 0.833984 0.491211
vt 0.863281 0.458496
vt 0.860352 0.471191
vt 0.867676 0.462402
vt 0.871094 0.464355
vt 0.864258 0.470703
vt 0.868652 0.471191
vt 0.859375 0.474121
vt 0.85791 0.490234
vt 0.863281 0.474609
vt 0.867188 0.476074
vt 0.861816 0.489746
vt 0.865234 0.48877
vt 0.612793 0.40918
vt 0.580566 0.371582
vt 0.612793 0.370117
vt 0.578125 0.333984
vt 0.64209 0.411621
vt 0.637695 0.450684
vt 0.612305 0.333008
vt 0.612793 0.296875
vt 0.645508 0.371094
vt 0.649902 0.333984
vt 0.651855 0.297363
vt 0.612793 0.250977
vt 0.660645 0.336914
vt 0.652344 0.250977
vt 0.656738 0.374512
vt 0.662598 0.298828
vt 0.663574 0.251465
vt 0.651855 0.205078
vt 0.612793 0.205078
vt 0.647461 0.167969
vt 0.662109 0.203613
vt 0.671387 0.251465
vt 0.670898 0.300293
vt 0.668457 0.338867
vt 0.664062 0.377441
vt 0.651367 0.416016
vt 0.658203 0.418945
vt 0.644531 0.456055
vt 0.650391 0.458984
vt 0.638184 0.458984
vt 0.612793 0.45752
vt 0.642578 0.461914
vt 0.647461 0.465332
vt 0.640625 0.471191
vt 0.64502 0.470703
vt 0.643555 0.476074
vt 0.612793 0.470215
vt 0.635254 0.471191
vt 0.586426 0.45752
vt 0.612793 0.474121
vt 0.589355 0.469727
vt 0.582031 0.460938
vt 0.585449 0.469238
vt 0.581543 0.469238
vt 0.590332 0.472656
vt 0.585938 0.473633
vt 0.58252 0.474609
vt 0.587402 0.483887
vt 0.583984 0.48291
vt 0.581055 0.482422
vt 0.613281 0.486816
vt 0.635254 0.473633
vt 0.639648 0.487793
vt 0.639648 0.474121
vt 0.64209 0.487305
vt 0.64502 0.487305
vt 0.483154 0.906982
vt 0.476807 0.909302
vt 0.467041 0.869385
vt 0.471436 0.868042
vt 0.464111 0.831055
vt 0.477295 0.866089
vt 0.468994 0.830078
vt 0.462891 0.793091
vt 0.47583 0.828613
vt 0.468262 0.79248
vt 0.475586 0.791748
vt 0.466553 0.745117
vt 0.473633 0.744873
vt 0.512695 0.745117
vt 0.980957 0.586426
vt 0.988281 0.624512
vt 0.984375 0.625488
vt 0.993164 0.662598
vt 0.98877 0.663574
vt 0.996582 0.700684
vt 0.991699 0.701172
vt 0.984863 0.701904
vt 0.990723 0.749023
vt 0.996582 0.749023
vt 0.98291 0.748779
vt 0.945801 0.749023
vt 0.989258 0.796509
vt 0.994629 0.797119
vt 0.981445 0.795654
vt 0.986816 0.834106
vt 0.991699 0.834961
vt 0.98584 0.872192
vt 0.990234 0.873291
vt 0.979492 0.832764
vt 0.904297 0.749023
vt 0.984375 0.912659
vt 0.988281 0.914185
vt 0.979492 0.870605
vt 0.898926 0.749268
vt 0.905273 0.795654
vt 0.900391 0.796143
vt 0.895508 0.796875
vt 0.946289 0.795654
vt 0.907715 0.832275
vt 0.90332 0.833252
vt 0.896973 0.834717
vt 0.945801 0.832153
vt 0.910156 0.869751
vt 0.905762 0.871094
vt 0.900391 0.872681
vt 0.945312 0.869141
vt 0.913086 0.910217
vt 0.908691 0.912109
vt 0.90332 0.914368
vt 0.944824 0.907654
vt 0.918457 0.950043
vt 0.913574 0.951935
vt 0.907715 0.95462
vt 0.978027 0.910339
vt 0.945312 0.946594
vt 0.918457 0.953064
vt 0.914551 0.955902
vt 0.90918 0.960754
vt 0.916504 0.966431
vt 0.911621 0.966736
vt 0.922363 0.966583
vt 0.913086 0.971039
vt 0.944824 0.9505
vt 0.972656 0.948425
vt 0.945312 0.965698
vt 0.972168 0.951813
vt 0.977539 0.950348
vt 0.980957 0.95163
vt 0.976074 0.954163
vt 0.979004 0.95816
vt 0.973633 0.965057
vt 0.976562 0.964813
vt 0.969238 0.965424
vt 0.972656 0.96933
vt 0.975586 0.969513
vt 0.96875 0.96817
vt 0.974121 0.980438
vt 0.977051 0.979706
vt 0.971191 0.981384
vt 0.945312 0.970154
vt 0.946777 0.984329
vt 0.922852 0.969315
vt 0.922363 0.984932
vt 0.91748 0.96994
vt 0.918945 0.984398
vt 0.916016 0.984009
vt 0.244507 0.0449219
vt 0.238525 0.0825195
vt 0.246338 0.0366211
vt 0.24292 0.0839844
vt 0.234375 0.12207
vt 0.25293 0.0297852
vt 0.249023 0.0297852
vt 0.239502 0.123535
vt 0.235229 0.160156
vt 0.245605 0.125
vt 0.240356 0.161133
vt 0.23291 0.198242
vt 0.237671 0.19873
vt 0.230347 0.246094
vt 0.24707 0.162109
vt 0.279297 0.163574
vt 0.279053 0.200195
vt 0.243652 0.199707
vt 0.234375 0.246094
vt 0.239868 0.246582
vt 0.279053 0.246582
vt 0.234009 0.293945
vt 0.230225 0.293945
vt 0.238892 0.293457
vt 0.235596 0.331055
vt 0.231567 0.332031
vt 0.240356 0.330566
vt 0.278809 0.292969
vt 0.23877 0.369141
vt 0.234741 0.370117
vt 0.243652 0.367676
vt 0.278809 0.32959
vt 0.314453 0.293457
vt 0.243652 0.409668
vt 0.23999 0.411133
vt 0.248047 0.408203
vt 0.250488 0.449219
vt 0.246826 0.450195
vt 0.278564 0.366699
vt 0.312744 0.330566
vt 0.251465 0.454102
vt 0.248657 0.456543
vt 0.254883 0.448242
vt 0.278076 0.405273
vt 0.311035 0.367676
vt 0.277832 0.443848
vt 0.255371 0.451172
vt 0.310059 0.407715
vt 0.277832 0.447754
vt 0.306396 0.445801
vt 0.314453 0.40918
vt 0.278809 0.463379
vt 0.305908 0.44873
vt 0.310303 0.447266
vt 0.259277 0.464844
vt 0.253418 0.462402
vt 0.250977 0.463867
vt 0.260254 0.467773
vt 0.256348 0.46875
vt 0.252441 0.469727
vt 0.251953 0.481934
vt 0.24939 0.481934
vt 0.255127 0.481934
vt 0.279785 0.479004
vt 0.279297 0.467773
vt 0.304932 0.476074
vt 0.303711 0.462891
vt 0.303223 0.46582
vt 0.307129 0.466309
vt 0.30835 0.475098
vt 0.310791 0.466797
vt 0.311523 0.474121
vt 0.311279 0.461914
vt 0.307617 0.461914
vt 0.309814 0.451172
vt 0.313477 0.45459
vt 0.314697 0.44873
vt 0.319092 0.411133
vt 0.322021 0.370605
vt 0.316162 0.369141
vt 0.325439 0.33252
vt 0.318115 0.331055
vt 0.328613 0.294922
vt 0.31958 0.293945
vt 0.329102 0.246582
vt 0.316406 0.246582
vt 0.322021 0.246582
vt 0.318115 0.199707
vt 0.32251 0.199219
vt 0.328613 0.19873
vt 0.321289 0.162109
vt 0.212036 0.9534
vt 0.212036 0.993538
vt 0.173462 0.9534
vt 0.173462 0.993538
vt 0.171021 0.9534
vt 0.171021 0.912964
vt 0.171021 0.993538
vt 0.162964 0.872437
vt 0.162964 0.912964
vt 0.162964 0.9534
vt 0.162964 0.993538
vt 0.160034 0.872437
vt 0.162964 0.831787
vt 0.160034 0.912964
vt 0.160034 0.9534
vt 0.160034 0.993538
vt 0.122864 0.993538
vt 0.122864 0.9534
vt 0.120178 0.993538
vt 0.122864 0.912964
vt 0.120178 0.9534
vt 0.112244 0.993538
vt 0.120178 0.912964
vt 0.122864 0.872437
vt 0.112244 0.9534
vt 0.109802 0.993538
vt 0.109802 0.9534
vt 0.112244 0.912964
vt 0.109802 0.912964
vt 0.109802 0.872437
vt 0.120178 0.872437
vt 0.112244 0.872437
vt 0.109802 0.831787
vt 0.122864 0.831787
vt 0.120178 0.831787
vt 0.112244 0.831787
vt 0.109802 0.791626
vt 0.120178 0.791626
vt 0.160034 0.831787
vt 0.162964 0.791626
vt 0.112244 0.791626
vt 0.112244 0.75
vt 0.109802 0.75
vt 0.120178 0.75
vt 0.160034 0.791626
vt 0.112244 0.709717
vt 0.109802 0.709717
vt 0.122864 0.791626
vt 0.160034 0.75
vt 0.122864 0.75
vt 0.162964 0.75
vt 0.171021 0.75
vt 0.171021 0.709717
vt 0.160034 0.709717
vt 0.162964 0.709717
vt 0.171021 0.669189
vt 0.162964 0.669189
vt 0.160034 0.669189
vt 0.122864 0.709717
vt 0.162964 0.628418
vt 0.171021 0.628418
vt 0.162964 0.587646
vt 0.120178 0.709717
vt 0.122864 0.669189
vt 0.160034 0.628418
vt 0.112244 0.669189
vt 0.109802 0.669189
vt 0.109802 0.628418
vt 0.120178 0.669189
vt 0.112244 0.628418
vt 0.109802 0.587646
vt 0.120178 0.628418
vt 0.112244 0.587646
vt 0.109802 0.547119
vt 0.122864 0.628418
vt 0.120178 0.587646
vt 0.112244 0.547119
vt 0.112244 0.506348
vt 0.120178 0.506348
vt 0.120178 0.547119
vt 0.122864 0.506348
vt 0.122864 0.587646
vt 0.122864 0.547119
vt 0.160034 0.506348
vt 0.160034 0.547119
vt 0.160034 0.587646
vt 0.162964 0.547119
vt 0.34375 0.331055
vt 0.335693 0.294434
vt 0.351562 0.29248
vt 0.342529 0.293457
vt 0.332031 0.246094
vt 0.340332 0.246094
vt 0.388916 0.29248
vt 0.350098 0.246094
vt 0.424561 0.292969
vt 0.341553 0.19873
vt 0.334717 0.197754
vt 0.345215 0.161133
vt 0.338623 0.159668
vt 0.350586 0.199707
vt 0.347412 0.123047
vt 0.340576 0.121094
vt 0.348633 0.0844727
vt 0.342529 0.081543
vt 0.355713 0.0478516
vt 0.35083 0.0444336
vt 0.356689 0.0878906
vt 0.870117 0.971252
vt 0.870605 0.984627
vt 0.867188 0.985062
vt 0.866699 0.970047
vt 0.871094 0.966156
vt 0.86377 0.985718
vt 0.867676 0.965912
vt 0.874023 0.957886
vt 0.862793 0.969101
vt 0.86377 0.966187
vt 0.839355 0.968887
vt 0.839355 0.985443
vt 0.870605 0.955292
vt 0.875977 0.950592
vt 0.879883 0.911804
vt 0.884766 0.870728
vt 0.879883 0.869507
vt 0.887695 0.832275
vt 0.882812 0.831177
vt 0.88916 0.794312
vt 0.876465 0.829712
vt 0.884277 0.793823
vt 0.890137 0.746582
vt 0.87793 0.793091
vt 0.884277 0.746582
vt 0.884277 0.699463
vt 0.88916 0.698975
vt 0.883301 0.662109
vt 0.888184 0.661133
vt 0.881348 0.624023
vt 0.886719 0.622803
vt 0.876953 0.66333
vt 0.876953 0.586182
vt 0.881348 0.584473
vt 0.875 0.625732
vt 0.873535 0.549072
vt 0.877441 0.547607
vt 0.871094 0.588135
vt 0.868652 0.551025
vt 0.87207 0.542969
vt 0.875977 0.538574
vt 0.868164 0.546143
vt 0.841309 0.552246
vt 0.84082 0.5896
vt 0.869629 0.532959
vt 0.873535 0.533203
vt 0.865234 0.532471
vt 0.84082 0.546875
vt 0.869141 0.528076
vt 0.873047 0.5271
vt 0.871094 0.518066
vt 0.874023 0.518799
vt 0.867676 0.51709
vt 0.864746 0.529053
vt 0.84375 0.514893
vt 0.841309 0.532227
vt 0.841309 0.527344
vt 0.819336 0.528076
vt 0.819824 0.515869
vt 0.81543 0.544434
vt 0.814941 0.5271
vt 0.81543 0.516602
vt 0.818359 0.531494
vt 0.811035 0.525879
vt 0.812012 0.517578
vt 0.810059 0.531738
vt 0.813965 0.531738
vt 0.807617 0.536133
vt 0.811523 0.540771
vt 0.805664 0.54541
vt 0.80957 0.547119
vt 0.799805 0.582764
vt 0.814453 0.549316
vt 0.810059 0.586914
vt 0.804199 0.584473
vt 0.79541 0.62207
vt 0.800293 0.623291
vt 0.794434 0.660889
vt 0.840332 0.626465
vt 0.806641 0.625
vt 0.839844 0.66333
vt 0.799805 0.661621
vt 0.67041 0.202637
vt 0.613281 0.168945
vt 0.578125 0.167969
vt 0.57666 0.20459
vt 0.568848 0.127441
vt 0.558594 0.163574
vt 0.566895 0.165527
vt 0.559082 0.202637
vt 0.566406 0.203125
vt 0.556641 0.250977
vt 0.563965 0.250977
vt 0.57373 0.250977
vt 0.564941 0.29834
vt 0.558105 0.299316
vt 0.569336 0.335938
vt 0.5625 0.337891
vt 0.573242 0.297363
vt 0.572754 0.374023
vt 0.567383 0.375488
vt 0.574707 0.414062
vt 0.569336 0.416992
vt 0.581055 0.453125
vt 0.576172 0.456055
vt 0.58252 0.410645
vt 0.578613 0.462402
vt 0.587402 0.449219
vt 0.613281 0.448242
vt 0.212036 0.019043
vt 0.212036 0.059082
vt 0.173462 0.019043
vt 0.173462 0.059082
vt 0.171021 0.019043
vt 0.173462 0.0996094
vt 0.212036 0.0996094
vt 0.171021 0.059082
vt 0.173462 0.140625
vt 0.212036 0.140625
vt 0.171021 0.0996094
vt 0.171021 0.140625
vt 0.173462 0.181152
vt 0.212036 0.181152
vt 0.212036 0.22168
vt 0.173462 0.22168
vt 0.212036 0.262207
vt 0.171021 0.181152
vt 0.162964 0.140625
vt 0.173462 0.262207
vt 0.212036 0.303223
vt 0.171021 0.22168
vt 0.171021 0.262207
vt 0.162964 0.181152
vt 0.162964 0.0996094
vt 0.162964 0.059082
vt 0.162964 0.019043
vt 0.160034 0.019043
vt 0.160034 0.059082
vt 0.160034 0.0996094
vt 0.122864 0.059082
vt 0.122864 0.019043
vt 0.160034 0.140625
vt 0.122864 0.0996094
vt 0.120178 0.059082
vt 0.120178 0.019043
vt 0.160034 0.181152
vt 0.122864 0.140625
vt 0.120178 0.0996094
vt 0.112244 0.059082
vt 0.112244 0.019043
vt 0.109802 0.059082
vt 0.109802 0.019043
vt 0.112244 0.0996094
vt 0.109802 0.0996094
vt 0.120178 0.140625
vt 0.112244 0.140625
vt 0.109802 0.140625
vt 0.112244 0.181152
vt 0.109802 0.181152
vt 0.109802 0.22168
vt 0.112244 0.22168
vt 0.109802 0.262207
vt 0.120178 0.181152
vt 0.122864 0.181152
vt 0.120178 0.22168
vt 0.112244 0.262207
vt 0.109802 0.303223
vt 0.120178 0.262207
vt 0.122864 0.22168
vt 0.122864 0.262207
vt 0.112244 0.303223
vt 0.120178 0.303223
vt 0.112244 0.34375
vt 0.109802 0.34375
vt 0.120178 0.34375
vt 0.112244 0.384277
vt 0.109802 0.384277
vt 0.122864 0.303223
vt 0.112244 0.425293
vt 0.109802 0.425293
vt 0.120178 0.384277
vt 0.109802 0.46582
vt 0.122864 0.34375
vt 0.112244 0.46582
vt 0.109802 0.506348
vt 0.120178 0.425293
vt 0.120178 0.46582
vt 0.122864 0.425293
vt 0.122864 0.46582
vt 0.122864 0.384277
vt 0.160034 0.46582
vt 0.160034 0.425293
vt 0.160034 0.384277
vt 0.00502777 0.303223
vt 0.00502777 0.34375
vt 0.00502777 0.262695
vt 0.0436096 0.384277
vt 0.00502777 0.384277
vt 0.0436096 0.22168
vt 0.00502777 0.22168
vt 0.00502777 0.181152
vt 0.0436096 0.424805
vt 0.00502777 0.424805
vt 0.00502777 0.465332
vt 0.0460205 0.424805
vt 0.0436096 0.465332
vt 0.00502777 0.505859
vt 0.0460205 0.465332
vt 0.052948 0.465332
vt 0.0436096 0.505859
vt 0.00502777 0.546631
vt 0.0460205 0.505859
vt 0.052948 0.505859
vt 0.0558472 0.465332
vt 0.052948 0.546631
vt 0.0460205 0.546631
vt 0.0436096 0.546631
vt 0.0927734 0.505859
vt 0.0558472 0.505859
vt 0.0436096 0.587158
vt 0.00502777 0.587158
vt 0.0460205 0.587158
vt 0.0436096 0.627686
vt 0.00502777 0.627686
vt 0.0558472 0.546631
vt 0.0436096 0.668457
vt 0.00502777 0.668457
vt 0.00502777 0.708984
vt 0.0927734 0.546631
vt 0.0436096 0.708984
vt 0.00502777 0.749512
vt 0.0460205 0.627686
vt 0.0460205 0.668457
vt 0.0436096 0.749512
vt 0.00502777 0.790161
vt 0.0460205 0.708984
vt 0.0436096 0.790161
vt 0.0460205 0.749512
vt 0.0460205 0.790161
vt 0.0436096 0.830811
vt 0.00502777 0.830811
vt 0.052948 0.668457
vt 0.052948 0.749512
vt 0.052948 0.627686
vt 0.052948 0.708984
vt 0.0558472 0.668457
vt 0.052948 0.587158
vt 0.0558472 0.627686
vt 0.0558472 0.587158
vt 0.0927734 0.587158
vt 0.0927734 0.627686
vt 0.095459 0.546631
vt 0.0927734 0.668457
vt 0.095459 0.587158
vt 0.095459 0.668457
vt 0.095459 0.505859
vt 0.103271 0.546631
vt 0.103271 0.587158
vt 0.105591 0.587158
vt 0.095459 0.627686
vt 0.103271 0.627686
vt 0.105591 0.627686
vt 0.103271 0.668457
vt 0.105591 0.668457
vt 0.105591 0.708984
vt 0.103271 0.708984
vt 0.105591 0.749512
vt 0.103271 0.749512
vt 0.105591 0.790161
vt 0.095459 0.708984
vt 0.0927734 0.708984
vt 0.095459 0.749512
vt 0.0927734 0.749512
vt 0.0558472 0.708984
vt 0.095459 0.790161
vt 0.0558472 0.749512
vt 0.0927734 0.790161
vt 0.103271 0.790161
vt 0.095459 0.830811
vt 0.103271 0.830811
vt 0.105591 0.830811
vt 0.052948 0.790161
vt 0.0558472 0.790161
vt 0.0558472 0.830811
vt 0.0927734 0.830811
vt 0.052948 0.830811
vt 0.0558472 0.871338
vt 0.095459 0.871338
vt 0.0927734 0.871338
vt 0.103271 0.871338
vt 0.105591 0.871338
vt 0.095459 0.911743
vt 0.103271 0.911743
vt 0.105591 0.911743
vt 0.105591 0.952118
vt 0.103271 0.952118
vt 0.105591 0.992207
vt 0.103271 0.992207
vt 0.095459 0.992207
vt 0.095459 0.952118
vt 0.0927734 0.992207
vt 0.0927734 0.911743
vt 0.0927734 0.952118
vt 0.0558472 0.911743
vt 0.0558472 0.952118
vt 0.0558472 0.992207
vt 0.052948 0.992207
vt 0.052948 0.952118
vt 0.0460205 0.992207
vt 0.052948 0.911743
vt 0.0460205 0.952118
vt 0.0436096 0.992207
vt 0.052948 0.871338
vt 0.0460205 0.911743
vt 0.0436096 0.952118
vt 0.00502777 0.992207
vt 0.00502777 0.952118
vt 0.0436096 0.911743
vt 0.00502777 0.911743
vt 0.00502777 0.871338
vt 0.0460205 0.871338
vt 0.0436096 0.871338
vt 0.0460205 0.830811
vt 0.160034 0.34375
vt 0.160034 0.303223
vt 0.160034 0.262207
vt 0.162964 0.303223
vt 0.160034 0.22168
vt 0.162964 0.262207
vt 0.162964 0.22168
vt 0.171021 0.303223
vt 0.162964 0.34375
vt 0.173462 0.303223
vt 0.171021 0.34375
vt 0.162964 0.384277
vt 0.173462 0.34375
vt 0.212036 0.34375
vt 0.171021 0.384277
vt 0.162964 0.425293
vt 0.173462 0.384277
vt 0.212036 0.384277
vt 0.171021 0.425293
vt 0.162964 0.46582
vt 0.173462 0.425293
vt 0.212036 0.425293
vt 0.171021 0.46582
vt 0.173462 0.46582
vt 0.212036 0.46582
vt 0.212036 0.506348
vt 0.162964 0.506348
vt 0.171021 0.506348
vt 0.173462 0.506348
vt 0.212036 0.547119
vt 0.171021 0.547119
vt 0.173462 0.547119
vt 0.173462 0.587646
vt 0.212036 0.587646
vt 0.171021 0.587646
vt 0.173462 0.628418
vt 0.212036 0.628418
vt 0.173462 0.669189
vt 0.212036 0.669189
vt 0.212036 0.709717
vt 0.173462 0.709717
vt 0.212036 0.75
vt 0.173462 0.75
vt 0.212036 0.791626
vt 0.173462 0.791626
vt 0.173462 0.831787
vt 0.212036 0.831787
vt 0.171021 0.791626
vt 0.173462 0.872437
vt 0.212036 0.872437
vt 0.171021 0.831787
vt 0.173462 0.912964
vt 0.212036 0.912964
vt 0.171021 0.872437
vt 0.257812 0.0263672
vt 0.25415 0.015625
vt 0.253418 0.0249023
vt 0.250977 0.0161133
vt 0.25 0.0234375
vt 0.247925 0.0161133
vt 0.0436096 0.140625
vt 0.00502777 0.140625
vt 0.0460205 0.140625
vt 0.0436096 0.181152
vt 0.0460205 0.181152
vt 0.0460205 0.22168
vt 0.052948 0.181152
usemtl Smjfbarrel011Mtl
f 1/1/1 2/2/2 3/3/3
f 4/4/4 5/5/5 6/6/6
f 6/6/6 1/1/1 4/4/4
f 1/1/1 7/7/7 2/2/2
f 1/1/1 6/6/6 7/7/7
f 7/7/7 8/8/8 2/2/2
f 7/7/7 9/9/9 8/8/8
f 6/6/6 10/10/10 7/7/7
f 9/9/9 7/7/7 10/10/10
f 11/11/11 6/6/6 5/5/5
f 12/12/12 11/11/11 5/5/5
f 6/6/6 13/13/13 10/10/10
f 6/6/6 11/11/11 13/13/13
f 9/9/9 10/10/10 14/14/14
f 14/14/14 15/15/15 9/9/9
f 14/14/14 16/16/16 15/15/15
f 11/11/11 12/12/12 17/17/17
f 12/12/12 18/18/18 17/17/17
f 19/19/19 13/13/13 11/11/11
f 11/11/11 17/17/17 19/19/19
f 13/13/13 20/20/20 10/10/10
f 14/14/14 10/10/10 20/20/20
f 13/13/13 19/19/19 20/20/20
f 16/16/16 14/14/14 21/21/21
f 18/18/18 22/22/22 17/17/17
f 22/22/22 19/19/19 17/17/17
f 23/23/23 20/20/20 19/19/19
f 22/22/22 23/23/23 19/19/19
f 24/24/24 14/14/14 20/20/20
f 14/14/14 24/24/24 21/21/21
f 20/20/20 23/23/23 24/24/24
f 16/16/16 21/21/21 25/25/25
f 24/24/24 25/25/25 21/21/21
f 25/25/25 26/26/26 16/16/16
f 25/25/25 27/27/27 26/26/26
f 25/25/25 28/28/28 27/27/27
f 28/28/28 25/25/25 29/29/29
f 25/25/25 24/24/24 30/30/30
f 25/25/25 30/30/30 29/29/29
f 24/24/24 23/23/23 30/30/30
f 29/29/29 30/30/30 31/31/31
f 23/23/23 31/31/31 30/30/30
f 32/32/32 29/29/29 31/31/31
f 31/31/31 33/33/33 32/32/32
f 23/23/23 34/34/34 31/31/31
f 33/33/33 31/31/31 35/35/35
f 35/35/35 31/31/31 34/34/34
f 33/33/33 35/35/35 36/36/36
f 34/34/34 36/36/36 35/35/35
f 23/23/23 22/22/22 34/34/34
f 36/36/36 37/37/37 33/33/33
f 37/37/37 36/36/36 38/38/38
f 37/37/37 38/38/38 39/39/39
f 40/40/40 38/38/38 36/36/36
f 36/36/36 41/41/41 40/40/40
f 36/36/36 34/34/34 41/41/41
f 41/41/41 42/42/42 40/40/40
f 34/34/34 22/22/22 43/43/43
f 34/34/34 43/43/43 41/41/41
f 42/42/42 41/41/41 43/43/43
f 18/18/18 43/43/43 22/22/22
f 44/44/44 42/42/42 43/43/43
f 18/18/18 44/44/44 43/43/43
f 45/45/45 46/46/46 47/47/47
f 48/48/48 47/47/47 46/46/46
f 47/47/47 48/48/48 49/49/49
f 48/48/48 46/46/46 50/50/50
f 51/51/51 49/49/49 48/48/48
f 51/51/51 52/52/52 49/49/49
f 53/53/53 48/48/48 50/50/50
f 54/54/54 53/53/53 50/50/50
f 48/48/48 55/55/55 51/51/51
f 55/55/55 48/48/48 53/53/53
f 52/52/52 51/51/51 56/56/56
f 55/55/55 56/56/56 51/51/51
f 56/56/56 57/57/57 52/52/52
f 53/53/53 54/54/54 58/58/58
f 58/58/58 55/55/55 53/53/53
f 58/58/58 54/54/54 59/59/59
f 60/60/60 58/58/58 59/59/59
f 61/61/61 55/55/55 58/58/58
f 58/58/58 60/60/60 61/61/61
f 60/60/60 59/59/59 62/62/62
f 57/57/57 56/56/56 63/63/63
f 64/64/64 60/60/60 62/62/62
f 64/64/64 62/62/62 65/65/65
f 57/57/57 63/63/63 66/66/66
f 57/57/57 66/66/66 67/67/67
f 56/56/56 68/68/68 63/63/63
f 68/68/68 66/66/66 63/63/63
f 67/67/67 66/66/66 69/69/69
f 67/67/67 69/69/69 70/70/70
f 71/71/71 69/69/69 66/66/66
f 72/72/72 71/71/71 66/66/66
f 66/66/66 68/68/68 72/72/72
f 72/72/72 73/73/73 71/71/71
f 68/68/68 56/56/56 74/74/74
f 56/56/56 55/55/55 74/74/74
f 74/74/74 55/55/55 61/61/61
f 68/68/68 74/74/74 75/75/75
f 74/74/74 61/61/61 75/75/75
f 76/76/76 72/72/72 68/68/68
f 68/68/68 75/75/75 76/76/76
f 73/73/73 72/72/72 77/77/77
f 72/72/72 76/76/76 77/77/77
f 77/77/77 78/78/78 73/73/73
f 77/77/77 79/79/79 78/78/78
f 76/76/76 79/79/79 77/77/77
f 80/80/80 78/78/78 79/79/79
f 75/75/75 81/81/81 76/76/76
f 79/79/79 76/76/76 81/81/81
f 81/81/81 75/75/75 82/82/82
f 61/61/61 82/82/82 75/75/75
f 83/83/83 79/79/79 81/81/81
f 79/79/79 84/84/84 80/80/80
f 79/79/79 83/83/83 84/84/84
f 85/85/85 80/80/80 84/84/84
f 83/83/83 81/81/81 86/86/86
f 86/86/86 81/81/81 82/82/82
f 82/82/82 61/61/61 87/87/87
f 87/87/87 86/86/86 82/82/82
f 61/61/61 60/60/60 87/87/87
f 60/60/60 88/88/88 87/87/87
f 86/86/86 87/87/87 88/88/88
f 88/88/88 60/60/60 64/64/64
f 86/86/86 89/89/89 83/83/83
f 89/89/89 84/84/84 83/83/83
f 88/88/88 90/90/90 86/86/86
f 89/89/89 86/86/86 90/90/90
f 91/91/91 88/88/88 64/64/64
f 91/91/91 64/64/64 65/65/65
f 91/91/91 65/65/65 92/92/92
f 93/93/93 88/88/88 91/91/91
f 90/90/90 88/88/88 93/93/93
f 94/94/94 91/91/91 92/92/92
f 94/94/94 93/93/93 91/91/91
f 95/95/95 96/96/96 97/97/97
f 98/98/98 96/96/96 95/95/95
f 98/98/98 95/95/95 99/99/99
f 96/96/96 98/98/98 100/100/100
f 100/100/100 98/98/98 101/101/101
f 101/101/101 102/102/102 100/100/100
f 103/103/103 100/100/100 102/102/102
f 98/98/98 104/104/104 101/101/101
f 104/104/104 102/102/102 101/101/101
f 99/99/99 105/105/105 98/98/98
f 104/104/104 98/98/98 105/105/105
f 106/106/106 105/105/105 99/99/99
f 107/107/107 104/104/104 105/105/105
f 105/105/105 106/106/106 108/108/108
f 107/107/107 105/105/105 108/108/108
f 108/108/108 106/106/106 109/109/109
f 110/110/110 108/108/108 109/109/109
f 108/108/108 110/110/110 107/107/107
f 111/111/111 110/110/110 109/109/109
f 107/107/107 112/112/112 104/104/104
f 102/102/102 104/104/104 112/112/112
f 110/110/110 111/111/111 113/113/113
f 113/113/113 111/111/111 114/114/114
f 115/115/115 107/107/107 110/110/110
f 116/116/116 110/110/110 113/113/113
f 116/116/116 115/115/115 110/110/110
f 117/117/117 113/113/113 114/114/114
f 117/117/117 114/114/114 118/118/118
f 113/113/113 119/119/119 116/116/116
f 119/119/119 113/113/113 117/117/117
f 115/115/115 120/120/120 107/107/107
f 107/107/107 120/120/120 112/112/112
f 116/116/116 121/121/121 115/115/115
f 120/120/120 115/115/115 121/121/121
f 119/119/119 122/122/122 116/116/116
f 121/121/121 116/116/116 122/122/122
f 121/121/121 123/123/123 120/120/120
f 122/122/122 123/123/123 121/121/121
f 124/124/124 112/112/112 120/120/120
f 120/120/120 123/123/123 124/124/124
f 125/125/125 112/112/112 124/124/124
f 125/125/125 102/102/102 112/112/112
f 126/126/126 124/124/124 123/123/123
f 127/127/127 123/123/123 122/122/122
f 123/123/123 127/127/127 126/126/126
f 122/122/122 119/119/119 128/128/128
f 128/128/128 127/127/127 122/122/122
f 129/129/129 128/128/128 119/119/119
f 117/117/117 129/129/129 119/119/119
f 130/130/130 125/125/125 124/124/124
f 124/124/124 126/126/126 130/130/130
f 131/131/131 132/132/132 133/133/133
f 134/134/134 135/135/135 136/136/136
f 137/137/137 138/138/138 139/139/139
f 140/140/140 141/141/141 142/142/142
f 143/143/143 144/144/144 145/145/145
f 146/146/146 147/147/147 148/148/148
f 149/149/149 150/150/150 151/151/151
f 152/152/152 153/153/153 154/154/154
f 155/155/155 156/156/156 157/157/157
f 158/158/158 159/159/159 160/160/160
f 161/161/161 162/162/162 163/163/163
f 164/164/164 165/165/165 166/166/166
f 167/167/167 168/168/168 169/169/169
f 170/170/170 171/171/171 172/172/172
f 173/173/173 174/174/174 175/175/175
f 176/176/176 177/177/177 178/178/178
f 179/179/179 180/180/180 181/181/181
f 182/182/182 183/183/183 184/184/184
f 185/185/185 186/186/186 187/187/187
f 188/188/188 189/189/189 190/190/190
f 188/188/188 190/190/190 191/191/191
f 191/191/191 190/190/190 192/192/192
f 193/193/193 194/194/194 195/195/195
f 196/196/196 197/197/197 198/198/198
f 199/199/199 200/200/200 201/201/201
f 202/202/202 203/203/203 204/204/204
f 205/205/205 206/206/206 207/207/207
f 208/208/208 209/209/209 210/210/210
f 211/211/211 212/212/212 213/213/213
f 214/214/214 215/215/215 216/216/216
f 217/217/217 218/218/218 219/219/219
f 220/220/220 221/221/221 222/222/222
f 223/223/223 224/224/224 225/225/225
f 226/226/226 227/227/227 228/228/228
f 229/229/229 230/230/230 231/231/231
f 232/232/232 233/233/233 234/234/234
f 235/235/235 236/236/236 237/237/237
f 238/238/238 239/239/239 240/240/240
f 241/241/241 242/242/242 243/243/243
f 244/244/244 245/245/245 246/246/246
f 247/247/247 248/248/248 249/249/249
f 250/250/250 251/251/251 252/252/252
f 253/253/253 254/254/254 255/255/255
f 256/256/256 257/257/257 258/258/258
f 259/259/259 260/260/260 261/261/261
f 260/260/260 259/259/259 262/262/262
f 262/262/262 259/259/259 263/263/263
f 264/264/264 263/263/263 259/259/259
f 265/265/265 260/260/260 262/262/262
f 264/264/264 266/266/266 263/263/263
f 260/260/260 265/265/265 267/267/267
f 268/268/268 266/266/266 264/264/264
f 269/269/269 266/266/266 268/268/268
f 263/263/263 270/270/270 262/262/262
f 265/265/265 262/262/262 270/270/270
f 271/271/271 263/263/263 266/266/266
f 263/263/263 271/271/271 270/270/270
f 266/266/266 269/269/269 272/272/272
f 269/269/269 273/273/273 272/272/272
f 273/273/273 269/269/269 274/274/274
f 275/275/275 266/266/266 272/272/272
f 266/266/266 275/275/275 271/271/271
f 273/273/273 275/275/275 272/272/272
f 276/276/276 273/273/273 274/274/274
f 273/273/273 276/276/276 277/277/277
f 277/277/277 276/276/276 278/278/278
f 275/275/275 273/273/273 279/279/279
f 277/277/277 279/279/279 273/273/273
f 280/280/280 271/271/271 275/275/275
f 280/280/280 275/275/275 279/279/279
f 271/271/271 280/280/280 281/281/281
f 281/281/281 270/270/270 271/271/271
f 278/278/278 282/282/282 277/277/277
f 278/278/278 283/283/283 282/282/282
f 283/283/283 278/278/278 284/284/284
f 283/283/283 285/285/285 282/282/282
f 285/285/285 277/277/277 282/282/282
f 285/285/285 283/283/283 286/286/286
f 287/287/287 277/277/277 285/285/285
f 279/279/279 277/277/277 287/287/287
f 286/286/286 288/288/288 285/285/285
f 288/288/288 287/287/287 285/285/285
f 288/288/288 286/286/286 289/289/289
f 287/287/287 290/290/290 279/279/279
f 280/280/280 279/279/279 290/290/290
f 287/287/287 288/288/288 291/291/291
f 290/290/290 287/287/287 291/291/291
f 289/289/289 292/292/292 288/288/288
f 292/292/292 289/289/289 293/293/293
f 294/294/294 292/292/292 293/293/293
f 288/288/288 295/295/295 291/291/291
f 295/295/295 290/290/290 291/291/291
f 295/295/295 288/288/288 292/292/292
f 290/290/290 296/296/296 280/280/280
f 292/292/292 294/294/294 297/297/297
f 297/297/297 295/295/295 292/292/292
f 298/298/298 297/297/297 294/294/294
f 290/290/290 295/295/295 299/299/299
f 296/296/296 290/290/290 299/299/299
f 297/297/297 298/298/298 300/300/300
f 301/301/301 300/300/300 298/298/298
f 295/295/295 297/297/297 302/302/302
f 300/300/300 302/302/302 297/297/297
f 295/295/295 303/303/303 299/299/299
f 303/303/303 295/295/295 302/302/302
f 304/304/304 299/299/299 303/303/303
f 304/304/304 296/296/296 299/299/299
f 302/302/302 305/305/305 303/303/303
f 305/305/305 304/304/304 303/303/303
f 302/302/302 300/300/300 306/306/306
f 305/305/305 302/302/302 306/306/306
f 307/307/307 306/306/306 300/300/300
f 306/306/306 307/307/307 305/305/305
f 308/308/308 309/309/309 310/310/310
f 311/311/311 309/309/309 308/308/308
f 311/311/311 312/312/312 309/309/309
f 308/308/308 313/313/313 311/311/311
f 314/314/314 312/312/312 311/311/311
f 311/311/311 313/313/313 315/315/315
f 315/315/315 314/314/314 311/311/311
f 314/314/314 316/316/316 312/312/312
f 317/317/317 315/315/315 313/313/313
f 315/315/315 317/317/317 318/318/318
f 319/319/319 318/318/318 317/317/317
f 319/319/319 320/320/320 318/318/318
f 321/321/321 315/315/315 318/318/318
f 320/320/320 321/321/321 318/318/318
f 322/322/322 320/320/320 319/319/319
f 314/314/314 315/315/315 323/323/323
f 315/315/315 321/321/321 323/323/323
f 323/323/323 324/324/324 314/314/314
f 314/314/314 324/324/324 316/316/316
f 321/321/321 325/325/325 323/323/323
f 324/324/324 323/323/323 325/325/325
f 320/320/320 322/322/322 326/326/326
f 322/322/322 327/327/327 326/326/326
f 328/328/328 316/316/316 324/324/324
f 316/316/316 328/328/328 329/329/329
f 330/330/330 324/324/324 325/325/325
f 324/324/324 330/330/330 328/328/328
f 326/326/326 327/327/327 331/331/331
f 327/327/327 332/332/332 331/331/331
f 329/329/329 328/328/328 333/333/333
f 333/333/333 334/334/334 329/329/329
f 334/334/334 333/333/333 335/335/335
f 335/335/335 336/336/336 334/334/334
f 335/335/335 333/333/333 337/337/337
f 328/328/328 338/338/338 333/333/333
f 337/337/337 333/333/333 338/338/338
f 338/338/338 328/328/328 330/330/330
f 338/338/338 339/339/339 337/337/337
f 339/339/339 338/338/338 340/340/340
f 330/330/330 340/340/340 338/338/338
f 339/339/339 340/340/340 341/341/341
f 330/330/330 342/342/342 340/340/340
f 343/343/343 341/341/341 340/340/340
f 343/343/343 340/340/340 342/342/342
f 325/325/325 342/342/342 330/330/330
f 343/343/343 344/344/344 341/341/341
f 342/342/342 325/325/325 345/345/345
f 325/325/325 321/321/321 345/345/345
f 342/342/342 346/346/346 343/343/343
f 345/345/345 346/346/346 342/342/342
f 344/344/344 343/343/343 347/347/347
f 347/347/347 348/348/348 344/344/344
f 349/349/349 343/343/343 346/346/346
f 343/343/343 349/349/349 347/347/347
f 348/348/348 347/347/347 350/350/350
f 349/349/349 350/350/350 347/347/347
f 350/350/350 351/351/351 348/348/348
f 351/351/351 350/350/350 352/352/352
f 352/352/352 353/353/353 351/351/351
f 350/350/350 349/349/349 354/354/354
f 354/354/354 352/352/352 350/350/350
f 353/353/353 352/352/352 355/355/355
f 355/355/355 356/356/356 353/353/353
f 352/352/352 354/354/354 357/357/357
f 357/357/357 355/355/355 352/352/352
f 349/349/349 358/358/358 354/354/354
f 354/354/354 359/359/359 357/357/357
f 359/359/359 354/354/354 358/358/358
f 358/358/358 349/349/349 360/360/360
f 346/346/346 360/360/360 349/349/349
f 358/358/358 361/361/361 359/359/359
f 360/360/360 346/346/346 362/362/362
f 346/346/346 345/345/345 362/362/362
f 360/360/360 363/363/363 358/358/358
f 361/361/361 358/358/358 363/363/363
f 362/362/362 364/364/364 360/360/360
f 363/363/363 360/360/360 364/364/364
f 345/345/345 365/365/365 362/362/362
f 364/364/364 362/362/362 365/365/365
f 365/365/365 345/345/345 321/321/321
f 365/365/365 321/321/321 320/320/320
f 320/320/320 364/364/364 365/365/365
f 364/364/364 320/320/320 326/326/326
f 326/326/326 363/363/363 364/364/364
f 366/366/366 367/367/367 368/368/368
f 367/367/367 366/366/366 369/369/369
f 370/370/370 367/367/367 369/369/369
f 371/371/371 368/368/368 367/367/367
f 368/368/368 371/371/371 372/372/372
f 367/367/367 370/370/370 373/373/373
f 373/373/373 371/371/371 367/367/367
f 373/373/373 370/370/370 374/374/374
f 375/375/375 374/374/374 370/370/370
f 371/371/371 373/373/373 376/376/376
f 375/375/375 377/377/377 374/374/374
f 377/377/377 375/375/375 378/378/378
f 379/379/379 377/377/377 378/378/378
f 373/373/373 374/374/374 380/380/380
f 376/376/376 373/373/373 380/380/380
f 374/374/374 377/377/377 381/381/381
f 381/381/381 380/380/380 374/374/374
f 377/377/377 379/379/379 382/382/382
f 382/382/382 381/381/381 377/377/377
f 383/383/383 382/382/382 379/379/379
f 379/379/379 384/384/384 383/383/383
f 382/382/382 383/383/383 385/385/385
f 386/386/386 381/381/381 382/382/382
f 385/385/385 386/386/386 382/382/382
f 385/385/385 387/387/387 386/386/386
f 387/387/387 381/381/381 386/386/386
f 387/387/387 385/385/385 388/388/388
f 389/389/389 387/387/387 388/388/388
f 381/381/381 387/387/387 390/390/390
f 390/390/390 380/380/380 381/381/381
f 387/387/387 389/389/389 391/391/391
f 391/391/391 390/390/390 387/387/387
f 391/391/391 389/389/389 392/392/392
f 380/380/380 390/390/390 393/393/393
f 390/390/390 391/391/391 394/394/394
f 392/392/392 394/394/394 391/391/391
f 394/394/394 393/393/393 390/390/390
f 392/392/392 389/389/389 395/395/395
f 393/393/393 376/376/376 380/380/380
f 395/395/395 396/396/396 392/392/392
f 396/396/396 395/395/395 397/397/397
f 398/398/398 392/392/392 396/396/396
f 392/392/392 398/398/398 399/399/399
f 392/392/392 399/399/399 394/394/394
f 400/400/400 399/399/399 398/398/398
f 399/399/399 400/400/400 401/401/401
f 401/401/401 394/394/394 399/399/399
f 402/402/402 401/401/401 400/400/400
f 403/403/403 394/394/394 401/401/401
f 393/393/393 394/394/394 403/403/403
f 402/402/402 404/404/404 401/401/401
f 401/401/401 404/404/404 403/403/403
f 405/405/405 393/393/393 403/403/403
f 405/405/405 403/403/403 404/404/404
f 393/393/393 405/405/405 406/406/406
f 376/376/376 393/393/393 406/406/406
f 406/406/406 371/371/371 376/376/376
f 407/407/407 406/406/406 405/405/405
f 404/404/404 407/407/407 405/405/405
f 371/371/371 406/406/406 408/408/408
f 406/406/406 407/407/407 408/408/408
f 408/408/408 372/372/372 371/371/371
f 407/407/407 404/404/404 409/409/409
f 402/402/402 409/409/409 404/404/404
f 409/409/409 402/402/402 410/410/410
f 410/410/410 411/411/411 409/409/409
f 409/409/409 411/411/411 412/412/412
f 409/409/409 412/412/412 407/407/407
f 411/411/411 413/413/413 412/412/412
f 372/372/372 408/408/408 414/414/414
f 414/414/414 415/415/415 372/372/372
f 415/415/415 414/414/414 416/416/416
f 417/417/417 408/408/408 407/407/407
f 417/417/417 407/407/407 412/412/412
f 408/408/408 417/417/417 414/414/414
f 412/412/412 413/413/413 418/418/418
f 412/412/412 418/418/418 417/417/417
f 413/413/413 419/419/419 418/418/418
f 418/418/418 419/419/419 420/420/420
f 414/414/414 421/421/421 416/416/416
f 421/421/421 414/414/414 417/417/417
f 421/421/421 417/417/417 418/418/418
f 418/418/418 420/420/420 421/421/421
f 416/416/416 421/421/421 422/422/422
f 422/422/422 421/421/421 420/420/420
f 423/423/423 424/424/424 425/425/425
f 426/426/426 425/425/425 424/424/424
f 425/425/425 426/426/426 427/427/427
f 426/426/426 424/424/424 428/428/428
f 429/429/429 427/427/427 426/426/426
f 429/429/429 430/430/430 427/427/427
f 428/428/428 431/431/431 426/426/426
f 430/430/430 429/429/429 432/432/432
f 433/433/433 431/431/431 428/428/428
f 432/432/432 434/434/434 430/430/430
f 426/426/426 435/435/435 429/429/429
f 435/435/435 426/426/426 431/431/431
f 435/435/435 432/432/432 429/429/429
f 431/431/431 433/433/433 436/436/436
f 436/436/436 433/433/433 437/437/437
f 431/431/431 438/438/438 435/435/435
f 438/438/438 431/431/431 436/436/436
f 432/432/432 435/435/435 439/439/439
f 438/438/438 439/439/439 435/435/435
f 440/440/440 436/436/436 437/437/437
f 436/436/436 440/440/440 438/438/438
f 440/440/440 437/437/437 441/441/441
f 434/434/434 432/432/432 442/442/442
f 443/443/443 440/440/440 441/441/441
f 444/444/444 434/434/434 442/442/442
f 443/443/443 441/441/441 445/445/445
f 434/434/434 444/444/444 446/446/446
f 432/432/432 447/447/447 442/442/442
f 447/447/447 432/432/432 439/439/439
f 447/447/447 444/444/444 442/442/442
f 446/446/446 444/444/444 448/448/448
f 446/446/446 448/448/448 449/449/449
f 450/450/450 448/448/448 444/444/444
f 444/444/444 451/451/451 450/450/450
f 444/444/444 447/447/447 451/451/451
f 451/451/451 452/452/452 450/450/450
f 439/439/439 453/453/453 447/447/447
f 453/453/453 451/451/451 447/447/447
f 452/452/452 451/451/451 454/454/454
f 451/451/451 453/453/453 454/454/454
f 454/454/454 455/455/455 452/452/452
f 454/454/454 456/456/456 455/455/455
f 456/456/456 454/454/454 453/453/453
f 457/457/457 455/455/455 456/456/456
f 453/453/453 439/439/439 458/458/458
f 439/439/439 438/438/438 458/458/458
f 453/453/453 459/459/459 456/456/456
f 459/459/459 453/453/453 458/458/458
f 456/456/456 460/460/460 457/457/457
f 461/461/461 457/457/457 460/460/460
f 462/462/462 456/456/456 459/459/459
f 456/456/456 462/462/462 460/460/460
f 463/463/463 459/459/459 458/458/458
f 463/463/463 462/462/462 459/459/459
f 464/464/464 458/458/458 438/438/438
f 458/458/458 464/464/464 463/463/463
f 464/464/464 438/438/438 440/440/440
f 443/443/443 464/464/464 440/440/440
f 464/464/464 465/465/465 463/463/463
f 462/462/462 463/463/463 465/465/465
f 464/464/464 443/443/443 466/466/466
f 465/465/465 464/464/464 466/466/466
f 465/465/465 467/467/467 462/462/462
f 467/467/467 460/460/460 462/462/462
f 466/466/466 468/468/468 465/465/465
f 467/467/467 465/465/465 468/468/468
f 469/469/469 466/466/466 443/443/443
f 469/469/469 443/443/443 445/445/445
f 469/469/469 445/445/445 470/470/470
f 466/466/466 469/469/469 471/471/471
f 468/468/468 466/466/466 471/471/471
f 472/472/472 469/469/469 470/470/470
f 472/472/472 471/471/471 469/469/469
f 472/472/472 470/470/470 473/473/473
f 474/474/474 472/472/472 473/473/473
f 475/475/475 474/474/474 473/473/473
f 471/471/471 472/472/472 476/476/476
f 474/474/474 476/476/476 472/472/472
f 471/471/471 477/477/477 468/468/468
f 477/477/477 471/471/471 476/476/476
f 478/478/478 468/468/468 477/477/477
f 468/468/468 478/478/478 467/467/467
f 479/479/479 477/477/477 476/476/476
f 476/476/476 474/474/474 480/480/480
f 480/480/480 479/479/479 476/476/476
f 481/481/481 480/480/480 474/474/474
f 474/474/474 475/475/475 481/481/481
f 482/482/482 483/483/483 484/484/484
f 485/485/485 483/483/483 482/482/482
f 485/485/485 482/482/482 486/486/486
f 483/483/483 485/485/485 487/487/487
f 487/487/487 485/485/485 488/488/488
f 486/486/486 489/489/489 485/485/485
f 490/490/490 489/489/489 486/486/486
f 485/485/485 491/491/491 488/488/488
f 491/491/491 485/485/485 489/489/489
f 488/488/488 492/492/492 487/487/487
f 491/491/491 492/492/492 488/488/488
f 493/493/493 487/487/487 492/492/492
f 489/489/489 490/490/490 494/494/494
f 494/494/494 491/491/491 489/489/489
f 494/494/494 490/490/490 495/495/495
f 492/492/492 491/491/491 496/496/496
f 492/492/492 497/497/497 493/493/493
f 496/496/496 497/497/497 492/492/492
f 498/498/498 493/493/493 497/497/497
f 499/499/499 494/494/494 495/495/495
f 491/491/491 494/494/494 500/500/500
f 494/494/494 499/499/499 500/500/500
f 500/500/500 496/496/496 491/491/491
f 501/501/501 499/499/499 495/495/495
f 502/502/502 498/498/498 497/497/497
f 502/502/502 503/503/503 498/498/498
f 497/497/497 496/496/496 504/504/504
f 504/504/504 502/502/502 497/497/497
f 503/503/503 502/502/502 505/505/505
f 505/505/505 506/506/506 503/503/503
f 507/507/507 505/505/505 502/502/502
f 508/508/508 507/507/507 502/502/502
f 502/502/502 504/504/504 508/508/508
f 508/508/508 509/509/509 507/507/507
f 496/496/496 510/510/510 504/504/504
f 510/510/510 508/508/508 504/504/504
f 509/509/509 508/508/508 511/511/511
f 508/508/508 510/510/510 511/511/511
f 512/512/512 509/509/509 511/511/511
f 511/511/511 513/513/513 512/512/512
f 513/513/513 511/511/511 510/510/510
f 514/514/514 512/512/512 513/513/513
f 510/510/510 496/496/496 515/515/515
f 496/496/496 500/500/500 515/515/515
f 510/510/510 516/516/516 513/513/513
f 515/515/515 516/516/516 510/510/510
f 513/513/513 517/517/517 514/514/514
f 518/518/518 515/515/515 500/500/500
f 499/499/499 518/518/518 500/500/500
f 519/519/519 514/514/514 517/517/517
f 515/515/515 518/518/518 520/520/520
f 520/520/520 516/516/516 515/515/515
f 499/499/499 521/521/521 518/518/518
f 521/521/521 520/520/520 518/518/518
f 521/521/521 499/499/499 522/522/522
f 499/499/499 501/501/501 522/522/522
f 522/522/522 501/501/501 523/523/523
f 521/521/521 524/524/524 520/520/520
f 524/524/524 516/516/516 520/520/520
f 522/522/522 525/525/525 521/521/521
f 525/525/525 524/524/524 521/521/521
f 526/526/526 522/522/522 523/523/523
f 525/525/525 522/522/522 526/526/526
f 526/526/526 523/523/523 527/527/527
f 526/526/526 528/528/528 525/525/525
f 529/529/529 526/526/526 527/527/527
f 528/528/528 526/526/526 529/529/529
f 529/529/529 527/527/527 530/530/530
f 531/531/531 516/516/516 524/524/524
f 531/531/531 513/513/513 516/516/516
f 513/513/513 531/531/531 517/517/517
f 524/524/524 525/525/525 532/532/532
f 532/532/532 531/531/531 524/524/524
f 528/528/528 532/532/532 525/525/525
f 533/533/533 517/517/517 531/531/531
f 533/533/533 531/531/531 532/532/532
f 528/528/528 534/534/534 532/532/532
f 534/534/534 533/533/533 532/532/532
f 535/535/535 534/534/534 528/528/528
f 517/517/517 533/533/533 536/536/536
f 517/517/517 536/536/536 519/519/519
f 537/537/537 519/519/519 536/536/536
f 538/538/538 533/533/533 534/534/534
f 538/538/538 536/536/536 533/533/533
f 535/535/535 538/538/538 534/534/534
f 536/536/536 539/539/539 537/537/537
f 536/536/536 538/538/538 539/539/539
f 540/540/540 537/537/537 539/539/539
f 541/541/541 539/539/539 538/538/538
f 541/541/541 538/538/538 535/535/535
f 539/539/539 542/542/542 540/540/540
f 539/539/539 541/541/541 542/542/542
f 300/300/300 301/301/301 543/543/543
f 307/307/307 300/300/300 543/543/543
f 301/301/301 544/544/544 543/543/543
f 544/544/544 307/307/307 543/543/543
f 544/544/544 301/301/301 545/545/545
f 545/545/545 546/546/546 544/544/544
f 546/546/546 545/545/545 547/547/547
f 548/548/548 307/307/307 544/544/544
f 546/546/546 548/548/548 544/544/544
f 548/548/548 546/546/546 549/549/549
f 547/547/547 550/550/550 546/546/546
f 550/550/550 547/547/547 551/551/551
f 552/552/552 550/550/550 551/551/551
f 553/553/553 546/546/546 550/550/550
f 546/546/546 553/553/553 549/549/549
f 550/550/550 552/552/552 554/554/554
f 554/554/554 553/553/553 550/550/550
f 555/555/555 554/554/554 552/552/552
f 556/556/556 548/548/548 549/549/549
f 553/553/553 556/556/556 549/549/549
f 554/554/554 555/555/555 557/557/557
f 558/558/558 557/557/557 555/555/555
f 553/553/553 554/554/554 559/559/559
f 554/554/554 557/557/557 559/559/559
f 560/560/560 556/556/556 553/553/553
f 548/548/548 556/556/556 561/561/561
f 561/561/561 307/307/307 548/548/548
f 562/562/562 556/556/556 560/560/560
f 553/553/553 563/563/563 560/560/560
f 563/563/563 553/553/553 559/559/559
f 563/563/563 562/562/562 560/560/560
f 307/307/307 561/561/561 564/564/564
f 564/564/564 305/305/305 307/307/307
f 565/565/565 561/561/561 556/556/556
f 556/556/556 562/562/562 565/565/565
f 566/566/566 564/564/564 561/561/561
f 565/565/565 566/566/566 561/561/561
f 564/564/564 566/566/566 567/567/567
f 564/564/564 568/568/568 305/305/305
f 568/568/568 564/564/564 567/567/567
f 304/304/304 305/305/305 568/568/568
f 566/566/566 569/569/569 567/567/567
f 569/569/569 568/568/568 567/567/567
f 565/565/565 570/570/570 566/566/566
f 569/569/569 566/566/566 570/570/570
f 571/571/571 304/304/304 568/568/568
f 568/568/568 569/569/569 571/571/571
f 304/304/304 571/571/571 572/572/572
f 572/572/572 296/296/296 304/304/304
f 571/571/571 569/569/569 573/573/573
f 573/573/573 572/572/572 571/571/571
f 570/570/570 574/574/574 569/569/569
f 573/573/573 569/569/569 574/574/574
f 570/570/570 565/565/565 575/575/575
f 573/573/573 574/574/574 576/576/576
f 574/574/574 570/570/570 577/577/577
f 570/570/570 575/575/575 577/577/577
f 562/562/562 575/575/575 565/565/565
f 574/574/574 577/577/577 578/578/578
f 576/576/576 574/574/574 578/578/578
f 577/577/577 575/575/575 579/579/579
f 575/575/575 562/562/562 580/580/580
f 580/580/580 579/579/579 575/575/575
f 577/577/577 579/579/579 581/581/581
f 578/578/578 577/577/577 581/581/581
f 582/582/582 583/583/583 584/584/584
f 583/583/583 585/585/585 584/584/584
f 585/585/585 586/586/586 584/584/584
f 585/585/585 583/583/583 587/587/587
f 588/588/588 586/586/586 585/585/585
f 588/588/588 589/589/589 586/586/586
f 587/587/587 590/590/590 585/585/585
f 587/587/587 591/591/591 590/590/590
f 585/585/585 592/592/592 588/588/588
f 592/592/592 585/585/585 590/590/590
f 589/589/589 588/588/588 593/593/593
f 594/594/594 589/589/589 593/593/593
f 592/592/592 595/595/595 588/588/588
f 588/588/588 595/595/595 593/593/593
f 596/596/596 594/594/594 593/593/593
f 595/595/595 596/596/596 593/593/593
f 596/596/596 597/597/597 594/594/594
f 598/598/598 595/595/595 592/592/592
f 590/590/590 598/598/598 592/592/592
f 595/595/595 599/599/599 596/596/596
f 600/600/600 590/590/590 591/591/591
f 598/598/598 590/590/590 600/600/600
f 591/591/591 601/601/601 600/600/600
f 597/597/597 596/596/596 602/602/602
f 603/603/603 597/597/597 602/602/602
f 602/602/602 596/596/596 604/604/604
f 604/604/604 596/596/596 599/599/599
f 602/602/602 605/605/605 603/603/603
f 605/605/605 602/602/602 604/604/604
f 606/606/606 603/603/603 605/605/605
f 607/607/607 600/600/600 601/601/601
f 605/605/605 608/608/608 606/606/606
f 609/609/609 606/606/606 608/608/608
f 604/604/604 610/610/610 605/605/605
f 608/608/608 605/605/605 610/610/610
f 611/611/611 600/600/600 607/607/607
f 600/600/600 611/611/611 598/598/598
f 607/607/607 601/601/601 612/612/612
f 612/612/612 611/611/611 607/607/607
f 613/613/613 612/612/612 601/601/601
f 614/614/614 612/612/612 613/613/613
f 612/612/612 614/614/614 615/615/615
f 612/612/612 615/615/615 616/616/616
f 617/617/617 612/612/612 616/616/616
f 611/611/611 612/612/612 617/617/617
f 618/618/618 617/617/617 616/616/616
f 619/619/619 611/611/611 617/617/617
f 598/598/598 611/611/611 619/619/619
f 617/617/617 618/618/618 620/620/620
f 619/619/619 617/617/617 620/620/620
f 620/620/620 618/618/618 621/621/621
f 622/622/622 620/620/620 621/621/621
f 622/622/622 619/619/619 620/620/620
f 623/623/623 622/622/622 621/621/621
f 598/598/598 619/619/619 624/624/624
f 595/595/595 598/598/598 624/624/624
f 624/624/624 599/599/599 595/595/595
f 625/625/625 624/624/624 619/619/619
f 619/619/619 622/622/622 625/625/625
f 599/599/599 624/624/624 626/626/626
f 624/624/624 625/625/625 626/626/626
f 626/626/626 604/604/604 599/599/599
f 627/627/627 625/625/625 622/622/622
f 626/626/626 625/625/625 627/627/627
f 622/622/622 623/623/623 628/628/628
f 627/627/627 622/622/622 628/628/628
f 628/628/628 623/623/623 629/629/629
f 604/604/604 626/626/626 630/630/630
f 630/630/630 626/626/626 627/627/627
f 630/630/630 610/610/610 604/604/604
f 631/631/631 627/627/627 628/628/628
f 631/631/631 628/628/628 629/629/629
f 632/632/632 630/630/630 627/627/627
f 627/627/627 631/631/631 632/632/632
f 610/610/610 630/630/630 633/633/633
f 633/633/633 630/630/630 632/632/632
f 629/629/629 634/634/634 631/631/631
f 634/634/634 629/629/629 635/635/635
f 631/631/631 636/636/636 632/632/632
f 636/636/636 633/633/633 632/632/632
f 636/636/636 631/631/631 634/634/634
f 634/634/634 635/635/635 637/637/637
f 636/636/636 638/638/638 633/633/633
f 634/634/634 639/639/639 636/636/636
f 639/639/639 638/638/638 636/636/636
f 640/640/640 634/634/634 637/637/637
f 639/639/639 634/634/634 640/640/640
f 641/641/641 640/640/640 637/637/637
f 633/633/633 642/642/642 610/610/610
f 642/642/642 633/633/633 638/638/638
f 610/610/610 642/642/642 608/608/608
f 643/643/643 639/639/639 640/640/640
f 640/640/640 641/641/641 643/643/643
f 638/638/638 639/639/639 644/644/644
f 645/645/645 608/608/608 642/642/642
f 638/638/638 646/646/646 642/642/642
f 646/646/646 638/638/638 644/644/644
f 642/642/642 646/646/646 645/645/645
f 647/647/647 648/648/648 649/649/649
f 650/650/650 648/648/648 647/647/647
f 650/650/650 647/647/647 651/651/651
f 648/648/648 650/650/650 652/652/652
f 651/651/651 653/653/653 650/650/650
f 654/654/654 653/653/653 651/651/651
f 652/652/652 650/650/650 655/655/655
f 653/653/653 655/655/655 650/650/650
f 655/655/655 656/656/656 652/652/652
f 657/657/657 652/652/652 656/656/656
f 655/655/655 653/653/653 658/658/658
f 658/658/658 656/656/656 655/655/655
f 653/653/653 654/654/654 659/659/659
f 659/659/659 654/654/654 660/660/660
f 653/653/653 661/661/661 658/658/658
f 653/653/653 659/659/659 661/661/661
f 662/662/662 659/659/659 660/660/660
f 662/662/662 661/661/661 659/659/659
f 663/663/663 662/662/662 660/660/660
f 657/657/657 656/656/656 664/664/664
f 665/665/665 657/657/657 664/664/664
f 666/666/666 665/665/665 664/664/664
f 665/665/665 666/666/666 667/667/667
f 664/664/664 656/656/656 668/668/668
f 668/668/668 666/666/666 664/664/664
f 667/667/667 666/666/666 669/669/669
f 667/667/667 669/669/669 670/670/670
f 666/666/666 671/671/671 669/669/669
f 672/672/672 671/671/671 666/666/666
f 666/666/666 668/668/668 672/672/672
f 672/672/672 673/673/673 671/671/671
f 674/674/674 668/668/668 656/656/656
f 656/656/656 658/658/658 674/674/674
f 675/675/675 672/672/672 668/668/668
f 675/675/675 668/668/668 674/674/674
f 673/673/673 672/672/672 676/676/676
f 672/672/672 675/675/675 676/676/676
f 677/677/677 673/673/673 676/676/676
f 658/658/658 678/678/678 674/674/674
f 678/678/678 675/675/675 674/674/674
f 678/678/678 658/658/658 661/661/661
f 679/679/679 677/677/677 676/676/676
f 679/679/679 676/676/676 675/675/675
f 680/680/680 677/677/677 679/679/679
f 681/681/681 678/678/678 661/661/661
f 661/661/661 662/662/662 681/681/681
f 682/682/682 675/675/675 678/678/678
f 681/681/681 682/682/682 678/678/678
f 675/675/675 683/683/683 679/679/679
f 675/675/675 682/682/682 683/683/683
f 679/679/679 684/684/684 680/680/680
f 685/685/685 680/680/680 684/684/684
f 686/686/686 679/679/679 683/683/683
f 679/679/679 686/686/686 684/684/684
f 687/687/687 683/683/683 682/682/682
f 683/683/683 687/687/687 686/686/686
f 688/688/688 682/682/682 681/681/681
f 682/682/682 688/688/688 687/687/687
f 688/688/688 681/681/681 662/662/662
f 684/684/684 689/689/689 685/685/685
f 690/690/690 685/685/685 689/689/689
f 691/691/691 684/684/684 686/686/686
f 684/684/684 691/691/691 689/689/689
f 689/689/689 692/692/692 690/690/690
f 693/693/693 690/690/690 692/692/692
f 694/694/694 689/689/689 691/691/691
f 689/689/689 694/694/694 692/692/692
f 686/686/686 695/695/695 691/691/691
f 695/695/695 686/686/686 687/687/687
f 694/694/694 691/691/691 696/696/696
f 696/696/696 691/691/691 695/695/695
f 692/692/692 697/697/697 693/693/693
f 698/698/698 693/693/693 697/697/697
f 699/699/699 692/692/692 694/694/694
f 692/692/692 699/699/699 697/697/697
f 700/700/700 694/694/694 696/696/696
f 699/699/699 694/694/694 700/700/700
f 695/695/695 701/701/701 696/696/696
f 687/687/687 702/702/702 695/695/695
f 701/701/701 695/695/695 702/702/702
f 702/702/702 687/687/687 688/688/688
f 703/703/703 704/704/704 705/705/705
f 706/706/706 703/703/703 705/705/705
f 706/706/706 705/705/705 707/707/707
f 706/706/706 708/708/708 703/703/703
f 708/708/708 706/706/706 709/709/709
f 707/707/707 710/710/710 706/706/706
f 711/711/711 710/710/710 707/707/707
f 706/706/706 712/712/712 709/709/709
f 712/712/712 706/706/706 710/710/710
f 709/709/709 713/713/713 708/708/708
f 712/712/712 713/713/713 709/709/709
f 714/714/714 708/708/708 713/713/713
f 713/713/713 715/715/715 714/714/714
f 710/710/710 711/711/711 716/716/716
f 716/716/716 711/711/711 717/717/717
f 718/718/718 712/712/712 710/710/710
f 718/718/718 710/710/710 716/716/716
f 719/719/719 716/716/716 717/717/717
f 716/716/716 719/719/719 718/718/718
f 719/719/719 717/717/717 720/720/720
f 715/715/715 713/713/713 721/721/721
f 722/722/722 719/719/719 720/720/720
f 722/722/722 720/720/720 723/723/723
f 715/715/715 721/721/721 724/724/724
f 715/715/715 724/724/724 725/725/725
f 713/713/713 726/726/726 721/721/721
f 726/726/726 724/724/724 721/721/721
f 725/725/725 724/724/724 727/727/727
f 725/725/725 727/727/727 728/728/728
f 729/729/729 727/727/727 724/724/724
f 724/724/724 730/730/730 729/729/729
f 724/724/724 726/726/726 730/730/730
f 730/730/730 731/731/731 729/729/729
f 726/726/726 713/713/713 732/732/732
f 713/713/713 712/712/712 732/732/732
f 712/712/712 733/733/733 732/732/732
f 733/733/733 726/726/726 732/732/732
f 733/733/733 712/712/712 718/718/718
f 726/726/726 734/734/734 730/730/730
f 726/726/726 733/733/733 734/734/734
f 731/731/731 730/730/730 735/735/735
f 730/730/730 734/734/734 735/735/735
f 735/735/735 736/736/736 731/731/731
f 735/735/735 737/737/737 736/736/736
f 734/734/734 737/737/737 735/735/735
f 738/738/738 736/736/736 737/737/737
f 733/733/733 739/739/739 734/734/734
f 737/737/737 734/734/734 739/739/739
f 737/737/737 740/740/740 738/738/738
f 741/741/741 738/738/738 740/740/740
f 742/742/742 737/737/737 739/739/739
f 737/737/737 742/742/742 740/740/740
f 743/743/743 739/739/739 733/733/733
f 743/743/743 742/742/742 739/739/739
f 733/733/733 744/744/744 743/743/743
f 744/744/744 733/733/733 718/718/718
f 719/719/719 744/744/744 718/718/718
f 745/745/745 743/743/743 744/744/744
f 742/742/742 743/743/743 745/745/745
f 746/746/746 744/744/744 719/719/719
f 746/746/746 745/745/745 744/744/744
f 746/746/746 719/719/719 722/722/722
f 745/745/745 747/747/747 742/742/742
f 747/747/747 740/740/740 742/742/742
f 748/748/748 745/745/745 746/746/746
f 747/747/747 745/745/745 748/748/748
f 749/749/749 746/746/746 722/722/722
f 749/749/749 722/722/722 723/723/723
f 749/749/749 723/723/723 750/750/750
f 746/746/746 749/749/749 751/751/751
f 751/751/751 748/748/748 746/746/746
f 752/752/752 749/749/749 750/750/750
f 752/752/752 751/751/751 749/749/749
f 752/752/752 750/750/750 753/753/753
f 754/754/754 752/752/752 753/753/753
f 755/755/755 754/754/754 753/753/753
f 751/751/751 752/752/752 756/756/756
f 754/754/754 756/756/756 752/752/752
f 754/754/754 755/755/755 757/757/757
f 758/758/758 751/751/751 756/756/756
f 751/751/751 758/758/758 748/748/748
f 756/756/756 754/754/754 759/759/759
f 755/755/755 760/760/760 757/757/757
f 761/761/761 754/754/754 757/757/757
f 754/754/754 761/761/761 759/759/759
f 760/760/760 761/761/761 757/757/757
f 760/760/760 755/755/755 762/762/762
f 759/759/759 763/763/763 756/756/756
f 763/763/763 758/758/758 756/756/756
f 764/764/764 759/759/759 761/761/761
f 759/759/759 764/764/764 763/763/763
f 765/765/765 766/766/766 767/767/767
f 766/766/766 768/768/768 767/767/767
f 766/766/766 765/765/765 769/769/769
f 766/766/766 769/769/769 770/770/770
f 769/769/769 771/771/771 770/770/770
f 772/772/772 771/771/771 773/773/773
f 772/772/772 770/770/770 771/771/771
f 774/774/774 770/770/770 772/772/772
f 768/768/768 766/766/766 775/775/775
f 770/770/770 775/775/775 766/766/766
f 774/774/774 776/776/776 770/770/770
f 775/775/775 770/770/770 776/776/776
f 774/774/774 777/777/777 776/776/776
f 778/778/778 775/775/775 776/776/776
f 778/778/778 776/776/776 777/777/777
f 779/779/779 768/768/768 775/775/775
f 775/775/775 778/778/778 779/779/779
f 768/768/768 779/779/779 780/780/780
f 768/768/768 780/780/780 781/781/781
f 781/781/781 780/780/780 782/782/782
f 783/783/783 781/781/781 782/782/782
f 777/777/777 784/784/784 778/778/778
f 784/784/784 777/777/777 785/785/785
f 778/778/778 786/786/786 779/779/779
f 786/786/786 778/778/778 784/784/784
f 787/787/787 784/784/784 785/785/785
f 787/787/787 786/786/786 784/784/784
f 788/788/788 787/787/787 785/785/785
f 787/787/787 788/788/788 789/789/789
f 790/790/790 789/789/789 788/788/788
f 787/787/787 789/789/789 791/791/791
f 792/792/792 787/787/787 791/791/791
f 786/786/786 787/787/787 792/792/792
f 793/793/793 792/792/792 791/791/791
f 792/792/792 793/793/793 794/794/794
f 794/794/794 786/786/786 792/792/792
f 794/794/794 793/793/793 795/795/795
f 796/796/796 779/779/779 786/786/786
f 796/796/796 786/786/786 794/794/794
f 796/796/796 780/780/780 779/779/779
f 797/797/797 794/794/794 795/795/795
f 794/794/794 797/797/797 796/796/796
f 797/797/797 795/795/795 798/798/798
f 799/799/799 780/780/780 796/796/796
f 799/799/799 796/796/796 797/797/797
f 780/780/780 799/799/799 782/782/782
f 799/799/799 783/783/783 782/782/782
f 797/797/797 800/800/800 799/799/799
f 783/783/783 799/799/799 800/800/800
f 801/801/801 797/797/797 798/798/798
f 800/800/800 797/797/797 801/801/801
f 801/801/801 798/798/798 802/802/802
f 803/803/803 801/801/801 802/802/802
f 803/803/803 800/800/800 801/801/801
f 803/803/803 802/802/802 804/804/804
f 805/805/805 783/783/783 800/800/800
f 806/806/806 783/783/783 805/805/805
f 805/805/805 807/807/807 806/806/806
f 808/808/808 805/805/805 800/800/800
f 800/800/800 803/803/803 808/808/808
f 807/807/807 805/805/805 809/809/809
f 808/808/808 809/809/809 805/805/805
f 810/810/810 807/807/807 809/809/809
f 811/811/811 803/803/803 804/804/804
f 811/811/811 808/808/808 803/803/803
f 811/811/811 804/804/804 812/812/812
f 809/809/809 808/808/808 813/813/813
f 808/808/808 811/811/811 813/813/813
f 813/813/813 810/810/810 809/809/809
f 814/814/814 811/811/811 812/812/812
f 814/814/814 813/813/813 811/811/811
f 356/356/356 814/814/814 812/812/812
f 815/815/815 814/814/814 356/356/356
f 816/816/816 813/813/813 814/814/814
f 815/815/815 816/816/816 814/814/814
f 810/810/810 813/813/813 816/816/816
f 817/817/817 816/816/816 815/815/815
f 816/816/816 818/818/818 810/810/810
f 818/818/818 816/816/816 817/817/817
f 819/819/819 820/820/820 821/821/821
f 821/821/821 822/822/822 819/819/819
f 822/822/822 823/823/823 819/819/819
f 822/822/822 821/821/821 824/824/824
f 823/823/823 822/822/822 825/825/825
f 825/825/825 826/826/826 823/823/823
f 824/824/824 827/827/827 822/822/822
f 822/822/822 828/828/828 825/825/825
f 828/828/828 822/822/822 827/827/827
f 829/829/829 827/827/827 824/824/824
f 824/824/824 830/830/830 829/829/829
f 827/827/827 831/831/831 828/828/828
f 831/831/831 827/827/827 829/829/829
f 832/832/832 829/829/829 830/830/830
f 826/826/826 825/825/825 833/833/833
f 828/828/828 833/833/833 825/825/825
f 834/834/834 826/826/826 833/833/833
f 828/828/828 835/835/835 833/833/833
f 833/833/833 835/835/835 834/834/834
f 831/831/831 835/835/835 828/828/828
f 826/826/826 834/834/834 836/836/836
f 829/829/829 832/832/832 837/837/837
f 829/829/829 838/838/838 831/831/831
f 838/838/838 829/829/829 837/837/837
f 837/837/837 832/832/832 839/839/839
f 839/839/839 838/838/838 837/837/837
f 839/839/839 832/832/832 840/840/840
f 839/839/839 840/840/840 841/841/841
f 841/841/841 840/840/840 842/842/842
f 843/843/843 839/839/839 841/841/841
f 839/839/839 843/843/843 844/844/844
f 839/839/839 844/844/844 838/838/838
f 845/845/845 844/844/844 843/843/843
f 844/844/844 845/845/845 846/846/846
f 844/844/844 846/846/846 838/838/838
f 847/847/847 846/846/846 845/845/845
f 838/838/838 846/846/846 848/848/848
f 848/848/848 831/831/831 838/838/838
f 846/846/846 847/847/847 849/849/849
f 831/831/831 848/848/848 850/850/850
f 835/835/835 831/831/831 850/850/850
f 846/846/846 851/851/851 848/848/848
f 851/851/851 846/846/846 849/849/849
f 848/848/848 852/852/852 850/850/850
f 852/852/852 848/848/848 851/851/851
f 850/850/850 853/853/853 835/835/835
f 853/853/853 850/850/850 852/852/852
f 834/834/834 835/835/835 853/853/853
f 854/854/854 851/851/851 849/849/849
f 851/851/851 854/854/854 852/852/852
f 855/855/855 849/849/849 847/847/847
f 849/849/849 855/855/855 854/854/854
f 847/847/847 856/856/856 855/855/855
f 856/856/856 857/857/857 855/855/855
f 855/855/855 857/857/857 854/854/854
f 857/857/857 856/856/856 858/858/858
f 859/859/859 857/857/857 858/858/858
f 857/857/857 859/859/859 860/860/860
f 861/861/861 860/860/860 859/859/859
f 862/862/862 854/854/854 857/857/857
f 857/857/857 860/860/860 862/862/862
f 860/860/860 861/861/861 863/863/863
f 864/864/864 863/863/863 861/861/861
f 865/865/865 862/862/862 860/860/860
f 860/860/860 863/863/863 865/865/865
f 854/854/854 862/862/862 866/866/866
f 852/852/852 854/854/854 866/866/866
f 865/865/865 867/867/867 862/862/862
f 862/862/862 867/867/867 866/866/866
f 868/868/868 852/852/852 866/866/866
f 852/852/852 868/868/868 853/853/853
f 868/868/868 834/834/834 853/853/853
f 866/866/866 869/869/869 868/868/868
f 869/869/869 866/866/866 867/867/867
f 834/834/834 868/868/868 870/870/870
f 870/870/870 836/836/836 834/834/834
f 836/836/836 870/870/870 871/871/871
f 868/868/868 872/872/872 870/870/870
f 872/872/872 871/871/871 870/870/870
f 872/872/872 868/868/868 869/869/869
f 871/871/871 872/872/872 873/873/873
f 872/872/872 874/874/874 873/873/873
f 874/874/874 872/872/872 875/875/875
f 869/869/869 875/875/875 872/872/872
f 875/875/875 876/876/876 874/874/874
f 875/875/875 869/869/869 877/877/877
f 869/869/869 867/867/867 877/877/877
f 876/876/876 875/875/875 878/878/878
f 877/877/877 878/878/878 875/875/875
f 878/878/878 879/879/879 876/876/876
f 867/867/867 880/880/880 877/877/877
f 867/867/867 865/865/865 880/880/880
f 878/878/878 877/877/877 881/881/881
f 880/880/880 881/881/881 877/877/877
f 879/879/879 878/878/878 882/882/882
f 881/881/881 882/882/882 878/878/878
f 883/883/883 879/879/879 882/882/882
f 882/882/882 881/881/881 884/884/884
f 884/884/884 883/883/883 882/882/882
f 879/879/879 883/883/883 885/885/885
f 880/880/880 865/865/865 886/886/886
f 863/863/863 886/886/886 865/865/865
f 881/881/881 880/880/880 887/887/887
f 880/880/880 886/886/886 887/887/887
f 887/887/887 884/884/884 881/881/881
f 888/888/888 886/886/886 863/863/863
f 863/863/863 864/864/864 888/888/888
f 886/886/886 889/889/889 887/887/887
f 886/886/886 888/888/888 889/889/889
f 884/884/884 887/887/887 890/890/890
f 887/887/887 889/889/889 890/890/890
f 891/891/891 892/892/892 893/893/893
f 891/891/891 894/894/894 892/892/892
f 895/895/895 892/892/892 894/894/894
f 896/896/896 894/894/894 891/891/891
f 897/897/897 895/895/895 894/894/894
f 897/897/897 898/898/898 895/895/895
f 896/896/896 899/899/899 894/894/894
f 898/898/898 897/897/897 900/900/900
f 900/900/900 901/901/901 898/898/898
f 894/894/894 902/902/902 897/897/897
f 902/902/902 894/894/894 899/899/899
f 896/896/896 903/903/903 899/899/899
f 903/903/903 902/902/902 899/899/899
f 903/903/903 896/896/896 904/904/904
f 904/904/904 905/905/905 903/903/903
f 897/897/897 906/906/906 900/900/900
f 902/902/902 906/906/906 897/897/897
f 907/907/907 902/902/902 903/903/903
f 907/907/907 906/906/906 902/902/902
f 905/905/905 908/908/908 903/903/903
f 908/908/908 907/907/907 903/903/903
f 908/908/908 905/905/905 909/909/909
f 910/910/910 909/909/909 905/905/905
f 907/907/907 908/908/908 911/911/911
f 909/909/909 911/911/911 908/908/908
f 909/909/909 910/910/910 912/912/912
f 912/912/912 910/910/910 913/913/913
f 909/909/909 912/912/912 914/914/914
f 914/914/914 915/915/915 909/909/909
f 911/911/911 909/909/909 915/915/915
f 916/916/916 915/915/915 914/914/914
f 917/917/917 907/907/907 911/911/911
f 917/917/917 911/911/911 915/915/915
f 915/915/915 916/916/916 918/918/918
f 917/917/917 915/915/915 918/918/918
f 918/918/918 916/916/916 919/919/919
f 907/907/907 917/917/917 920/920/920
f 906/906/906 907/907/907 920/920/920
f 918/918/918 921/921/921 917/917/917
f 921/921/921 918/918/918 919/919/919
f 922/922/922 920/920/920 917/917/917
f 917/917/917 921/921/921 922/922/922
f 923/923/923 906/906/906 920/920/920
f 920/920/920 922/922/922 923/923/923
f 924/924/924 922/922/922 921/921/921
f 924/924/924 923/923/923 922/922/922
f 925/925/925 921/921/921 919/919/919
f 924/924/924 921/921/921 925/925/925
f 925/925/925 919/919/919 926/926/926
f 926/926/926 927/927/927 925/925/925
f 927/927/927 924/924/924 925/925/925
f 927/927/927 926/926/926 928/928/928
f 906/906/906 923/923/923 929/929/929
f 928/928/928 930/930/930 927/927/927
f 930/930/930 928/928/928 931/931/931
f 932/932/932 930/930/930 931/931/931
f 933/933/933 927/927/927 930/930/930
f 934/934/934 930/930/930 932/932/932
f 934/934/934 933/933/933 930/930/930
f 935/935/935 934/934/934 932/932/932
f 906/906/906 929/929/929 936/936/936
f 936/936/936 900/900/900 906/906/906
f 936/936/936 901/901/901 900/900/900
f 937/937/937 936/936/936 929/929/929
f 923/923/923 937/937/937 929/929/929
f 936/936/936 938/938/938 901/901/901
f 938/938/938 936/936/936 937/937/937
f 939/939/939 901/901/901 938/938/938
f 940/940/940 939/939/939 938/938/938
f 940/940/940 938/938/938 937/937/937
f 939/939/939 940/940/940 941/941/941
f 942/942/942 941/941/941 940/940/940
f 937/937/937 923/923/923 943/943/943
f 923/923/923 924/924/924 943/943/943
f 937/937/937 944/944/944 940/940/940
f 943/943/943 944/944/944 937/937/937
f 940/940/940 945/945/945 942/942/942
f 946/946/946 942/942/942 945/945/945
f 947/947/947 940/940/940 944/944/944
f 940/940/940 947/947/947 945/945/945
f 945/945/945 948/948/948 946/946/946
f 948/948/948 945/945/945 947/947/947
f 949/949/949 946/946/946 948/948/948
f 944/944/944 943/943/943 950/950/950
f 950/950/950 947/947/947 944/944/944
f 951/951/951 943/943/943 924/924/924
f 943/943/943 951/951/951 950/950/950
f 924/924/924 927/927/927 951/951/951
f 927/927/927 933/933/933 951/951/951
f 933/933/933 950/950/950 951/951/951
f 947/947/947 950/950/950 952/952/952
f 933/933/933 952/952/952 950/950/950
f 952/952/952 953/953/953 947/947/947
f 947/947/947 953/953/953 948/948/948
f 954/954/954 952/952/952 933/933/933
f 933/933/933 934/934/934 954/954/954
f 953/953/953 952/952/952 955/955/955
f 952/952/952 954/954/954 955/955/955
f 956/956/956 948/948/948 953/953/953
f 948/948/948 956/956/956 949/949/949
f 955/955/955 957/957/957 953/953/953
f 953/953/953 957/957/957 956/956/956
f 957/957/957 955/955/955 958/958/958
f 959/959/959 949/949/949 956/956/956
f 949/949/949 959/959/959 960/960/960
f 961/961/961 956/956/956 957/957/957
f 956/956/956 961/961/961 959/959/959
f 962/962/962 957/957/957 958/958/958
f 961/961/961 957/957/957 962/962/962
f 958/958/958 955/955/955 963/963/963
f 962/962/962 958/958/958 963/963/963
f 963/963/963 955/955/955 954/954/954
f 964/964/964 960/960/960 959/959/959
f 960/960/960 964/964/964 965/965/965
f 964/964/964 966/966/966 965/965/965
f 964/964/964 959/959/959 967/967/967
f 959/959/959 961/961/961 967/967/967
f 966/966/966 964/964/964 968/968/968
f 968/968/968 969/969/969 966/966/966
f 967/967/967 970/970/970 964/964/964
f 968/968/968 964/964/964 970/970/970
f 971/971/971 967/967/967 961/961/961
f 971/971/971 961/961/961 962/962/962
f 967/967/967 972/972/972 970/970/970
f 972/972/972 967/967/967 971/971/971
f 969/969/969 968/968/968 973/973/973
f 974/974/974 969/969/969 973/973/973
f 970/970/970 975/975/975 968/968/968
f 973/973/973 968/968/968 975/975/975
f 973/973/973 976/976/976 974/974/974
f 976/976/976 973/973/973 975/975/975
f 974/974/974 976/976/976 977/977/977
f 970/970/970 972/972/972 978/978/978
f 975/975/975 970/970/970 978/978/978
f 979/979/979 978/978/978 972/972/972
f 980/980/980 975/975/975 978/978/978
f 975/975/975 981/981/981 976/976/976
f 975/975/975 980/980/980 981/981/981
f 977/977/977 976/976/976 982/982/982
f 981/981/981 982/982/982 976/976/976
f 983/983/983 977/977/977 982/982/982
f 977/977/977 983/983/983 984/984/984
f 982/982/982 981/981/981 985/985/985
f 980/980/980 985/985/985 981/981/981
f 982/982/982 986/986/986 983/983/983
f 986/986/986 982/982/982 985/985/985
f 987/987/987 984/984/984 983/983/983
f 987/987/987 983/983/983 986/986/986
f 984/984/984 987/987/987 988/988/988
f 987/987/987 989/989/989 988/988/988
f 988/988/988 989/989/989 990/990/990
f 987/987/987 991/991/991 989/989/989
f 987/987/987 986/986/986 992/992/992
f 992/992/992 991/991/991 987/987/987
f 993/993/993 991/991/991 992/992/992
f 986/986/986 993/993/993 992/992/992
f 991/991/991 993/993/993 994/994/994
f 993/993/993 995/995/995 994/994/994
f 993/993/993 986/986/986 996/996/996
f 985/985/985 996/996/996 986/986/986
f 993/993/993 997/997/997 995/995/995
f 985/985/985 998/998/998 996/996/996
f 985/985/985 980/980/980 998/998/998
f 999/999/999 993/993/993 996/996/996
f 993/993/993 999/999/999 997/997/997
f 995/995/995 997/997/997 1000/1000/1000
f 999/999/999 1000/1000/1000 997/997/997
f 1000/1000/1000 1001/1001/1001 995/995/995
f 1001/1001/1001 1000/1000/1000 1002/1002/1002
f 1002/1002/1002 1003/1003/1003 1001/1001/1001
f 1000/1000/1000 1004/1004/1004 1002/1002/1002
f 1004/1004/1004 1000/1000/1000 1005/1005/1005
f 1000/1000/1000 999/999/999 1005/1005/1005
f 1005/1005/1005 1006/1006/1006 1004/1004/1004
f 999/999/999 1007/1007/1007 1005/1005/1005
f 1006/1006/1006 1005/1005/1005 1007/1007/1007
f 996/996/996 1008/1008/1008 999/999/999
f 999/999/999 1008/1008/1008 1007/1007/1007
f 1008/1008/1008 996/996/996 998/998/998
f 998/998/998 1009/1009/1009 1008/1008/1008
f 1009/1009/1009 1007/1007/1007 1008/1008/1008
f 1009/1009/1009 998/998/998 980/980/980
f 1010/1010/1010 1006/1006/1006 1007/1007/1007
f 1007/1007/1007 1009/1009/1009 1010/1010/1010
f 1006/1006/1006 1010/1010/1010 1011/1011/1011
f 980/980/980 1012/1012/1012 1009/1009/1009
f 1012/1012/1012 1010/1010/1010 1009/1009/1009
f 1012/1012/1012 980/980/980 978/978/978
f 1013/1013/1013 1011/1011/1011 1010/1010/1010
f 1010/1010/1010 1012/1012/1012 1013/1013/1013
f 1011/1011/1011 1013/1013/1013 1014/1014/1014
f 978/978/978 979/979/979 1012/1012/1012
f 1015/1015/1015 1014/1014/1014 1013/1013/1013
f 1012/1012/1012 1015/1015/1015 1013/1013/1013
f 1015/1015/1015 1012/1012/1012 979/979/979
f 1014/1014/1014 1015/1015/1015 1016/1016/1016
f 1017/1017/1017 1016/1016/1016 1015/1015/1015
f 979/979/979 1017/1017/1017 1015/1015/1015
f 1016/1016/1016 1017/1017/1017 1018/1018/1018
f 1017/1017/1017 1019/1019/1019 1018/1018/1018
f 1017/1017/1017 979/979/979 1020/1020/1020
f 972/972/972 1020/1020/1020 979/979/979
f 1020/1020/1020 972/972/972 971/971/971
f 1019/1019/1019 1017/1017/1017 1021/1021/1021
f 1020/1020/1020 1021/1021/1021 1017/1017/1017
f 1021/1021/1021 935/935/935 1019/1019/1019
f 971/971/971 1022/1022/1022 1020/1020/1020
f 1021/1021/1021 1020/1020/1020 1022/1022/1022
f 1022/1022/1022 971/971/971 962/962/962
f 963/963/963 1022/1022/1022 962/962/962
f 1022/1022/1022 1023/1023/1023 1021/1021/1021
f 1023/1023/1023 1022/1022/1022 963/963/963
f 935/935/935 1021/1021/1021 1023/1023/1023
f 954/954/954 1023/1023/1023 963/963/963
f 934/934/934 935/935/935 1023/1023/1023
f 1023/1023/1023 954/954/954 934/934/934
f 608/608/608 645/645/645 609/609/609
f 1024/1024/1024 644/644/644 639/639/639
f 639/639/639 643/643/643 1024/1024/1024
f 1025/1025/1025 646/646/646 644/644/644
f 1024/1024/1024 1025/1025/1025 644/644/644
f 1026/1026/1026 645/645/645 646/646/646
f 1026/1026/1026 646/646/646 1025/1025/1025
f 1027/1027/1027 609/609/609 645/645/645
f 645/645/645 1026/1026/1026 1027/1027/1027
f 609/609/609 1027/1027/1027 1028/1028/1028
f 1029/1029/1029 1025/1025/1025 1024/1024/1024
f 1029/1029/1029 1026/1026/1026 1025/1025/1025
f 1030/1030/1030 1029/1029/1029 1024/1024/1024
f 643/643/643 1030/1030/1030 1024/1024/1024
f 1031/1031/1031 1026/1026/1026 1029/1029/1029
f 1031/1031/1031 1027/1027/1027 1026/1026/1026
f 1032/1032/1032 1028/1028/1028 1027/1027/1027
f 1027/1027/1027 1031/1031/1031 1032/1032/1032
f 1028/1028/1028 1032/1032/1032 1033/1033/1033
f 1034/1034/1034 1033/1033/1033 1032/1032/1032
f 1031/1031/1031 1034/1034/1034 1032/1032/1032
f 1033/1033/1033 1034/1034/1034 1035/1035/1035
f 1036/1036/1036 1031/1031/1031 1029/1029/1029
f 1030/1030/1030 1036/1036/1036 1029/1029/1029
f 1034/1034/1034 1031/1031/1031 1037/1037/1037
f 1036/1036/1036 1037/1037/1037 1031/1031/1031
f 1038/1038/1038 1035/1035/1035 1034/1034/1034
f 1037/1037/1037 1038/1038/1038 1034/1034/1034
f 1035/1035/1035 1038/1038/1038 1039/1039/1039
f 1040/1040/1040 1039/1039/1039 1038/1038/1038
f 1039/1039/1039 1040/1040/1040 1041/1041/1041
f 1042/1042/1042 1041/1041/1041 1040/1040/1040
f 1043/1043/1043 1040/1040/1040 1038/1038/1038
f 1038/1038/1038 1037/1037/1037 1043/1043/1043
f 1040/1040/1040 1044/1044/1044 1042/1042/1042
f 1045/1045/1045 1042/1042/1042 1044/1044/1044
f 1042/1042/1042 1045/1045/1045 1046/1046/1046
f 1044/1044/1044 1040/1040/1040 1047/1047/1047
f 1040/1040/1040 1043/1043/1043 1047/1047/1047
f 1047/1047/1047 1048/1048/1048 1044/1044/1044
f 1048/1048/1048 1045/1045/1045 1044/1044/1044
f 1049/1049/1049 1046/1046/1046 1045/1045/1045
f 1046/1046/1046 1049/1049/1049 1050/1050/1050
f 1050/1050/1050 1049/1049/1049 1051/1051/1051
f 1045/1045/1045 1052/1052/1052 1049/1049/1049
f 1045/1045/1045 1048/1048/1048 1053/1053/1053
f 1053/1053/1053 1052/1052/1052 1045/1045/1045
f 1047/1047/1047 1054/1054/1054 1048/1048/1048
f 1048/1048/1048 1055/1055/1055 1053/1053/1053
f 1055/1055/1055 1048/1048/1048 1054/1054/1054
f 1056/1056/1056 1053/1053/1053 1055/1055/1055
f 1053/1053/1053 1056/1056/1056 1052/1052/1052
f 1057/1057/1057 1049/1049/1049 1052/1052/1052
f 1056/1056/1056 1057/1057/1057 1052/1052/1052
f 1049/1049/1049 1057/1057/1057 1058/1058/1058
f 1051/1051/1051 1049/1049/1049 1058/1058/1058
f 1058/1058/1058 1059/1059/1059 1051/1051/1051
f 1051/1051/1051 1059/1059/1059 1060/1060/1060
f 1058/1058/1058 1061/1061/1061 1059/1059/1059
f 1057/1057/1057 1061/1061/1061 1058/1058/1058
f 1062/1062/1062 1061/1061/1061 1057/1057/1057
f 1057/1057/1057 1056/1056/1056 1062/1062/1062
f 1061/1061/1061 1062/1062/1062 1063/1063/1063
f 1064/1064/1064 1063/1063/1063 1062/1062/1062
f 1065/1065/1065 1062/1062/1062 1056/1056/1056
f 1062/1062/1062 1065/1065/1065 1064/1064/1064
f 1064/1064/1064 1065/1065/1065 1066/1066/1066
f 1066/1066/1066 1067/1067/1067 1064/1064/1064
f 1066/1066/1066 1068/1068/1068 1067/1067/1067
f 1068/1068/1068 1066/1066/1066 1069/1069/1069
f 1070/1070/1070 1069/1069/1069 1066/1066/1066
f 1065/1065/1065 1070/1070/1070 1066/1066/1066
f 1069/1069/1069 1070/1070/1070 1071/1071/1071
f 1056/1056/1056 1072/1072/1072 1065/1065/1065
f 1070/1070/1070 1065/1065/1065 1072/1072/1072
f 1072/1072/1072 1056/1056/1056 1073/1073/1073
f 1073/1073/1073 1056/1056/1056 1055/1055/1055
f 1074/1074/1074 1070/1070/1070 1072/1072/1072
f 1074/1074/1074 1071/1071/1071 1070/1070/1070
f 1074/1074/1074 1072/1072/1072 1073/1073/1073
f 1071/1071/1071 1074/1074/1074 1075/1075/1075
f 1074/1074/1074 1076/1076/1076 1075/1075/1075
f 1054/1054/1054 1073/1073/1073 1055/1055/1055
f 1077/1077/1077 1074/1074/1074 1073/1073/1073
f 1073/1073/1073 1054/1054/1054 1077/1077/1077
f 1076/1076/1076 1074/1074/1074 1078/1078/1078
f 1074/1074/1074 1077/1077/1077 1078/1078/1078
f 1078/1078/1078 1079/1079/1079 1076/1076/1076
f 1080/1080/1080 1077/1077/1077 1054/1054/1054
f 1080/1080/1080 1078/1078/1078 1077/1077/1077
f 1079/1079/1079 1078/1078/1078 1081/1081/1081
f 1078/1078/1078 1080/1080/1080 1081/1081/1081
f 1081/1081/1081 1082/1082/1082 1079/1079/1079
f 1054/1054/1054 1083/1083/1083 1080/1080/1080
f 1054/1054/1054 1047/1047/1047 1083/1083/1083
f 1047/1047/1047 1043/1043/1043 1083/1083/1083
f 1083/1083/1083 1084/1084/1084 1080/1080/1080
f 1084/1084/1084 1081/1081/1081 1080/1080/1080
f 1043/1043/1043 1085/1085/1085 1083/1083/1083
f 1084/1084/1084 1083/1083/1083 1085/1085/1085
f 1037/1037/1037 1085/1085/1085 1043/1043/1043
f 1085/1085/1085 1037/1037/1037 1036/1036/1036
f 1082/1082/1082 1081/1081/1081 1086/1086/1086
f 1081/1081/1081 1084/1084/1084 1086/1086/1086
f 1086/1086/1086 1087/1087/1087 1082/1082/1082
f 1085/1085/1085 1088/1088/1088 1084/1084/1084
f 1088/1088/1088 1085/1085/1085 1036/1036/1036
f 1088/1088/1088 1086/1086/1086 1084/1084/1084
f 1036/1036/1036 1030/1030/1030 1088/1088/1088
f 1086/1086/1086 1088/1088/1088 1089/1089/1089
f 1087/1087/1087 1086/1086/1086 1089/1089/1089
f 1030/1030/1030 1089/1089/1089 1088/1088/1088
f 1090/1090/1090 1087/1087/1087 1089/1089/1089
f 1089/1089/1089 1030/1030/1030 1090/1090/1090
f 1087/1087/1087 1090/1090/1090 1091/1091/1091
f 1030/1030/1030 643/643/643 1090/1090/1090
f 1090/1090/1090 641/641/641 1091/1091/1091
f 641/641/641 1090/1090/1090 643/643/643
f 1092/1092/1092 888/888/888 864/864/864
f 1092/1092/1092 889/889/889 888/888/888
f 864/864/864 1093/1093/1093 1092/1092/1092
f 889/889/889 1094/1094/1094 890/890/890
f 1094/1094/1094 884/884/884 890/890/890
f 889/889/889 1092/1092/1092 1095/1095/1095
f 1094/1094/1094 889/889/889 1095/1095/1095
f 1096/1096/1096 1092/1092/1092 1093/1093/1093
f 1096/1096/1096 1095/1095/1095 1092/1092/1092
f 1093/1093/1093 1097/1097/1097 1096/1096/1096
f 1098/1098/1098 1096/1096/1096 1097/1097/1097
f 884/884/884 1094/1094/1094 1099/1099/1099
f 883/883/883 884/884/884 1099/1099/1099
f 1095/1095/1095 1100/1100/1100 1094/1094/1094
f 1099/1099/1099 1094/1094/1094 1100/1100/1100
f 1095/1095/1095 1096/1096/1096 1101/1101/1101
f 1100/1100/1100 1095/1095/1095 1101/1101/1101
f 1096/1096/1096 1098/1098/1098 1102/1102/1102
f 1102/1102/1102 1101/1101/1101 1096/1096/1096
f 1103/1103/1103 1102/1102/1102 1098/1098/1098
f 1098/1098/1098 1104/1104/1104 1103/1103/1103
f 1101/1101/1101 1102/1102/1102 1105/1105/1105
f 18/18/18 1103/1103/1103 1104/1104/1104
f 1102/1102/1102 1103/1103/1103 12/12/12
f 12/12/12 1105/1105/1105 1102/1102/1102
f 1103/1103/1103 18/18/18 12/12/12
f 1104/1104/1104 44/44/44 18/18/18
f 1101/1101/1101 1106/1106/1106 1100/1100/1100
f 1106/1106/1106 1101/1101/1101 1105/1105/1105
f 1100/1100/1100 1106/1106/1106 1107/1107/1107
f 1099/1099/1099 1100/1100/1100 1107/1107/1107
f 1105/1105/1105 5/5/5 1106/1106/1106
f 5/5/5 1105/1105/1105 12/12/12
f 1107/1107/1107 1106/1106/1106 4/4/4
f 5/5/5 4/4/4 1106/1106/1106
f 1108/1108/1108 1099/1099/1099 1107/1107/1107
f 1099/1099/1099 1108/1108/1108 883/883/883
f 883/883/883 1108/1108/1108 885/885/885
f 1108/1108/1108 3/3/3 885/885/885
f 1107/1107/1107 1/1/1 1108/1108/1108
f 1108/1108/1108 1/1/1 3/3/3
f 1/1/1 1107/1107/1107 4/4/4
f 1109/1109/1109 1110/1110/1110 1111/1111/1111
f 1112/1112/1112 1110/1110/1110 1109/1109/1109
f 1112/1112/1112 1109/1109/1109 1113/1113/1113
f 1110/1110/1110 1112/1112/1112 1114/1114/1114
f 1113/1113/1113 1115/1115/1115 1112/1112/1112
f 1116/1116/1116 1115/1115/1115 1113/1113/1113
f 1117/1117/1117 1114/1114/1114 1112/1112/1112
f 1115/1115/1115 1116/1116/1116 1118/1118/1118
f 1118/1118/1118 1116/1116/1116 1119/1119/1119
f 1120/1120/1120 1112/1112/1112 1115/1115/1115
f 1112/1112/1112 1120/1120/1120 1117/1117/1117
f 1121/1121/1121 1115/1115/1115 1118/1118/1118
f 1121/1121/1121 1120/1120/1120 1115/1115/1115
f 1119/1119/1119 1122/1122/1122 1118/1118/1118
f 1118/1118/1118 1122/1122/1122 1121/1121/1121
f 1122/1122/1122 1119/1119/1119 1123/1123/1123
f 1121/1121/1121 1124/1124/1124 1120/1120/1120
f 1120/1120/1120 1124/1124/1124 1117/1117/1117
f 1125/1125/1125 1121/1121/1121 1122/1122/1122
f 1126/1126/1126 1122/1122/1122 1123/1123/1123
f 1126/1126/1126 1123/1123/1123 1127/1127/1127
f 1122/1122/1122 1128/1128/1128 1125/1125/1125
f 1128/1128/1128 1122/1122/1122 1126/1126/1126
f 1125/1125/1125 1129/1129/1129 1121/1121/1121
f 1124/1124/1124 1121/1121/1121 1129/1129/1129
f 1130/1130/1130 1126/1126/1126 1127/1127/1127
f 1130/1130/1130 1128/1128/1128 1126/1126/1126
f 1130/1130/1130 1127/1127/1127 1131/1131/1131
f 1132/1132/1132 1125/1125/1125 1128/1128/1128
f 1129/1129/1129 1125/1125/1125 1132/1132/1132
f 1128/1128/1128 1130/1130/1130 1133/1133/1133
f 1134/1134/1134 1130/1130/1130 1131/1131/1131
f 1134/1134/1134 1131/1131/1131 1135/1135/1135
f 1130/1130/1130 1136/1136/1136 1133/1133/1133
f 1136/1136/1136 1130/1130/1130 1134/1134/1134
f 1133/1133/1133 1137/1137/1137 1128/1128/1128
f 1137/1137/1137 1132/1132/1132 1128/1128/1128
f 1136/1136/1136 1138/1138/1138 1133/1133/1133
f 1137/1137/1137 1133/1133/1133 1138/1138/1138
f 1139/1139/1139 1134/1134/1134 1135/1135/1135
f 1140/1140/1140 1139/1139/1139 1135/1135/1135
f 1134/1134/1134 1141/1141/1141 1136/1136/1136
f 1141/1141/1141 1134/1134/1134 1139/1139/1139
f 1136/1136/1136 1142/1142/1142 1138/1138/1138
f 1141/1141/1141 1142/1142/1142 1136/1136/1136
f 1143/1143/1143 1137/1137/1137 1138/1138/1138
f 1139/1139/1139 1144/1144/1144 1141/1141/1141
f 1139/1139/1139 1140/1140/1140 1145/1145/1145
f 1144/1144/1144 1139/1139/1139 1145/1145/1145
f 1140/1140/1140 1146/1146/1146 1145/1145/1145
f 1146/1146/1146 1140/1140/1140 1147/1147/1147
f 1148/1148/1148 1145/1145/1145 1146/1146/1146
f 1145/1145/1145 1148/1148/1148 1144/1144/1144
f 1147/1147/1147 1149/1149/1149 1146/1146/1146
f 1149/1149/1149 1147/1147/1147 1150/1150/1150
f 1146/1146/1146 415/415/415 1148/1148/1148
f 415/415/415 1146/1146/1146 1149/1149/1149
f 1148/1148/1148 1151/1151/1151 1144/1144/1144
f 416/416/416 1148/1148/1148 415/415/415
f 1148/1148/1148 416/416/416 1151/1151/1151
f 1151/1151/1151 1152/1152/1152 1144/1144/1144
f 1150/1150/1150 368/368/368 1149/1149/1149
f 368/368/368 1150/1150/1150 366/366/366
f 1149/1149/1149 372/372/372 415/415/415
f 372/372/372 1149/1149/1149 368/368/368
f 1144/1144/1144 1152/1152/1152 1153/1153/1153
f 1144/1144/1144 1153/1153/1153 1141/1141/1141
f 1142/1142/1142 1141/1141/1141 1153/1153/1153
f 1154/1154/1154 1153/1153/1153 1152/1152/1152
f 1151/1151/1151 1154/1154/1154 1152/1152/1152
f 1155/1155/1155 1142/1142/1142 1153/1153/1153
f 1153/1153/1153 1154/1154/1154 1155/1155/1155
f 1154/1154/1154 1151/1151/1151 422/422/422
f 416/416/416 422/422/422 1151/1151/1151
f 1155/1155/1155 1154/1154/1154 1156/1156/1156
f 1154/1154/1154 422/422/422 1156/1156/1156
f 1142/1142/1142 1155/1155/1155 1157/1157/1157
f 1157/1157/1157 1138/1138/1138 1142/1142/1142
f 1138/1138/1138 1157/1157/1157 1143/1143/1143
f 1157/1157/1157 1155/1155/1155 1158/1158/1158
f 1156/1156/1156 1158/1158/1158 1155/1155/1155
f 1143/1143/1143 1157/1157/1157 1159/1159/1159
f 1158/1158/1158 1159/1159/1159 1157/1157/1157
f 1158/1158/1158 1156/1156/1156 1160/1160/1160
f 1159/1159/1159 1158/1158/1158 1161/1161/1161
f 1160/1160/1160 1161/1161/1161 1158/1158/1158
f 1161/1161/1161 1162/1162/1162 1159/1159/1159
f 420/420/420 1160/1160/1160 1156/1156/1156
f 420/420/420 1156/1156/1156 422/422/422
f 419/419/419 1160/1160/1160 420/420/420
f 1163/1163/1163 1159/1159/1159 1162/1162/1162
f 1159/1159/1159 1163/1163/1163 1143/1143/1143
f 1162/1162/1162 1164/1164/1164 1163/1163/1163
f 1165/1165/1165 1143/1143/1143 1163/1163/1163
f 1137/1137/1137 1143/1143/1143 1165/1165/1165
f 1166/1166/1166 1163/1163/1163 1164/1164/1164
f 1163/1163/1163 1166/1166/1166 1165/1165/1165
f 1164/1164/1164 1167/1167/1167 1166/1166/1166
f 1165/1165/1165 1132/1132/1132 1137/1137/1137
f 1168/1168/1168 1166/1166/1166 1167/1167/1167
f 1168/1168/1168 1165/1165/1165 1166/1166/1166
f 1167/1167/1167 1169/1169/1169 1168/1168/1168
f 1132/1132/1132 1165/1165/1165 1170/1170/1170
f 1165/1165/1165 1168/1168/1168 1170/1170/1170
f 1170/1170/1170 1129/1129/1129 1132/1132/1132
f 1168/1168/1168 1169/1169/1169 1171/1171/1171
f 1169/1169/1169 1172/1172/1172 1171/1171/1171
f 1168/1168/1168 1173/1173/1173 1170/1170/1170
f 1173/1173/1173 1129/1129/1129 1170/1170/1170
f 1168/1168/1168 1171/1171/1171 1173/1173/1173
f 1172/1172/1172 1174/1174/1174 1171/1171/1171
f 1174/1174/1174 1173/1173/1173 1171/1171/1171
f 1174/1174/1174 1172/1172/1172 1175/1175/1175
f 1129/1129/1129 1173/1173/1173 1176/1176/1176
f 1173/1173/1173 1174/1174/1174 1176/1176/1176
f 1176/1176/1176 1124/1124/1124 1129/1129/1129
f 1177/1177/1177 1174/1174/1174 1175/1175/1175
f 1177/1177/1177 1176/1176/1176 1174/1174/1174
f 1175/1175/1175 1178/1178/1178 1177/1177/1177
f 1179/1179/1179 1177/1177/1177 1178/1178/1178
f 1179/1179/1179 1178/1178/1178 1180/1180/1180
f 1181/1181/1181 1177/1177/1177 1179/1179/1179
f 1176/1176/1176 1177/1177/1177 1182/1182/1182
f 1181/1181/1181 1182/1182/1182 1177/1177/1177
f 1182/1182/1182 1124/1124/1124 1176/1176/1176
f 1181/1181/1181 1183/1183/1183 1182/1182/1182
f 1124/1124/1124 1182/1182/1182 1183/1183/1183
f 1183/1183/1183 1181/1181/1181 1184/1184/1184
f 1183/1183/1183 1117/1117/1117 1124/1124/1124
f 1184/1184/1184 1114/1114/1114 1183/1183/1183
f 1114/1114/1114 1117/1117/1117 1183/1183/1183
f 480/480/480 481/481/481 1185/1185/1185
f 480/480/480 1186/1186/1186 479/479/479
f 1186/1186/1186 480/480/480 1185/1185/1185
f 1187/1187/1187 477/477/477 479/479/479
f 477/477/477 1187/1187/1187 478/478/478
f 479/479/479 1188/1188/1188 1187/1187/1187
f 1188/1188/1188 479/479/479 1186/1186/1186
f 481/481/481 1189/1189/1189 1185/1185/1185
f 1189/1189/1189 1186/1186/1186 1185/1185/1185
f 475/475/475 1190/1190/1190 481/481/481
f 1189/1189/1189 481/481/481 1190/1190/1190
f 1190/1190/1190 475/475/475 1191/1191/1191
f 1186/1186/1186 1189/1189/1189 1192/1192/1192
f 1190/1190/1190 1193/1193/1193 1189/1189/1189
f 1193/1193/1193 1192/1192/1192 1189/1189/1189
f 1191/1191/1191 1194/1194/1194 1190/1190/1190
f 1193/1193/1193 1190/1190/1190 1194/1194/1194
f 1194/1194/1194 1191/1191/1191 1195/1195/1195
f 1196/1196/1196 1186/1186/1186 1192/1192/1192
f 1186/1186/1186 1196/1196/1196 1188/1188/1188
f 1197/1197/1197 1192/1192/1192 1193/1193/1193
f 1197/1197/1197 1196/1196/1196 1192/1192/1192
f 1194/1194/1194 1198/1198/1198 1193/1193/1193
f 1198/1198/1198 1197/1197/1197 1193/1193/1193
f 1195/1195/1195 1199/1199/1199 1194/1194/1194
f 1198/1198/1198 1194/1194/1194 1199/1199/1199
f 1199/1199/1199 1195/1195/1195 1200/1200/1200
f 1199/1199/1199 1201/1201/1201 1198/1198/1198
f 1200/1200/1200 1202/1202/1202 1199/1199/1199
f 1201/1201/1201 1199/1199/1199 1202/1202/1202
f 1202/1202/1202 1200/1200/1200 1203/1203/1203
f 1203/1203/1203 1204/1204/1204 1202/1202/1202
f 1204/1204/1204 1201/1201/1201 1202/1202/1202
f 1204/1204/1204 1203/1203/1203 1205/1205/1205
f 1201/1201/1201 1206/1206/1206 1198/1198/1198
f 1206/1206/1206 1197/1197/1197 1198/1198/1198
f 1204/1204/1204 1205/1205/1205 1207/1207/1207
f 1208/1208/1208 1207/1207/1207 1205/1205/1205
f 1206/1206/1206 1209/1209/1209 1197/1197/1197
f 1197/1197/1197 1209/1209/1209 1196/1196/1196
f 1208/1208/1208 1210/1210/1210 1207/1207/1207
f 1210/1210/1210 1208/1208/1208 1211/1211/1211
f 1204/1204/1204 1207/1207/1207 1212/1212/1212
f 1210/1210/1210 1212/1212/1212 1207/1207/1207
f 1201/1201/1201 1204/1204/1204 1213/1213/1213
f 1212/1212/1212 1213/1213/1213 1204/1204/1204
f 1213/1213/1213 1214/1214/1214 1201/1201/1201
f 1201/1201/1201 1214/1214/1214 1206/1206/1206
f 1211/1211/1211 1215/1215/1215 1210/1210/1210
f 1216/1216/1216 1215/1215/1215 1211/1211/1211
f 1217/1217/1217 1215/1215/1215 1216/1216/1216
f 1216/1216/1216 1218/1218/1218 1217/1217/1217
f 1215/1215/1215 1217/1217/1217 1219/1219/1219
f 1219/1219/1219 1220/1220/1220 1215/1215/1215
f 1220/1220/1220 1210/1210/1210 1215/1215/1215
f 1221/1221/1221 1220/1220/1220 1219/1219/1219
f 1210/1210/1210 1220/1220/1220 1222/1222/1222
f 1212/1212/1212 1210/1210/1210 1222/1222/1222
f 1220/1220/1220 1221/1221/1221 1223/1223/1223
f 1223/1223/1223 1222/1222/1222 1220/1220/1220
f 1224/1224/1224 1223/1223/1223 1221/1221/1221
f 1225/1225/1225 1212/1212/1212 1222/1222/1222
f 1222/1222/1222 1223/1223/1223 1225/1225/1225
f 1223/1223/1223 1224/1224/1224 1226/1226/1226
f 1212/1212/1212 1225/1225/1225 1227/1227/1227
f 1223/1223/1223 1228/1228/1228 1225/1225/1225
f 1228/1228/1228 1223/1223/1223 1226/1226/1226
f 1226/1226/1226 1224/1224/1224 1229/1229/1229
f 1229/1229/1229 1228/1228/1228 1226/1226/1226
f 1229/1229/1229 1224/1224/1224 1230/1230/1230
f 1227/1227/1227 1213/1213/1213 1212/1212/1212
f 1229/1229/1229 1230/1230/1230 1231/1231/1231
f 1230/1230/1230 1232/1232/1232 1231/1231/1231
f 1229/1229/1229 1231/1231/1231 1233/1233/1233
f 1228/1228/1228 1229/1229/1229 1234/1234/1234
f 1229/1229/1229 1233/1233/1233 1234/1234/1234
f 1213/1213/1213 1227/1227/1227 1235/1235/1235
f 1214/1214/1214 1213/1213/1213 1235/1235/1235
f 1236/1236/1236 1235/1235/1235 1227/1227/1227
f 1235/1235/1235 1236/1236/1236 1214/1214/1214
f 1237/1237/1237 1234/1234/1234 1233/1233/1233
f 1237/1237/1237 1228/1228/1228 1234/1234/1234
f 1237/1237/1237 1233/1233/1233 1238/1238/1238
f 1239/1239/1239 1228/1228/1228 1237/1237/1237
f 1227/1227/1227 1239/1239/1239 1236/1236/1236
f 1239/1239/1239 1225/1225/1225 1228/1228/1228
f 1225/1225/1225 1239/1239/1239 1227/1227/1227
f 1238/1238/1238 1240/1240/1240 1237/1237/1237
f 1237/1237/1237 1240/1240/1240 1239/1239/1239
f 1236/1236/1236 1239/1239/1239 1240/1240/1240
f 1240/1240/1240 1238/1238/1238 1241/1241/1241
f 1241/1241/1241 1242/1242/1242 1240/1240/1240
f 1242/1242/1242 1236/1236/1236 1240/1240/1240
f 1241/1241/1241 1243/1243/1243 1242/1242/1242
f 1236/1236/1236 1244/1244/1244 1214/1214/1214
f 1236/1236/1236 1242/1242/1242 1244/1244/1244
f 1243/1243/1243 1245/1245/1245 1242/1242/1242
f 1246/1246/1246 1214/1214/1214 1244/1244/1244
f 1242/1242/1242 1246/1246/1246 1244/1244/1244
f 1214/1214/1214 1246/1246/1246 1206/1206/1206
f 1242/1242/1242 1245/1245/1245 1247/1247/1247
f 1246/1246/1246 1242/1242/1242 1247/1247/1247
f 1245/1245/1245 1248/1248/1248 1247/1247/1247
f 1209/1209/1209 1206/1206/1206 1246/1246/1246
f 1247/1247/1247 1209/1209/1209 1246/1246/1246
f 1247/1247/1247 1248/1248/1248 1249/1249/1249
f 1209/1209/1209 1247/1247/1247 1249/1249/1249
f 1248/1248/1248 1250/1250/1250 1249/1249/1249
f 1249/1249/1249 1251/1251/1251 1209/1209/1209
f 1249/1249/1249 1250/1250/1250 1251/1251/1251
f 1196/1196/1196 1209/1209/1209 1251/1251/1251
f 1252/1252/1252 1251/1251/1251 1250/1250/1250
f 1188/1188/1188 1196/1196/1196 1251/1251/1251
f 1251/1251/1251 1252/1252/1252 1253/1253/1253
f 1251/1251/1251 1253/1253/1253 1188/1188/1188
f 1254/1254/1254 1253/1253/1253 1252/1252/1252
f 1254/1254/1254 1188/1188/1188 1253/1253/1253
f 1252/1252/1252 1255/1255/1255 1254/1254/1254
f 1188/1188/1188 1254/1254/1254 1187/1187/1187
f 1256/1256/1256 1254/1254/1254 1255/1255/1255
f 1256/1256/1256 1187/1187/1187 1254/1254/1254
f 1255/1255/1255 1257/1257/1257 1256/1256/1256
f 1187/1187/1187 1256/1256/1256 478/478/478
f 1258/1258/1258 1256/1256/1256 1257/1257/1257
f 1258/1258/1258 478/478/478 1256/1256/1256
f 1257/1257/1257 461/461/461 1258/1258/1258
f 478/478/478 1258/1258/1258 467/467/467
f 460/460/460 1258/1258/1258 461/461/461
f 460/460/460 467/467/467 1258/1258/1258
f 1259/1259/1259 1260/1260/1260 1261/1261/1261
f 1262/1262/1262 1263/1263/1263 1264/1264/1264
f 1265/1265/1265 1266/1266/1266 1260/1260/1260
f 1266/1266/1266 1265/1265/1265 1264/1264/1264
f 1259/1259/1259 1267/1267/1267 1260/1260/1260
f 1267/1267/1267 1265/1265/1265 1260/1260/1260
f 1268/1268/1268 1267/1267/1267 1259/1259/1259
f 1269/1269/1269 1264/1264/1264 1265/1265/1265
f 1269/1269/1269 1265/1265/1265 1267/1267/1267
f 1264/1264/1264 1270/1270/1270 1262/1262/1262
f 1264/1264/1264 1269/1269/1269 1270/1270/1270
f 1267/1267/1267 1271/1271/1271 1269/1269/1269
f 1271/1271/1271 1267/1267/1267 1268/1268/1268
f 1271/1271/1271 1270/1270/1270 1269/1269/1269
f 1272/1272/1272 1262/1262/1262 1270/1270/1270
f 1270/1270/1270 1271/1271/1271 1272/1272/1272
f 1262/1262/1262 1272/1272/1272 1273/1273/1273
f 1268/1268/1268 1274/1274/1274 1271/1271/1271
f 1271/1271/1271 1274/1274/1274 1272/1272/1272
f 1274/1274/1274 1268/1268/1268 1275/1275/1275
f 1276/1276/1276 1273/1273/1273 1272/1272/1272
f 1276/1276/1276 1272/1272/1272 1274/1274/1274
f 1273/1273/1273 1276/1276/1276 1277/1277/1277
f 1278/1278/1278 1274/1274/1274 1275/1275/1275
f 1274/1274/1274 1278/1278/1278 1276/1276/1276
f 1279/1279/1279 1278/1278/1278 1275/1275/1275
f 1279/1279/1279 1275/1275/1275 1280/1280/1280
f 1281/1281/1281 1277/1277/1277 1276/1276/1276
f 1281/1281/1281 1276/1276/1276 1278/1278/1278
f 1277/1277/1277 1281/1281/1281 1282/1282/1282
f 1283/1283/1283 1278/1278/1278 1279/1279/1279
f 1278/1278/1278 1283/1283/1283 1281/1281/1281
f 1280/1280/1280 1284/1284/1284 1279/1279/1279
f 1284/1284/1284 1283/1283/1283 1279/1279/1279
f 1285/1285/1285 1282/1282/1282 1281/1281/1281
f 1285/1285/1285 1281/1281/1281 1283/1283/1283
f 1282/1282/1282 1285/1285/1285 1286/1286/1286
f 1287/1287/1287 1283/1283/1283 1284/1284/1284
f 1287/1287/1287 1285/1285/1285 1283/1283/1283
f 1284/1284/1284 1280/1280/1280 1288/1288/1288
f 1280/1280/1280 1289/1289/1289 1288/1288/1288
f 1290/1290/1290 1288/1288/1288 1289/1289/1289
f 1291/1291/1291 1286/1286/1286 1285/1285/1285
f 1285/1285/1285 1287/1287/1287 1291/1291/1291
f 1286/1286/1286 1291/1291/1291 1292/1292/1292
f 1293/1293/1293 1284/1284/1284 1288/1288/1288
f 1284/1284/1284 1293/1293/1293 1287/1287/1287
f 1288/1288/1288 1290/1290/1290 1294/1294/1294
f 1294/1294/1294 1293/1293/1293 1288/1288/1288
f 1290/1290/1290 1295/1295/1295 1294/1294/1294
f 1293/1293/1293 1296/1296/1296 1287/1287/1287
f 1291/1291/1291 1287/1287/1287 1296/1296/1296
f 1294/1294/1294 1297/1297/1297 1293/1293/1293
f 1297/1297/1297 1294/1294/1294 1295/1295/1295
f 1296/1296/1296 1293/1293/1293 1297/1297/1297
f 1295/1295/1295 1298/1298/1298 1297/1297/1297
f 1298/1298/1298 1296/1296/1296 1297/1297/1297
f 1296/1296/1296 1298/1298/1298 1299/1299/1299
f 1299/1299/1299 1298/1298/1298 1300/1300/1300
f 1301/1301/1301 1291/1291/1291 1296/1296/1296
f 1296/1296/1296 1299/1299/1299 1301/1301/1301
f 1301/1301/1301 1292/1292/1292 1291/1291/1291
f 1292/1292/1292 1301/1301/1301 1302/1302/1302
f 1301/1301/1301 1299/1299/1299 1303/1303/1303
f 1303/1303/1303 1302/1302/1302 1301/1301/1301
f 1300/1300/1300 1303/1303/1303 1299/1299/1299
f 1302/1302/1302 1303/1303/1303 1304/1304/1304
f 1303/1303/1303 1300/1300/1300 1305/1305/1305
f 1305/1305/1305 1304/1304/1304 1303/1303/1303
f 1300/1300/1300 1306/1306/1306 1305/1305/1305
f 1304/1304/1304 1305/1305/1305 1307/1307/1307
f 1305/1305/1305 1306/1306/1306 1308/1308/1308
f 1305/1305/1305 1308/1308/1308 1307/1307/1307
f 1308/1308/1308 1309/1309/1309 1307/1307/1307
f 1310/1310/1310 540/540/540 542/542/542
f 1311/1311/1311 535/535/535 528/528/528
f 529/529/529 1311/1311/1311 528/528/528
f 1312/1312/1312 535/535/535 1311/1311/1311
f 1311/1311/1311 529/529/529 1313/1313/1313
f 1313/1313/1313 1312/1312/1312 1311/1311/1311
f 1313/1313/1313 529/529/529 530/530/530
f 1314/1314/1314 1313/1313/1313 530/530/530
f 1313/1313/1313 1314/1314/1314 1315/1315/1315
f 1312/1312/1312 1313/1313/1313 1315/1315/1315
f 1314/1314/1314 1316/1316/1316 1315/1315/1315
f 1316/1316/1316 1314/1314/1314 1317/1317/1317
f 1315/1315/1315 1318/1318/1318 1312/1312/1312
f 1318/1318/1318 1315/1315/1315 1316/1316/1316
f 1317/1317/1317 1319/1319/1319 1316/1316/1316
f 1319/1319/1319 1318/1318/1318 1316/1316/1316
f 1319/1319/1319 1317/1317/1317 1320/1320/1320
f 1320/1320/1320 1321/1321/1321 1319/1319/1319
f 1321/1321/1321 1320/1320/1320 1322/1322/1322
f 1318/1318/1318 1319/1319/1319 1323/1323/1323
f 1321/1321/1321 1323/1323/1323 1319/1319/1319
f 1318/1318/1318 1324/1324/1324 1312/1312/1312
f 1322/1322/1322 1325/1325/1325 1321/1321/1321
f 1325/1325/1325 1322/1322/1322 1326/1326/1326
f 1323/1323/1323 1321/1321/1321 1327/1327/1327
f 1325/1325/1325 1327/1327/1327 1321/1321/1321
f 1328/1328/1328 1318/1318/1318 1323/1323/1323
f 1318/1318/1318 1328/1328/1328 1324/1324/1324
f 1329/1329/1329 1323/1323/1323 1327/1327/1327
f 1323/1323/1323 1329/1329/1329 1328/1328/1328
f 1327/1327/1327 1325/1325/1325 1330/1330/1330
f 1330/1330/1330 1329/1329/1329 1327/1327/1327
f 1326/1326/1326 1331/1331/1331 1325/1325/1325
f 1331/1331/1331 1330/1330/1330 1325/1325/1325
f 1331/1331/1331 1326/1326/1326 1332/1332/1332
f 1330/1330/1330 1333/1333/1333 1329/1329/1329
f 1331/1331/1331 1332/1332/1332 1334/1334/1334
f 1335/1335/1335 1334/1334/1334 1332/1332/1332
f 1330/1330/1330 1331/1331/1331 1336/1336/1336
f 1335/1335/1335 1337/1337/1337 1334/1334/1334
f 1337/1337/1337 1335/1335/1335 1338/1338/1338
f 1331/1331/1331 1334/1334/1334 1339/1339/1339
f 1331/1331/1331 1339/1339/1339 1336/1336/1336
f 1340/1340/1340 1334/1334/1334 1337/1337/1337
f 1340/1340/1340 1339/1339/1339 1334/1334/1334
f 1338/1338/1338 1341/1341/1341 1337/1337/1337
f 1341/1341/1341 1338/1338/1338 1342/1342/1342
f 1337/1337/1337 1343/1343/1343 1340/1340/1340
f 1343/1343/1343 1337/1337/1337 1341/1341/1341
f 1344/1344/1344 1341/1341/1341 1342/1342/1342
f 1342/1342/1342 1345/1345/1345 1344/1344/1344
f 1341/1341/1341 1344/1344/1344 1346/1346/1346
f 1346/1346/1346 1343/1343/1343 1341/1341/1341
f 1347/1347/1347 1343/1343/1343 1346/1346/1346
f 1347/1347/1347 1340/1340/1340 1343/1343/1343
f 1347/1347/1347 1346/1346/1346 1348/1348/1348
f 1340/1340/1340 1347/1347/1347 1349/1349/1349
f 1349/1349/1349 1339/1339/1339 1340/1340/1340
f 1350/1350/1350 1347/1347/1347 1348/1348/1348
f 1350/1350/1350 1349/1349/1349 1347/1347/1347
f 1348/1348/1348 1351/1351/1351 1350/1350/1350
f 1339/1339/1339 1349/1349/1349 1352/1352/1352
f 1352/1352/1352 1336/1336/1336 1339/1339/1339
f 1349/1349/1349 1350/1350/1350 1353/1353/1353
f 1352/1352/1352 1349/1349/1349 1353/1353/1353
f 1350/1350/1350 1351/1351/1351 1354/1354/1354
f 1354/1354/1354 1353/1353/1353 1350/1350/1350
f 1354/1354/1354 1351/1351/1351 1355/1355/1355
f 1354/1354/1354 1355/1355/1355 1356/1356/1356
f 1355/1355/1355 1357/1357/1357 1356/1356/1356
f 1358/1358/1358 1354/1354/1354 1356/1356/1356
f 1354/1354/1354 1358/1358/1358 1359/1359/1359
f 1359/1359/1359 1353/1353/1353 1354/1354/1354
f 1360/1360/1360 1359/1359/1359 1358/1358/1358
f 1359/1359/1359 1360/1360/1360 1361/1361/1361
f 1361/1361/1361 1353/1353/1353 1359/1359/1359
f 1362/1362/1362 1361/1361/1361 1360/1360/1360
f 1363/1363/1363 1353/1353/1353 1361/1361/1361
f 1363/1363/1363 1352/1352/1352 1353/1353/1353
f 1362/1362/1362 1364/1364/1364 1361/1361/1361
f 1361/1361/1361 1364/1364/1364 1363/1363/1363
f 1365/1365/1365 1364/1364/1364 1362/1362/1362
f 1363/1363/1363 1366/1366/1366 1352/1352/1352
f 1336/1336/1336 1352/1352/1352 1366/1366/1366
f 1366/1366/1366 1330/1330/1330 1336/1336/1336
f 1330/1330/1330 1366/1366/1366 1333/1333/1333
f 1366/1366/1366 1363/1363/1363 1367/1367/1367
f 1367/1367/1367 1363/1363/1363 1364/1364/1364
f 1367/1367/1367 1333/1333/1333 1366/1366/1366
f 761/761/761 760/760/760 1368/1368/1368
f 1368/1368/1368 764/764/764 761/761/761
f 762/762/762 1369/1369/1369 760/760/760
f 1369/1369/1369 762/762/762 1370/1370/1370
f 760/760/760 1371/1371/1371 1368/1368/1368
f 1371/1371/1371 760/760/760 1369/1369/1369
f 764/764/764 1368/1368/1368 1372/1372/1372
f 1371/1371/1371 1372/1372/1372 1368/1368/1368
f 1372/1372/1372 1373/1373/1373 764/764/764
f 1373/1373/1373 763/763/763 764/764/764
f 1370/1370/1370 1374/1374/1374 1369/1369/1369
f 1374/1374/1374 1370/1370/1370 1375/1375/1375
f 1369/1369/1369 1376/1376/1376 1371/1371/1371
f 1376/1376/1376 1369/1369/1369 1374/1374/1374
f 1372/1372/1372 1371/1371/1371 1377/1377/1377
f 1376/1376/1376 1377/1377/1377 1371/1371/1371
f 1377/1377/1377 1378/1378/1378 1372/1372/1372
f 1378/1378/1378 1373/1373/1373 1372/1372/1372
f 1375/1375/1375 1379/1379/1379 1374/1374/1374
f 1379/1379/1379 1375/1375/1375 1380/1380/1380
f 1374/1374/1374 1381/1381/1381 1376/1376/1376
f 1381/1381/1381 1374/1374/1374 1379/1379/1379
f 1380/1380/1380 1382/1382/1382 1379/1379/1379
f 1382/1382/1382 1381/1381/1381 1379/1379/1379
f 1382/1382/1382 1380/1380/1380 1383/1383/1383
f 1381/1381/1381 1384/1384/1384 1376/1376/1376
f 1384/1384/1384 1377/1377/1377 1376/1376/1376
f 1381/1381/1381 1382/1382/1382 1385/1385/1385
f 1384/1384/1384 1386/1386/1386 1377/1377/1377
f 1377/1377/1377 1386/1386/1386 1378/1378/1378
f 1384/1384/1384 1381/1381/1381 1387/1387/1387
f 1385/1385/1385 1387/1387/1387 1381/1381/1381
f 1386/1386/1386 1384/1384/1384 1388/1388/1388
f 1387/1387/1387 1388/1388/1388 1384/1384/1384
f 1389/1389/1389 1378/1378/1378 1386/1386/1386
f 1390/1390/1390 1386/1386/1386 1388/1388/1388
f 1386/1386/1386 1390/1390/1390 1389/1389/1389
f 1390/1390/1390 1391/1391/1391 1389/1389/1389
f 1391/1391/1391 1392/1392/1392 1389/1389/1389
f 1393/1393/1393 1391/1391/1391 1390/1390/1390
f 1389/1389/1389 1392/1392/1392 1394/1394/1394
f 1378/1378/1378 1389/1389/1389 1394/1394/1394
f 1392/1392/1392 1395/1395/1395 1394/1394/1394
f 1394/1394/1394 1396/1396/1396 1378/1378/1378
f 1394/1394/1394 1395/1395/1395 1396/1396/1396
f 1373/1373/1373 1378/1378/1378 1396/1396/1396
f 1397/1397/1397 1393/1393/1393 1390/1390/1390
f 1388/1388/1388 1397/1397/1397 1390/1390/1390
f 1398/1398/1398 1393/1393/1393 1397/1397/1397
f 1399/1399/1399 1396/1396/1396 1395/1395/1395
f 1399/1399/1399 1373/1373/1373 1396/1396/1396
f 1395/1395/1395 1400/1400/1400 1399/1399/1399
f 1373/1373/1373 1399/1399/1399 1401/1401/1401
f 763/763/763 1373/1373/1373 1401/1401/1401
f 1401/1401/1401 758/758/758 763/763/763
f 1402/1402/1402 1399/1399/1399 1400/1400/1400
f 1402/1402/1402 1401/1401/1401 1399/1399/1399
f 1400/1400/1400 1403/1403/1403 1402/1402/1402
f 758/758/758 1401/1401/1401 1404/1404/1404
f 1401/1401/1401 1402/1402/1402 1404/1404/1404
f 1404/1404/1404 748/748/748 758/758/758
f 748/748/748 1404/1404/1404 747/747/747
f 1405/1405/1405 1404/1404/1404 1402/1402/1402
f 1405/1405/1405 1402/1402/1402 1403/1403/1403
f 1404/1404/1404 1405/1405/1405 747/747/747
f 1403/1403/1403 741/741/741 1405/1405/1405
f 740/740/740 747/747/747 1405/1405/1405
f 740/740/740 1405/1405/1405 741/741/741
f 1406/1406/1406 1398/1398/1398 1397/1397/1397
f 1398/1398/1398 1406/1406/1406 1407/1407/1407
f 1408/1408/1408 1406/1406/1406 1397/1397/1397
f 1397/1397/1397 1388/1388/1388 1408/1408/1408
f 1388/1388/1388 1387/1387/1387 1408/1408/1408
f 1407/1407/1407 1406/1406/1406 1409/1409/1409
f 1407/1407/1407 1409/1409/1409 1410/1410/1410
f 1411/1411/1411 1408/1408/1408 1387/1387/1387
f 1387/1387/1387 1385/1385/1385 1411/1411/1411
f 1406/1406/1406 1408/1408/1408 1412/1412/1412
f 1408/1408/1408 1411/1411/1411 1412/1412/1412
f 1406/1406/1406 1413/1413/1413 1409/1409/1409
f 1413/1413/1413 1406/1406/1406 1412/1412/1412
f 1414/1414/1414 1410/1410/1410 1409/1409/1409
f 1413/1413/1413 1414/1414/1414 1409/1409/1409
f 1410/1410/1410 1414/1414/1414 1415/1415/1415
f 1412/1412/1412 1411/1411/1411 1416/1416/1416
f 1416/1416/1416 1413/1413/1413 1412/1412/1412
f 1385/1385/1385 1416/1416/1416 1411/1411/1411
f 1417/1417/1417 1415/1415/1415 1414/1414/1414
f 1413/1413/1413 1418/1418/1418 1414/1414/1414
f 1413/1413/1413 1416/1416/1416 1418/1418/1418
f 1417/1417/1417 1414/1414/1414 1418/1418/1418
f 1419/1419/1419 1415/1415/1415 1417/1417/1417
f 1417/1417/1417 1420/1420/1420 1419/1419/1419
f 1419/1419/1419 1420/1420/1420 1421/1421/1421
f 1417/1417/1417 1422/1422/1422 1420/1420/1420
f 1417/1417/1417 1418/1418/1418 1423/1423/1423
f 1423/1423/1423 1422/1422/1422 1417/1417/1417
f 1418/1418/1418 1424/1424/1424 1423/1423/1423
f 1416/1416/1416 1424/1424/1424 1418/1418/1418
f 1425/1425/1425 1422/1422/1422 1423/1423/1423
f 1425/1425/1425 1423/1423/1423 1424/1424/1424
f 1422/1422/1422 1425/1425/1425 1426/1426/1426
f 1416/1416/1416 1427/1427/1427 1424/1424/1424
f 1416/1416/1416 1385/1385/1385 1427/1427/1427
f 1427/1427/1427 1385/1385/1385 1382/1382/1382
f 1427/1427/1427 1428/1428/1428 1424/1424/1424
f 1428/1428/1428 1425/1425/1425 1424/1424/1424
f 1382/1382/1382 1429/1429/1429 1427/1427/1427
f 1428/1428/1428 1427/1427/1427 1429/1429/1429
f 1382/1382/1382 1383/1383/1383 1429/1429/1429
f 1430/1430/1430 1429/1429/1429 1383/1383/1383
f 1430/1430/1430 1431/1431/1431 1429/1429/1429
f 1428/1428/1428 1429/1429/1429 1431/1431/1431
f 1431/1431/1431 1430/1430/1430 1432/1432/1432
f 1425/1425/1425 1428/1428/1428 1433/1433/1433
f 1431/1431/1431 1433/1433/1433 1428/1428/1428
f 1433/1433/1433 1426/1426/1426 1425/1425/1425
f 1426/1426/1426 1433/1433/1433 1434/1434/1434
f 1433/1433/1433 1431/1431/1431 1435/1435/1435
f 1432/1432/1432 1435/1435/1435 1431/1431/1431
f 1434/1434/1434 1433/1433/1433 1435/1435/1435
f 1436/1436/1436 1435/1435/1435 1432/1432/1432
f 1435/1435/1435 1437/1437/1437 1434/1434/1434
f 1437/1437/1437 1435/1435/1435 1436/1436/1436
f 1436/1436/1436 1438/1438/1438 1437/1437/1437
f 1439/1439/1439 1440/1440/1440 1441/1441/1441
f 1442/1442/1442 1441/1441/1441 1440/1440/1440
f 1441/1441/1441 1443/1443/1443 1439/1439/1439
f 1444/1444/1444 1439/1439/1439 1443/1443/1443
f 1441/1441/1441 1442/1442/1442 1445/1445/1445
f 1442/1442/1442 1446/1446/1446 1445/1445/1445
f 1443/1443/1443 1441/1441/1441 1447/1447/1447
f 1441/1441/1441 1445/1445/1445 1447/1447/1447
f 1445/1445/1445 1446/1446/1446 1448/1448/1448
f 1447/1447/1447 1445/1445/1445 1448/1448/1448
f 1448/1448/1448 1446/1446/1446 1449/1449/1449
f 1450/1450/1450 1449/1449/1449 1446/1446/1446
f 1451/1451/1451 1447/1447/1447 1448/1448/1448
f 1449/1449/1449 1450/1450/1450 1452/1452/1452
f 1453/1453/1453 1443/1443/1443 1447/1447/1447
f 1447/1447/1447 1451/1451/1451 1453/1453/1453
f 1454/1454/1454 1448/1448/1448 1449/1449/1449
f 1448/1448/1448 1454/1454/1454 1451/1451/1451
f 1455/1455/1455 1449/1449/1449 1452/1452/1452
f 1449/1449/1449 1455/1455/1455 1454/1454/1454
f 1450/1450/1450 1456/1456/1456 1452/1452/1452
f 1452/1452/1452 1456/1456/1456 1455/1455/1455
f 1456/1456/1456 1450/1450/1450 1457/1457/1457
f 1456/1456/1456 1457/1457/1457 1458/1458/1458
f 1458/1458/1458 1459/1459/1459 1456/1456/1456
f 1455/1455/1455 1456/1456/1456 1459/1459/1459
f 1455/1455/1455 1459/1459/1459 1460/1460/1460
f 1460/1460/1460 1454/1454/1454 1455/1455/1455
f 1454/1454/1454 1460/1460/1460 1461/1461/1461
f 1461/1461/1461 1451/1451/1451 1454/1454/1454
f 1451/1451/1451 1461/1461/1461 1462/1462/1462
f 1462/1462/1462 1453/1453/1453 1451/1451/1451
f 1453/1453/1453 1462/1462/1462 1463/1463/1463
f 1463/1463/1463 1464/1464/1464 1453/1453/1453
f 1443/1443/1443 1453/1453/1453 1464/1464/1464
f 1464/1464/1464 1463/1463/1463 1465/1465/1465
f 1464/1464/1464 1444/1444/1444 1443/1443/1443
f 1465/1465/1465 1466/1466/1466 1464/1464/1464
f 1444/1444/1444 1464/1464/1464 1466/1466/1466
f 1466/1466/1466 1465/1465/1465 1467/1467/1467
f 1468/1468/1468 1444/1444/1444 1466/1466/1466
f 1469/1469/1469 1444/1444/1444 1468/1468/1468
f 1466/1466/1466 1467/1467/1467 1470/1470/1470
f 1466/1466/1466 1470/1470/1470 1468/1468/1468
f 1471/1471/1471 1470/1470/1470 1467/1467/1467
f 1471/1471/1471 1472/1472/1472 1470/1470/1470
f 1473/1473/1473 1472/1472/1472 1471/1471/1471
f 1474/1474/1474 1472/1472/1472 1473/1473/1473
f 1468/1468/1468 1475/1475/1475 1469/1469/1469
f 1476/1476/1476 1468/1468/1468 1470/1470/1470
f 1476/1476/1476 1470/1470/1470 1472/1472/1472
f 1476/1476/1476 1475/1475/1475 1468/1468/1468
f 1475/1475/1475 1477/1477/1477 1469/1469/1469
f 1476/1476/1476 1478/1478/1478 1475/1475/1475
f 1477/1477/1477 1475/1475/1475 1479/1479/1479
f 1479/1479/1479 1475/1475/1475 1478/1478/1478
f 1477/1477/1477 1479/1479/1479 1480/1480/1480
f 1480/1480/1480 1479/1479/1479 1481/1481/1481
f 1480/1480/1480 1481/1481/1481 1482/1482/1482
f 1483/1483/1483 1481/1481/1481 1479/1479/1479
f 1479/1479/1479 1478/1478/1478 1483/1483/1483
f 1484/1484/1484 1482/1482/1482 1481/1481/1481
f 1481/1481/1481 1483/1483/1483 1484/1484/1484
f 1485/1485/1485 1482/1482/1482 1484/1484/1484
f 1478/1478/1478 1486/1486/1486 1483/1483/1483
f 1483/1483/1483 1486/1486/1486 1484/1484/1484
f 1484/1484/1484 1487/1487/1487 1485/1485/1485
f 1484/1484/1484 1486/1486/1486 1487/1487/1487
f 1487/1487/1487 1488/1488/1488 1485/1485/1485
f 1486/1486/1486 1478/1478/1478 1489/1489/1489
f 1490/1490/1490 1489/1489/1489 1478/1478/1478
f 1490/1490/1490 1478/1478/1478 1476/1476/1476
f 1489/1489/1489 1490/1490/1490 1491/1491/1491
f 1472/1472/1472 1490/1490/1490 1476/1476/1476
f 1491/1491/1491 1490/1490/1490 1492/1492/1492
f 1490/1490/1490 1472/1472/1472 1492/1492/1492
f 1492/1492/1492 1493/1493/1493 1491/1491/1491
f 1472/1472/1472 1474/1474/1474 1492/1492/1492
f 1493/1493/1493 1492/1492/1492 1474/1474/1474
f 1474/1474/1474 1494/1494/1494 1493/1493/1493
f 1333/1333/1333 1367/1367/1367 1495/1495/1495
f 1495/1495/1495 1367/1367/1367 1364/1364/1364
f 1495/1495/1495 1329/1329/1329 1333/1333/1333
f 1364/1364/1364 1365/1365/1365 1496/1496/1496
f 1364/1364/1364 1496/1496/1496 1495/1495/1495
f 1497/1497/1497 1496/1496/1496 1365/1365/1365
f 1496/1496/1496 1497/1497/1497 1498/1498/1498
f 1496/1496/1496 1498/1498/1498 1495/1495/1495
f 1499/1499/1499 1498/1498/1498 1497/1497/1497
f 1329/1329/1329 1495/1495/1495 1500/1500/1500
f 1500/1500/1500 1495/1495/1495 1498/1498/1498
f 1329/1329/1329 1500/1500/1500 1328/1328/1328
f 1498/1498/1498 1499/1499/1499 1501/1501/1501
f 1498/1498/1498 1501/1501/1501 1500/1500/1500
f 1499/1499/1499 1502/1502/1502 1501/1501/1501
f 1500/1500/1500 1503/1503/1503 1328/1328/1328
f 1503/1503/1503 1500/1500/1500 1501/1501/1501
f 1503/1503/1503 1324/1324/1324 1328/1328/1328
f 1501/1501/1501 1502/1502/1502 1504/1504/1504
f 1501/1501/1501 1504/1504/1504 1503/1503/1503
f 1310/1310/1310 1504/1504/1504 1502/1502/1502
f 1324/1324/1324 1503/1503/1503 1505/1505/1505
f 1505/1505/1505 1503/1503/1503 1504/1504/1504
f 1504/1504/1504 1310/1310/1310 1506/1506/1506
f 1506/1506/1506 1505/1505/1505 1504/1504/1504
f 542/542/542 1506/1506/1506 1310/1310/1310
f 542/542/542 1507/1507/1507 1506/1506/1506
f 1505/1505/1505 1506/1506/1506 1507/1507/1507
f 1507/1507/1507 542/542/542 541/541/541
f 1505/1505/1505 1508/1508/1508 1324/1324/1324
f 1508/1508/1508 1505/1505/1505 1507/1507/1507
f 1508/1508/1508 1507/1507/1507 541/541/541
f 1324/1324/1324 1508/1508/1508 1312/1312/1312
f 1508/1508/1508 541/541/541 535/535/535
f 1312/1312/1312 1508/1508/1508 535/535/535
f 1509/1509/1509 702/702/702 688/688/688
f 688/688/688 662/662/662 1509/1509/1509
f 662/662/662 663/663/663 1509/1509/1509
f 1509/1509/1509 663/663/663 1510/1510/1510
f 702/702/702 1509/1509/1509 1511/1511/1511
f 1511/1511/1511 1509/1509/1509 1510/1510/1510
f 1511/1511/1511 701/701/701 702/702/702
f 1511/1511/1511 1510/1510/1510 1512/1512/1512
f 1513/1513/1513 1511/1511/1511 1512/1512/1512
f 701/701/701 1511/1511/1511 1513/1513/1513
f 1513/1513/1513 1512/1512/1512 1514/1514/1514
f 1515/1515/1515 701/701/701 1513/1513/1513
f 1515/1515/1515 1513/1513/1513 1514/1514/1514
f 1516/1516/1516 701/701/701 1515/1515/1515
f 1516/1516/1516 696/696/696 701/701/701
f 696/696/696 1516/1516/1516 700/700/700
f 1514/1514/1514 1517/1517/1517 1515/1515/1515
f 1517/1517/1517 1516/1516/1516 1515/1515/1515
f 1517/1517/1517 1514/1514/1514 1518/1518/1518
f 1519/1519/1519 700/700/700 1516/1516/1516
f 1516/1516/1516 1517/1517/1517 1519/1519/1519
f 1519/1519/1519 1520/1520/1520 700/700/700
f 1518/1518/1518 1521/1521/1521 1517/1517/1517
f 1521/1521/1521 1519/1519/1519 1517/1517/1517
f 1521/1521/1521 1518/1518/1518 1522/1522/1522
f 1519/1519/1519 1521/1521/1521 1523/1523/1523
f 1523/1523/1523 1520/1520/1520 1519/1519/1519
f 1522/1522/1522 1524/1524/1524 1521/1521/1521
f 1524/1524/1524 1523/1523/1523 1521/1521/1521
f 1524/1524/1524 1522/1522/1522 1525/1525/1525
f 1520/1520/1520 699/699/699 700/700/700
f 1525/1525/1525 1526/1526/1526 1524/1524/1524
f 1526/1526/1526 1525/1525/1525 1527/1527/1527
f 1523/1523/1523 1524/1524/1524 1528/1528/1528
f 1526/1526/1526 1528/1528/1528 1524/1524/1524
f 1520/1520/1520 1529/1529/1529 699/699/699
f 1529/1529/1529 697/697/697 699/699/699
f 1527/1527/1527 1530/1530/1530 1526/1526/1526
f 1530/1530/1530 1527/1527/1527 1531/1531/1531
f 1528/1528/1528 1526/1526/1526 1532/1532/1532
f 1530/1530/1530 1532/1532/1532 1526/1526/1526
f 697/697/697 1529/1529/1529 1533/1533/1533
f 697/697/697 1533/1533/1533 698/698/698
f 1534/1534/1534 1533/1533/1533 1529/1529/1529
f 1534/1534/1534 1529/1529/1529 1520/1520/1520
f 1535/1535/1535 698/698/698 1533/1533/1533
f 1533/1533/1533 1534/1534/1534 1535/1535/1535
f 698/698/698 1535/1535/1535 1536/1536/1536
f 1537/1537/1537 1534/1534/1534 1520/1520/1520
f 1520/1520/1520 1523/1523/1523 1537/1537/1537
f 1534/1534/1534 1538/1538/1538 1535/1535/1535
f 1537/1537/1537 1538/1538/1538 1534/1534/1534
f 1539/1539/1539 1536/1536/1536 1535/1535/1535
f 1539/1539/1539 1535/1535/1535 1538/1538/1538
f 1540/1540/1540 1536/1536/1536 1539/1539/1539
f 1523/1523/1523 1541/1541/1541 1537/1537/1537
f 1538/1538/1538 1537/1537/1537 1541/1541/1541
f 1541/1541/1541 1523/1523/1523 1528/1528/1528
f 1538/1538/1538 1542/1542/1542 1539/1539/1539
f 1542/1542/1542 1538/1538/1538 1541/1541/1541
f 1543/1543/1543 1540/1540/1540 1539/1539/1539
f 1543/1543/1543 1539/1539/1539 1542/1542/1542
f 1540/1540/1540 1543/1543/1543 1544/1544/1544
f 1528/1528/1528 1545/1545/1545 1541/1541/1541
f 1545/1545/1545 1542/1542/1542 1541/1541/1541
f 1545/1545/1545 1528/1528/1528 1532/1532/1532
f 1542/1542/1542 1546/1546/1546 1543/1543/1543
f 1545/1545/1545 1546/1546/1546 1542/1542/1542
f 1547/1547/1547 1544/1544/1544 1543/1543/1543
f 1547/1547/1547 1543/1543/1543 1546/1546/1546
f 1544/1544/1544 1547/1547/1547 1548/1548/1548
f 1546/1546/1546 1545/1545/1545 1549/1549/1549
f 1549/1549/1549 1545/1545/1545 1532/1532/1532
f 1550/1550/1550 1547/1547/1547 1546/1546/1546
f 1549/1549/1549 1550/1550/1550 1546/1546/1546
f 1551/1551/1551 1548/1548/1548 1547/1547/1547
f 1547/1547/1547 1550/1550/1550 1551/1551/1551
f 1548/1548/1548 1551/1551/1551 1552/1552/1552
f 1553/1553/1553 1549/1549/1549 1532/1532/1532
f 1532/1532/1532 1530/1530/1530 1553/1553/1553
f 1550/1550/1550 1549/1549/1549 1554/1554/1554
f 1554/1554/1554 1549/1549/1549 1553/1553/1553
f 1551/1551/1551 1550/1550/1550 1555/1555/1555
f 1554/1554/1554 1555/1555/1555 1550/1550/1550
f 1556/1556/1556 1552/1552/1552 1551/1551/1551
f 1551/1551/1551 1555/1555/1555 1556/1556/1556
f 1552/1552/1552 1556/1556/1556 1557/1557/1557
f 1558/1558/1558 1557/1557/1557 1556/1556/1556
f 1557/1557/1557 1558/1558/1558 1559/1559/1559
f 1555/1555/1555 1560/1560/1560 1556/1556/1556
f 1556/1556/1556 1560/1560/1560 1558/1558/1558
f 1558/1558/1558 1561/1561/1561 1559/1559/1559
f 1555/1555/1555 1554/1554/1554 1562/1562/1562
f 1562/1562/1562 1560/1560/1560 1555/1555/1555
f 1563/1563/1563 1562/1562/1562 1554/1554/1554
f 1563/1563/1563 1554/1554/1554 1553/1553/1553
f 1560/1560/1560 1562/1562/1562 1564/1564/1564
f 1562/1562/1562 1563/1563/1563 1565/1565/1565
f 1565/1565/1565 1564/1564/1564 1562/1562/1562
f 1553/1553/1553 1566/1566/1566 1563/1563/1563
f 1566/1566/1566 1553/1553/1553 1530/1530/1530
f 1531/1531/1531 1566/1566/1566 1530/1530/1530
f 1566/1566/1566 1531/1531/1531 1567/1567/1567
f 1568/1568/1568 1563/1563/1563 1566/1566/1566
f 1567/1567/1567 1568/1568/1568 1566/1566/1566
f 1563/1563/1563 1568/1568/1568 1565/1565/1565
f 1568/1568/1568 1567/1567/1567 1569/1569/1569
f 1569/1569/1569 1570/1570/1570 1568/1568/1568
f 1570/1570/1570 1565/1565/1565 1568/1568/1568
f 1570/1570/1570 1569/1569/1569 1571/1571/1571
f 1565/1565/1565 1570/1570/1570 1572/1572/1572
f 1564/1564/1564 1565/1565/1565 1572/1572/1572
f 1571/1571/1571 1573/1573/1573 1570/1570/1570
f 1573/1573/1573 1571/1571/1571 1574/1574/1574
f 1570/1570/1570 1575/1575/1575 1572/1572/1572
f 1575/1575/1575 1570/1570/1570 1573/1573/1573
f 1575/1575/1575 1564/1564/1564 1572/1572/1572
f 1576/1576/1576 1573/1573/1573 1574/1574/1574
f 1574/1574/1574 1577/1577/1577 1576/1576/1576
f 1573/1573/1573 1576/1576/1576 1578/1578/1578
f 1578/1578/1578 1575/1575/1575 1573/1573/1573
f 1564/1564/1564 1575/1575/1575 1579/1579/1579
f 1579/1579/1579 1575/1575/1575 1578/1578/1578
f 1579/1579/1579 1560/1560/1560 1564/1564/1564
f 1579/1579/1579 1578/1578/1578 1580/1580/1580
f 1560/1560/1560 1579/1579/1579 1581/1581/1581
f 1581/1581/1581 1579/1579/1579 1580/1580/1580
f 1581/1581/1581 1558/1558/1558 1560/1560/1560
f 1580/1580/1580 1582/1582/1582 1581/1581/1581
f 1558/1558/1558 1581/1581/1581 1583/1583/1583
f 1581/1581/1581 1582/1582/1582 1583/1583/1583
f 1561/1561/1561 1558/1558/1558 1583/1583/1583
f 1583/1583/1583 1582/1582/1582 1584/1584/1584
f 1583/1583/1583 1584/1584/1584 1561/1561/1561
f 1561/1561/1561 1584/1584/1584 1585/1585/1585
f 130/130/130 126/126/126 1586/1586/1586
f 126/126/126 1587/1587/1587 1586/1586/1586
f 1586/1586/1586 1588/1588/1588 130/130/130
f 1587/1587/1587 126/126/126 1589/1589/1589
f 1589/1589/1589 126/126/126 127/127/127
f 1590/1590/1590 1587/1587/1587 1589/1589/1589
f 1588/1588/1588 1591/1591/1591 130/130/130
f 125/125/125 130/130/130 1591/1591/1591
f 1591/1591/1591 1588/1588/1588 1592/1592/1592
f 1589/1589/1589 1593/1593/1593 1590/1590/1590
f 1593/1593/1593 1589/1589/1589 127/127/127
f 1594/1594/1594 1590/1590/1590 1593/1593/1593
f 127/127/127 1595/1595/1595 1593/1593/1593
f 1593/1593/1593 1596/1596/1596 1594/1594/1594
f 1596/1596/1596 1593/1593/1593 1595/1595/1595
f 1595/1595/1595 127/127/127 128/128/128
f 1597/1597/1597 1594/1594/1594 1596/1596/1596
f 1596/1596/1596 1598/1598/1598 1597/1597/1597
f 1599/1599/1599 1597/1597/1597 1598/1598/1598
f 1595/1595/1595 1600/1600/1600 1596/1596/1596
f 1598/1598/1598 1596/1596/1596 1600/1600/1600
f 1601/1601/1601 1595/1595/1595 128/128/128
f 1600/1600/1600 1595/1595/1595 1601/1601/1601
f 129/129/129 1601/1601/1601 128/128/128
f 1602/1602/1602 1600/1600/1600 1601/1601/1601
f 1602/1602/1602 1601/1601/1601 129/129/129
f 1600/1600/1600 1603/1603/1603 1598/1598/1598
f 1603/1603/1603 1600/1600/1600 1602/1602/1602
f 1598/1598/1598 1604/1604/1604 1599/1599/1599
f 1605/1605/1605 1598/1598/1598 1603/1603/1603
f 1598/1598/1598 1605/1605/1605 1604/1604/1604
f 1606/1606/1606 1603/1603/1603 1602/1602/1602
f 1606/1606/1606 1605/1605/1605 1603/1603/1603
f 1607/1607/1607 1599/1599/1599 1604/1604/1604
f 1599/1599/1599 1607/1607/1607 1608/1608/1608
f 1609/1609/1609 1604/1604/1604 1605/1605/1605
f 1604/1604/1604 1609/1609/1609 1607/1607/1607
f 1606/1606/1606 1609/1609/1609 1605/1605/1605
f 1610/1610/1610 1608/1608/1608 1607/1607/1607
f 1611/1611/1611 1608/1608/1608 1610/1610/1610
f 1609/1609/1609 1612/1612/1612 1607/1607/1607
f 1610/1610/1610 1607/1607/1607 1612/1612/1612
f 1609/1609/1609 1606/1606/1606 1613/1613/1613
f 1613/1613/1613 1612/1612/1612 1609/1609/1609
f 1614/1614/1614 1611/1611/1611 1610/1610/1610
f 1611/1611/1611 1614/1614/1614 1615/1615/1615
f 1612/1612/1612 1616/1616/1616 1610/1610/1610
f 1614/1614/1614 1610/1610/1610 1616/1616/1616
f 1612/1612/1612 1613/1613/1613 1617/1617/1617
f 1616/1616/1616 1612/1612/1612 1617/1617/1617
f 1606/1606/1606 1618/1618/1618 1613/1613/1613
f 1618/1618/1618 1617/1617/1617 1613/1613/1613
f 1619/1619/1619 1615/1615/1615 1614/1614/1614
f 1615/1615/1615 1619/1619/1619 1620/1620/1620
f 1616/1616/1616 1621/1621/1621 1614/1614/1614
f 1619/1619/1619 1614/1614/1614 1621/1621/1621
f 1622/1622/1622 1620/1620/1620 1619/1619/1619
f 1622/1622/1622 1619/1619/1619 1621/1621/1621
f 1620/1620/1620 1622/1622/1622 1623/1623/1623
f 1624/1624/1624 1616/1616/1616 1617/1617/1617
f 1624/1624/1624 1621/1621/1621 1616/1616/1616
f 1625/1625/1625 1624/1624/1624 1617/1617/1617
f 1617/1617/1617 1618/1618/1618 1625/1625/1625
f 1626/1626/1626 1623/1623/1623 1622/1622/1622
f 1623/1623/1623 1626/1626/1626 1627/1627/1627
f 1621/1621/1621 1628/1628/1628 1622/1622/1622
f 1621/1621/1621 1624/1624/1624 1629/1629/1629
f 1629/1629/1629 1628/1628/1628 1621/1621/1621
f 1629/1629/1629 1624/1624/1624 1630/1630/1630
f 1624/1624/1624 1625/1625/1625 1630/1630/1630
f 1628/1628/1628 1629/1629/1629 1631/1631/1631
f 1626/1626/1626 1622/1622/1622 1632/1632/1632
f 1628/1628/1628 1632/1632/1632 1622/1622/1622
f 1633/1633/1633 1629/1629/1629 1630/1630/1630
f 1631/1631/1631 1629/1629/1629 1633/1633/1633
f 1634/1634/1634 1628/1628/1628 1631/1631/1631
f 1628/1628/1628 1634/1634/1634 1632/1632/1632
f 1635/1635/1635 1631/1631/1631 1633/1633/1633
f 1635/1635/1635 1634/1634/1634 1631/1631/1631
f 1630/1630/1630 1636/1636/1636 1633/1633/1633
f 1636/1636/1636 1635/1635/1635 1633/1633/1633
f 1637/1637/1637 1632/1632/1632 1634/1634/1634
f 1634/1634/1634 1635/1635/1635 1638/1638/1638
f 1638/1638/1638 1637/1637/1637 1634/1634/1634
f 1639/1639/1639 1638/1638/1638 1635/1635/1635
f 1635/1635/1635 1636/1636/1636 1639/1639/1639
f 1632/1632/1632 1640/1640/1640 1626/1626/1626
f 1632/1632/1632 1637/1637/1637 1640/1640/1640
f 1626/1626/1626 1640/1640/1640 1641/1641/1641
f 1641/1641/1641 1627/1627/1627 1626/1626/1626
f 1627/1627/1627 1641/1641/1641 1642/1642/1642
f 1643/1643/1643 1641/1641/1641 1640/1640/1640
f 1637/1637/1637 1643/1643/1643 1640/1640/1640
f 1644/1644/1644 1642/1642/1642 1641/1641/1641
f 1641/1641/1641 1643/1643/1643 1644/1644/1644
f 1642/1642/1642 1644/1644/1644 1645/1645/1645
f 1644/1644/1644 1646/1646/1646 1645/1645/1645
f 1647/1647/1647 1645/1645/1645 1646/1646/1646
f 1644/1644/1644 1648/1648/1648 1646/1646/1646
f 1643/1643/1643 1648/1648/1648 1644/1644/1644
f 1649/1649/1649 1648/1648/1648 1643/1643/1643
f 1643/1643/1643 1650/1650/1650 1649/1649/1649
f 1643/1643/1643 1637/1637/1637 1650/1650/1650
f 1650/1650/1650 1651/1651/1651 1649/1649/1649
f 1637/1637/1637 1652/1652/1652 1650/1650/1650
f 1650/1650/1650 1653/1653/1653 1651/1651/1651
f 1653/1653/1653 1650/1650/1650 1652/1652/1652
f 1651/1651/1651 1653/1653/1653 1654/1654/1654
f 1653/1653/1653 1652/1652/1652 1654/1654/1654
f 1637/1637/1637 1638/1638/1638 1652/1652/1652
f 1654/1654/1654 1655/1655/1655 1651/1651/1651
f 1655/1655/1655 1654/1654/1654 1656/1656/1656
f 1656/1656/1656 1657/1657/1657 1655/1655/1655
f 1654/1654/1654 1658/1658/1658 1656/1656/1656
f 1659/1659/1659 1654/1654/1654 1652/1652/1652
f 1658/1658/1658 1654/1654/1654 1659/1659/1659
f 1652/1652/1652 1638/1638/1638 1660/1660/1660
f 1652/1652/1652 1660/1660/1660 1659/1659/1659
f 1659/1659/1659 1660/1660/1660 1658/1658/1658
f 1660/1660/1660 1638/1638/1638 1639/1639/1639
f 1658/1658/1658 1660/1660/1660 1661/1661/1661
f 1639/1639/1639 1661/1661/1661 1660/1660/1660
f 1661/1661/1661 1639/1639/1639 1662/1662/1662
f 1636/1636/1636 1662/1662/1662 1639/1639/1639
f 1662/1662/1662 1636/1636/1636 1663/1663/1663
f 1636/1636/1636 1664/1664/1664 1663/1663/1663
f 1664/1664/1664 1636/1636/1636 1665/1665/1665
f 1636/1636/1636 1630/1630/1630 1665/1665/1665
f 1665/1665/1665 1666/1666/1666 1664/1664/1664
f 1625/1625/1625 1665/1665/1665 1630/1630/1630
f 1666/1666/1666 1665/1665/1665 1667/1667/1667
f 1665/1665/1665 1625/1625/1625 1667/1667/1667
f 1667/1667/1667 1668/1668/1668 1666/1666/1666
f 1618/1618/1618 1667/1667/1667 1625/1625/1625
f 1668/1668/1668 1667/1667/1667 1669/1669/1669
f 1667/1667/1667 1618/1618/1618 1669/1669/1669
f 1669/1669/1669 1670/1670/1670 1668/1668/1668
f 1671/1671/1671 1669/1669/1669 1618/1618/1618
f 1618/1618/1618 1606/1606/1606 1671/1671/1671
f 1671/1671/1671 1606/1606/1606 1602/1602/1602
f 1669/1669/1669 1671/1671/1671 1672/1672/1672
f 1670/1670/1670 1669/1669/1669 1672/1672/1672
f 1671/1671/1671 1602/1602/1602 1673/1673/1673
f 1673/1673/1673 1672/1672/1672 1671/1671/1671
f 1673/1673/1673 1602/1602/1602 129/129/129
f 1674/1674/1674 1670/1670/1670 1672/1672/1672
f 1672/1672/1672 1673/1673/1673 1674/1674/1674
f 1670/1670/1670 1674/1674/1674 1675/1675/1675
f 1676/1676/1676 1673/1673/1673 129/129/129
f 1673/1673/1673 1676/1676/1676 1674/1674/1674
f 1674/1674/1674 1676/1676/1676 1675/1675/1675
f 129/129/129 117/117/117 1676/1676/1676
f 1676/1676/1676 118/118/118 1675/1675/1675
f 1676/1676/1676 117/117/117 118/118/118
f 1677/1677/1677 1678/1678/1678 1679/1679/1679
f 1678/1678/1678 1680/1680/1680 1679/1679/1679
f 1679/1679/1679 1680/1680/1680 1681/1681/1681
f 1681/1681/1681 1682/1682/1682 1679/1679/1679
f 1683/1683/1683 1681/1681/1681 1680/1680/1680
f 1684/1684/1684 1682/1682/1682 1685/1685/1685
f 1681/1681/1681 1685/1685/1685 1682/1682/1682
f 1683/1683/1683 1686/1686/1686 1681/1681/1681
f 1685/1685/1685 1681/1681/1681 1686/1686/1686
f 1687/1687/1687 1686/1686/1686 1683/1683/1683
f 1684/1684/1684 1685/1685/1685 1688/1688/1688
f 1688/1688/1688 1689/1689/1689 1684/1684/1684
f 1685/1685/1685 1686/1686/1686 1690/1690/1690
f 1690/1690/1690 1688/1688/1688 1685/1685/1685
f 1686/1686/1686 1687/1687/1687 1691/1691/1691
f 1691/1691/1691 1690/1690/1690 1686/1686/1686
f 1692/1692/1692 1691/1691/1691 1687/1687/1687
f 1693/1693/1693 1691/1691/1691 1692/1692/1692
f 1694/1694/1694 1691/1691/1691 1693/1693/1693
f 1694/1694/1694 1690/1690/1690 1691/1691/1691
f 1695/1695/1695 1694/1694/1694 1693/1693/1693
f 1690/1690/1690 1694/1694/1694 1696/1696/1696
f 1694/1694/1694 1695/1695/1695 1697/1697/1697
f 1698/1698/1698 1697/1697/1697 1695/1695/1695
f 1696/1696/1696 1694/1694/1694 1699/1699/1699
f 1699/1699/1699 1694/1694/1694 1697/1697/1697
f 1700/1700/1700 1690/1690/1690 1696/1696/1696
f 1699/1699/1699 1700/1700/1700 1696/1696/1696
f 1690/1690/1690 1700/1700/1700 1688/1688/1688
f 1697/1697/1697 1698/1698/1698 1701/1701/1701
f 1702/1702/1702 1701/1701/1701 1698/1698/1698
f 1701/1701/1701 1702/1702/1702 1703/1703/1703
f 1704/1704/1704 1697/1697/1697 1701/1701/1701
f 1703/1703/1703 1704/1704/1704 1701/1701/1701
f 1699/1699/1699 1697/1697/1697 1704/1704/1704
f 1704/1704/1704 1703/1703/1703 1705/1705/1705
f 1705/1705/1705 1706/1706/1706 1704/1704/1704
f 1704/1704/1704 1707/1707/1707 1699/1699/1699
f 1700/1700/1700 1699/1699/1699 1707/1707/1707
f 1708/1708/1708 1704/1704/1704 1706/1706/1706
f 1704/1704/1704 1708/1708/1708 1707/1707/1707
f 1706/1706/1706 1709/1709/1709 1708/1708/1708
f 1707/1707/1707 1710/1710/1710 1700/1700/1700
f 1710/1710/1710 1688/1688/1688 1700/1700/1700
f 1708/1708/1708 1711/1711/1711 1707/1707/1707
f 1710/1710/1710 1707/1707/1707 1711/1711/1711
f 1712/1712/1712 1708/1708/1708 1709/1709/1709
f 1711/1711/1711 1708/1708/1708 1712/1712/1712
f 1709/1709/1709 1713/1713/1713 1712/1712/1712
f 1714/1714/1714 1710/1710/1710 1711/1711/1711
f 1714/1714/1714 1711/1711/1711 1712/1712/1712
f 1688/1688/1688 1710/1710/1710 1715/1715/1715
f 1689/1689/1689 1688/1688/1688 1715/1715/1715
f 1715/1715/1715 1716/1716/1716 1689/1689/1689
f 1717/1717/1717 1712/1712/1712 1713/1713/1713
f 1712/1712/1712 1717/1717/1717 1714/1714/1714
f 1713/1713/1713 1718/1718/1718 1717/1717/1717
f 1718/1718/1718 1713/1713/1713 1719/1719/1719
f 1717/1717/1717 1720/1720/1720 1714/1714/1714
f 1720/1720/1720 1717/1717/1717 1718/1718/1718
f 1716/1716/1716 1715/1715/1715 1721/1721/1721
f 1719/1719/1719 1722/1722/1722 1718/1718/1718
f 1722/1722/1722 1720/1720/1720 1718/1718/1718
f 1722/1722/1722 1719/1719/1719 1723/1723/1723
f 1715/1715/1715 1724/1724/1724 1721/1721/1721
f 1724/1724/1724 1715/1715/1715 1710/1710/1710
f 1724/1724/1724 1710/1710/1710 1714/1714/1714
f 1724/1724/1724 1725/1725/1725 1721/1721/1721
f 1721/1721/1721 1725/1725/1725 1716/1716/1716
f 1714/1714/1714 1726/1726/1726 1724/1724/1724
f 1725/1725/1725 1724/1724/1724 1726/1726/1726
f 1726/1726/1726 1714/1714/1714 1720/1720/1720
f 1727/1727/1727 1716/1716/1716 1725/1725/1725
f 1728/1728/1728 1716/1716/1716 1727/1727/1727
f 1727/1727/1727 1729/1729/1729 1728/1728/1728
f 1725/1725/1725 1730/1730/1730 1727/1727/1727
f 1726/1726/1726 1730/1730/1730 1725/1725/1725
f 1729/1729/1729 1727/1727/1727 1731/1731/1731
f 1731/1731/1731 1727/1727/1727 1730/1730/1730
f 1731/1731/1731 1732/1732/1732 1729/1729/1729
f 1732/1732/1732 1731/1731/1731 1733/1733/1733
f 1730/1730/1730 1734/1734/1734 1731/1731/1731
f 1733/1733/1733 1731/1731/1731 1734/1734/1734
f 1735/1735/1735 1730/1730/1730 1726/1726/1726
f 1720/1720/1720 1735/1735/1735 1726/1726/1726
f 1735/1735/1735 1734/1734/1734 1730/1730/1730
f 1733/1733/1733 1736/1736/1736 1732/1732/1732
f 1734/1734/1734 1736/1736/1736 1733/1733/1733
f 1732/1732/1732 1736/1736/1736 1737/1737/1737
f 1738/1738/1738 1737/1737/1737 1736/1736/1736
f 1735/1735/1735 1720/1720/1720 1739/1739/1739
f 1720/1720/1720 1722/1722/1722 1739/1739/1739
f 1734/1734/1734 1735/1735/1735 1740/1740/1740
f 1739/1739/1739 1740/1740/1740 1735/1735/1735
f 1736/1736/1736 1734/1734/1734 1741/1741/1741
f 1741/1741/1741 1738/1738/1738 1736/1736/1736
f 1742/1742/1742 1739/1739/1739 1722/1722/1722
f 1723/1723/1723 1742/1742/1742 1722/1722/1722
f 1742/1742/1742 1723/1723/1723 1743/1743/1743
f 1743/1743/1743 1744/1744/1744 1742/1742/1742
f 1745/1745/1745 1739/1739/1739 1742/1742/1742
f 1740/1740/1740 1739/1739/1739 1745/1745/1745
f 1746/1746/1746 1742/1742/1742 1744/1744/1744
f 1746/1746/1746 1745/1745/1745 1742/1742/1742
f 1744/1744/1744 1747/1747/1747 1746/1746/1746
f 1748/1748/1748 1740/1740/1740 1745/1745/1745
f 1745/1745/1745 1746/1746/1746 1748/1748/1748
f 1749/1749/1749 1746/1746/1746 1747/1747/1747
f 1749/1749/1749 1748/1748/1748 1746/1746/1746
f 1747/1747/1747 1750/1750/1750 1749/1749/1749
f 1751/1751/1751 1740/1740/1740 1748/1748/1748
f 1751/1751/1751 1734/1734/1734 1740/1740/1740
f 1734/1734/1734 1751/1751/1751 1741/1741/1741
f 1752/1752/1752 1751/1751/1751 1748/1748/1748
f 1752/1752/1752 1748/1748/1748 1749/1749/1749
f 1753/1753/1753 1749/1749/1749 1750/1750/1750
f 1753/1753/1753 1752/1752/1752 1749/1749/1749
f 1750/1750/1750 1754/1754/1754 1753/1753/1753
f 1755/1755/1755 1753/1753/1753 1754/1754/1754
f 1753/1753/1753 1755/1755/1755 1756/1756/1756
f 1752/1752/1752 1753/1753/1753 1756/1756/1756
f 1757/1757/1757 1756/1756/1756 1755/1755/1755
f 1758/1758/1758 1751/1751/1751 1752/1752/1752
f 1756/1756/1756 1758/1758/1758 1752/1752/1752
f 1758/1758/1758 1741/1741/1741 1751/1751/1751
f 1756/1756/1756 1757/1757/1757 1759/1759/1759
f 1758/1758/1758 1756/1756/1756 1759/1759/1759
f 1760/1760/1760 1759/1759/1759 1757/1757/1757
f 1759/1759/1759 1760/1760/1760 1761/1761/1761
f 1759/1759/1759 1762/1762/1762 1758/1758/1758
f 1741/1741/1741 1758/1758/1758 1762/1762/1762
f 1762/1762/1762 1759/1759/1759 1761/1761/1761
f 1738/1738/1738 1741/1741/1741 1762/1762/1762
f 1763/1763/1763 1762/1762/1762 1761/1761/1761
f 1762/1762/1762 1763/1763/1763 1738/1738/1738
f 363/363/363 326/326/326 331/331/331
f 331/331/331 361/361/361 363/363/363
f 361/361/361 331/331/331 1764/1764/1764
f 331/331/331 332/332/332 1764/1764/1764
f 332/332/332 1765/1765/1765 1764/1764/1764
f 1764/1764/1764 1766/1766/1766 361/361/361
f 1764/1764/1764 1765/1765/1765 1767/1767/1767
f 1766/1766/1766 1764/1764/1764 1767/1767/1767
f 1765/1765/1765 1768/1768/1768 1767/1767/1767
f 359/359/359 361/361/361 1766/1766/1766
f 1767/1767/1767 1768/1768/1768 1769/1769/1769
f 359/359/359 1766/1766/1766 1770/1770/1770
f 357/357/357 359/359/359 1770/1770/1770
f 1767/1767/1767 1771/1771/1771 1766/1766/1766
f 1771/1771/1771 1767/1767/1767 1769/1769/1769
f 1766/1766/1766 818/818/818 1770/1770/1770
f 818/818/818 1766/1766/1766 1771/1771/1771
f 357/357/357 1770/1770/1770 1772/1772/1772
f 818/818/818 1772/1772/1772 1770/1770/1770
f 355/355/355 357/357/357 1772/1772/1772
f 1773/1773/1773 1769/1769/1769 1768/1768/1768
f 1773/1773/1773 1771/1771/1771 1769/1769/1769
f 1768/1768/1768 1774/1774/1774 1773/1773/1773
f 1772/1772/1772 818/818/818 817/817/817
f 1772/1772/1772 815/815/815 355/355/355
f 815/815/815 1772/1772/1772 817/817/817
f 356/356/356 355/355/355 815/815/815
f 1775/1775/1775 1773/1773/1773 1774/1774/1774
f 1774/1774/1774 1776/1776/1776 1775/1775/1775
f 1775/1775/1775 1777/1777/1777 1773/1773/1773
f 1771/1771/1771 1773/1773/1773 1777/1777/1777
f 1778/1778/1778 1775/1775/1775 1776/1776/1776
f 810/810/810 1771/1771/1771 1777/1777/1777
f 1771/1771/1771 810/810/810 818/818/818
f 1777/1777/1777 1775/1775/1775 807/807/807
f 1778/1778/1778 807/807/807 1775/1775/1775
f 1777/1777/1777 807/807/807 810/810/810
f 1776/1776/1776 1779/1779/1779 1778/1778/1778
f 1780/1780/1780 1778/1778/1778 1779/1779/1779
f 1779/1779/1779 1781/1781/1781 1780/1780/1780
f 807/807/807 1778/1778/1778 806/806/806
f 1780/1780/1780 806/806/806 1778/1778/1778
f 1782/1782/1782 1780/1780/1780 1781/1781/1781
f 1781/1781/1781 1783/1783/1783 1782/1782/1782
f 806/806/806 1780/1780/1780 1784/1784/1784
f 1782/1782/1782 1784/1784/1784 1780/1780/1780
f 783/783/783 806/806/806 1784/1784/1784
f 767/767/767 1782/1782/1782 1783/1783/1783
f 767/767/767 1783/1783/1783 765/765/765
f 1784/1784/1784 1782/1782/1782 781/781/781
f 1784/1784/1784 781/781/781 783/783/783
f 1782/1782/1782 767/767/767 768/768/768
f 1782/1782/1782 768/768/768 781/781/781
f 1785/1785/1785 1786/1786/1786 1787/1787/1787
f 1787/1787/1787 1788/1788/1788 1785/1785/1785
f 1788/1788/1788 1789/1789/1789 1785/1785/1785
f 1788/1788/1788 1787/1787/1787 1790/1790/1790
f 1789/1789/1789 1788/1788/1788 1791/1791/1791
f 1791/1791/1791 1792/1792/1792 1789/1789/1789
f 1790/1790/1790 1793/1793/1793 1788/1788/1788
f 1788/1788/1788 1794/1794/1794 1791/1791/1791
f 1793/1793/1793 1794/1794/1794 1788/1788/1788
f 1795/1795/1795 1793/1793/1793 1790/1790/1790
f 1795/1795/1795 1794/1794/1794 1793/1793/1793
f 1795/1795/1795 1790/1790/1790 1796/1796/1796
f 1792/1792/1792 1791/1791/1791 1797/1797/1797
f 1797/1797/1797 1791/1791/1791 1794/1794/1794
f 1798/1798/1798 1792/1792/1792 1797/1797/1797
f 1300/1300/1300 1795/1795/1795 1796/1796/1796
f 1300/1300/1300 1796/1796/1796 1306/1306/1306
f 1794/1794/1794 1795/1795/1795 1298/1298/1298
f 1795/1795/1795 1300/1300/1300 1298/1298/1298
f 1794/1794/1794 1295/1295/1295 1797/1797/1797
f 1298/1298/1298 1295/1295/1295 1794/1794/1794
f 1798/1798/1798 1797/1797/1797 1290/1290/1290
f 1290/1290/1290 1797/1797/1797 1295/1295/1295
f 1289/1289/1289 1798/1798/1798 1290/1290/1290
f 1798/1798/1798 1289/1289/1289 1799/1799/1799
f 1289/1289/1289 1800/1800/1800 1799/1799/1799
f 1800/1800/1800 1289/1289/1289 1801/1801/1801
f 1801/1801/1801 1802/1802/1802 1800/1800/1800
f 1289/1289/1289 1280/1280/1280 1801/1801/1801
f 1802/1802/1802 1801/1801/1801 1803/1803/1803
f 1803/1803/1803 1804/1804/1804 1802/1802/1802
f 1801/1801/1801 1805/1805/1805 1803/1803/1803
f 1805/1805/1805 1801/1801/1801 1280/1280/1280
f 1804/1804/1804 1803/1803/1803 1806/1806/1806
f 1806/1806/1806 1807/1807/1807 1804/1804/1804
f 1808/1808/1808 1803/1803/1803 1805/1805/1805
f 1803/1803/1803 1808/1808/1808 1806/1806/1806
f 1807/1807/1807 1806/1806/1806 1809/1809/1809
f 1808/1808/1808 1809/1809/1809 1806/1806/1806
f 1810/1810/1810 1807/1807/1807 1809/1809/1809
f 1807/1807/1807 1810/1810/1810 1811/1811/1811
f 1275/1275/1275 1808/1808/1808 1805/1805/1805
f 1280/1280/1280 1275/1275/1275 1805/1805/1805
f 1809/1809/1809 1808/1808/1808 1259/1259/1259
f 1809/1809/1809 1261/1261/1261 1810/1810/1810
f 1261/1261/1261 1809/1809/1809 1259/1259/1259
f 1810/1810/1810 1812/1812/1812 1811/1811/1811
f 1261/1261/1261 1812/1812/1812 1810/1810/1810
f 1812/1812/1812 1813/1813/1813 1811/1811/1811
f 1808/1808/1808 1268/1268/1268 1259/1259/1259
f 1808/1808/1808 1275/1275/1275 1268/1268/1268
f 1812/1812/1812 1814/1814/1814 1813/1813/1813
f 1814/1814/1814 1815/1815/1815 1813/1813/1813
f 1812/1812/1812 1261/1261/1261 1816/1816/1816
f 1816/1816/1816 1814/1814/1814 1812/1812/1812
f 1814/1814/1814 1817/1817/1817 1815/1815/1815
f 1817/1817/1817 1818/1818/1818 1815/1815/1815
f 1814/1814/1814 1816/1816/1816 1819/1819/1819
f 1819/1819/1819 1817/1817/1817 1814/1814/1814
f 1820/1820/1820 1818/1818/1818 1817/1817/1817
f 1818/1818/1818 1820/1820/1820 1821/1821/1821
f 1817/1817/1817 1819/1819/1819 1822/1822/1822
f 1822/1822/1822 1820/1820/1820 1817/1817/1817
f 1822/1822/1822 1823/1823/1823 1820/1820/1820
f 1820/1820/1820 1824/1824/1824 1821/1821/1821
f 1824/1824/1824 1825/1825/1825 1821/1821/1821
f 1823/1823/1823 1826/1826/1826 1820/1820/1820
f 1820/1820/1820 1826/1826/1826 1824/1824/1824
f 1822/1822/1822 1827/1827/1827 1823/1823/1823
f 1827/1827/1827 1826/1826/1826 1823/1823/1823
f 1819/1819/1819 1828/1828/1828 1822/1822/1822
f 1822/1822/1822 1828/1828/1828 1827/1827/1827
f 1829/1829/1829 1825/1825/1825 1824/1824/1824
f 1825/1825/1825 1829/1829/1829 1830/1830/1830
f 1831/1831/1831 1824/1824/1824 1826/1826/1826
f 1824/1824/1824 1831/1831/1831 1829/1829/1829
f 1826/1826/1826 1827/1827/1827 1832/1832/1832
f 1830/1830/1830 1829/1829/1829 1833/1833/1833
f 1831/1831/1831 1833/1833/1833 1829/1829/1829
f 1833/1833/1833 1834/1834/1834 1830/1830/1830
f 1835/1835/1835 1834/1834/1834 1833/1833/1833
f 1834/1834/1834 1835/1835/1835 1836/1836/1836
f 1835/1835/1835 1833/1833/1833 1837/1837/1837
f 1838/1838/1838 1837/1837/1837 1833/1833/1833
f 1833/1833/1833 1831/1831/1831 1838/1838/1838
f 1838/1838/1838 1839/1839/1839 1837/1837/1837
f 1840/1840/1840 1831/1831/1831 1826/1826/1826
f 1840/1840/1840 1826/1826/1826 1832/1832/1832
f 1831/1831/1831 1841/1841/1841 1838/1838/1838
f 1839/1839/1839 1838/1838/1838 1841/1841/1841
f 1841/1841/1841 1831/1831/1831 1840/1840/1840
f 1841/1841/1841 1842/1842/1842 1839/1839/1839
f 1840/1840/1840 1842/1842/1842 1841/1841/1841
f 1843/1843/1843 1839/1839/1839 1842/1842/1842
f 1844/1844/1844 1840/1840/1840 1832/1832/1832
f 1845/1845/1845 1843/1843/1843 1842/1842/1842
f 1827/1827/1827 1844/1844/1844 1832/1832/1832
f 1843/1843/1843 1845/1845/1845 1846/1846/1846
f 1842/1842/1842 1840/1840/1840 1847/1847/1847
f 1840/1840/1840 1844/1844/1844 1847/1847/1847
f 1847/1847/1847 1845/1845/1845 1842/1842/1842
f 1846/1846/1846 1845/1845/1845 1848/1848/1848
f 1846/1846/1846 1848/1848/1848 1849/1849/1849
f 1850/1850/1850 1848/1848/1848 1845/1845/1845
f 1851/1851/1851 1850/1850/1850 1845/1845/1845
f 1845/1845/1845 1847/1847/1847 1851/1851/1851
f 1851/1851/1851 1852/1852/1852 1850/1850/1850
f 1847/1847/1847 1853/1853/1853 1851/1851/1851
f 1852/1852/1852 1851/1851/1851 1853/1853/1853
f 1847/1847/1847 1844/1844/1844 1853/1853/1853
f 1854/1854/1854 1852/1852/1852 1853/1853/1853
f 1853/1853/1853 1855/1855/1855 1854/1854/1854
f 1855/1855/1855 1853/1853/1853 1844/1844/1844
f 1856/1856/1856 1854/1854/1854 1855/1855/1855
f 1855/1855/1855 1844/1844/1844 1857/1857/1857
f 1844/1844/1844 1827/1827/1827 1857/1857/1857
f 1828/1828/1828 1857/1857/1857 1827/1827/1827
f 1858/1858/1858 1855/1855/1855 1857/1857/1857
f 1857/1857/1857 1828/1828/1828 1858/1858/1858
f 1855/1855/1855 1859/1859/1859 1856/1856/1856
f 1855/1855/1855 1858/1858/1858 1859/1859/1859
f 1860/1860/1860 1856/1856/1856 1859/1859/1859
f 1859/1859/1859 1861/1861/1861 1860/1860/1860
f 1861/1861/1861 1859/1859/1859 1858/1858/1858
f 1862/1862/1862 1860/1860/1860 1861/1861/1861
f 1863/1863/1863 1858/1858/1858 1828/1828/1828
f 1828/1828/1828 1819/1819/1819 1863/1863/1863
f 1816/1816/1816 1863/1863/1863 1819/1819/1819
f 1858/1858/1858 1863/1863/1863 1864/1864/1864
f 1858/1858/1858 1864/1864/1864 1861/1861/1861
f 1816/1816/1816 1865/1865/1865 1863/1863/1863
f 1865/1865/1865 1864/1864/1864 1863/1863/1863
f 1261/1261/1261 1865/1865/1865 1816/1816/1816
f 1861/1861/1861 1866/1866/1866 1862/1862/1862
f 1866/1866/1866 1861/1861/1861 1864/1864/1864
f 1263/1263/1263 1862/1862/1862 1866/1866/1866
f 1866/1866/1866 1264/1264/1264 1263/1263/1263
f 1864/1864/1864 1266/1266/1266 1866/1866/1866
f 1266/1266/1266 1864/1864/1864 1865/1865/1865
f 1264/1264/1264 1866/1866/1866 1266/1266/1266
f 1865/1865/1865 1261/1261/1261 1260/1260/1260
f 1260/1260/1260 1266/1266/1266 1865/1865/1865
f 94/94/94 92/92/92 1867/1867/1867
f 1459/1459/1459 94/94/94 1867/1867/1867
f 1460/1460/1460 1459/1459/1459 1867/1867/1867
f 1458/1458/1458 93/93/93 94/94/94
f 1459/1459/1459 1458/1458/1458 94/94/94
f 93/93/93 1868/1868/1868 90/90/90
f 1868/1868/1868 93/93/93 1458/1458/1458
f 1869/1869/1869 90/90/90 1868/1868/1868
f 90/90/90 1869/1869/1869 89/89/89
f 1457/1457/1457 1868/1868/1868 1458/1458/1458
f 1868/1868/1868 1870/1870/1870 1869/1869/1869
f 1870/1870/1870 1868/1868/1868 1457/1457/1457
f 1869/1869/1869 1871/1871/1871 89/89/89
f 84/84/84 89/89/89 1871/1871/1871
f 84/84/84 1871/1871/1871 85/85/85
f 1872/1872/1872 85/85/85 1871/1871/1871
f 1871/1871/1871 1869/1869/1869 1873/1873/1873
f 1871/1871/1871 1873/1873/1873 1872/1872/1872
f 1870/1870/1870 1873/1873/1873 1869/1869/1869
f 1874/1874/1874 1872/1872/1872 1873/1873/1873
f 1873/1873/1873 1875/1875/1875 1874/1874/1874
f 1873/1873/1873 1870/1870/1870 1875/1875/1875
f 1876/1876/1876 1874/1874/1874 1875/1875/1875
f 1875/1875/1875 1877/1877/1877 1876/1876/1876
f 1878/1878/1878 1875/1875/1875 1870/1870/1870
f 1875/1875/1875 1878/1878/1878 1877/1877/1877
f 1879/1879/1879 1876/1876/1876 1877/1877/1877
f 1878/1878/1878 1879/1879/1879 1877/1877/1877
f 1880/1880/1880 1876/1876/1876 1879/1879/1879
f 1450/1450/1450 1878/1878/1878 1870/1870/1870
f 1450/1450/1450 1870/1870/1870 1457/1457/1457
f 1881/1881/1881 1880/1880/1880 1879/1879/1879
f 1882/1882/1882 1880/1880/1880 1881/1881/1881
f 1879/1879/1879 1878/1878/1878 1883/1883/1883
f 1883/1883/1883 1881/1881/1881 1879/1879/1879
f 1446/1446/1446 1883/1883/1883 1878/1878/1878
f 1446/1446/1446 1878/1878/1878 1450/1450/1450
f 1881/1881/1881 1883/1883/1883 1442/1442/1442
f 1446/1446/1446 1442/1442/1442 1883/1883/1883
f 1884/1884/1884 1882/1882/1882 1881/1881/1881
f 1442/1442/1442 1884/1884/1884 1881/1881/1881
f 1885/1885/1885 1882/1882/1882 1884/1884/1884
f 1886/1886/1886 1885/1885/1885 1884/1884/1884
f 1887/1887/1887 1885/1885/1885 1886/1886/1886
f 1884/1884/1884 1442/1442/1442 1440/1440/1440
f 1440/1440/1440 1886/1886/1886 1884/1884/1884
f 1888/1888/1888 1887/1887/1887 1886/1886/1886
f 1887/1887/1887 1888/1888/1888 1889/1889/1889
f 1886/1886/1886 1440/1440/1440 1890/1890/1890
f 1890/1890/1890 1888/1888/1888 1886/1886/1886
f 1889/1889/1889 1888/1888/1888 1480/1480/1480
f 1889/1889/1889 1480/1480/1480 1891/1891/1891
f 1480/1480/1480 1482/1482/1482 1891/1891/1891
f 1480/1480/1480 1888/1888/1888 1477/1477/1477
f 1888/1888/1888 1890/1890/1890 1892/1892/1892
f 1892/1892/1892 1477/1477/1477 1888/1888/1888
f 1890/1890/1890 1893/1893/1893 1892/1892/1892
f 1892/1892/1892 1469/1469/1469 1477/1477/1477
f 1469/1469/1469 1892/1892/1892 1893/1893/1893
f 1893/1893/1893 1890/1890/1890 1439/1439/1439
f 1440/1440/1440 1439/1439/1439 1890/1890/1890
f 1444/1444/1444 1469/1469/1469 1893/1893/1893
f 1439/1439/1439 1444/1444/1444 1893/1893/1893
f 1894/1894/1894 1895/1895/1895 1896/1896/1896
f 1895/1895/1895 1897/1897/1897 1896/1896/1896
f 1897/1897/1897 1898/1898/1898 1896/1896/1896
f 1895/1895/1895 1899/1899/1899 1897/1897/1897
f 1899/1899/1899 1895/1895/1895 1900/1900/1900
f 1901/1901/1901 1898/1898/1898 1897/1897/1897
f 1900/1900/1900 1902/1902/1902 1899/1899/1899
f 1902/1902/1902 1900/1900/1900 1903/1903/1903
f 1904/1904/1904 1897/1897/1897 1899/1899/1899
f 1897/1897/1897 1904/1904/1904 1901/1901/1901
f 1905/1905/1905 1899/1899/1899 1902/1902/1902
f 1899/1899/1899 1905/1905/1905 1904/1904/1904
f 1903/1903/1903 1906/1906/1906 1902/1902/1902
f 1906/1906/1906 1905/1905/1905 1902/1902/1902
f 1906/1906/1906 1903/1903/1903 1907/1907/1907
f 1907/1907/1907 1908/1908/1908 1906/1906/1906
f 1908/1908/1908 1909/1909/1909 1906/1906/1906
f 1908/1908/1908 1910/1910/1910 1909/1909/1909
f 1905/1905/1905 1906/1906/1906 1911/1911/1911
f 1909/1909/1909 1911/1911/1911 1906/1906/1906
f 1905/1905/1905 1911/1911/1911 1912/1912/1912
f 1904/1904/1904 1905/1905/1905 1912/1912/1912
f 1910/1910/1910 1913/1913/1913 1909/1909/1909
f 1910/1910/1910 1914/1914/1914 1913/1913/1913
f 1911/1911/1911 1909/1909/1909 1915/1915/1915
f 1916/1916/1916 1909/1909/1909 1913/1913/1913
f 1909/1909/1909 1916/1916/1916 1915/1915/1915
f 1915/1915/1915 1917/1917/1917 1911/1911/1911
f 1911/1911/1911 1917/1917/1917 1912/1912/1912
f 1904/1904/1904 1912/1912/1912 1918/1918/1918
f 1918/1918/1918 1901/1901/1901 1904/1904/1904
f 1901/1901/1901 1918/1918/1918 1919/1919/1919
f 1919/1919/1919 1898/1898/1898 1901/1901/1901
f 1898/1898/1898 1919/1919/1919 1920/1920/1920
f 1920/1920/1920 1919/1919/1919 1921/1921/1921
f 1922/1922/1922 1921/1921/1921 1919/1919/1919
f 1923/1923/1923 1919/1919/1919 1918/1918/1918
f 1919/1919/1919 1923/1923/1923 1922/1922/1922
f 1924/1924/1924 1921/1921/1921 1922/1922/1922
f 1923/1923/1923 1924/1924/1924 1922/1922/1922
f 1921/1921/1921 1924/1924/1924 1925/1925/1925
f 1918/1918/1918 1926/1926/1926 1923/1923/1923
f 1926/1926/1926 1918/1918/1918 1912/1912/1912
f 1924/1924/1924 1923/1923/1923 1927/1927/1927
f 1926/1926/1926 1927/1927/1927 1923/1923/1923
f 1928/1928/1928 1925/1925/1925 1924/1924/1924
f 1924/1924/1924 1927/1927/1927 1928/1928/1928
f 1925/1925/1925 1928/1928/1928 1929/1929/1929
f 1912/1912/1912 1930/1930/1930 1926/1926/1926
f 1930/1930/1930 1912/1912/1912 1917/1917/1917
f 1927/1927/1927 1926/1926/1926 1931/1931/1931
f 1930/1930/1930 1931/1931/1931 1926/1926/1926
f 1932/1932/1932 1928/1928/1928 1927/1927/1927
f 1927/1927/1927 1931/1931/1931 1932/1932/1932
f 1933/1933/1933 1929/1929/1929 1928/1928/1928
f 1932/1932/1932 1933/1933/1933 1928/1928/1928
f 1929/1929/1929 1933/1933/1933 1934/1934/1934
f 1935/1935/1935 1934/1934/1934 1933/1933/1933
f 1934/1934/1934 1935/1935/1935 1936/1936/1936
f 1933/1933/1933 1937/1937/1937 1935/1935/1935
f 1933/1933/1933 1932/1932/1932 1937/1937/1937
f 1938/1938/1938 1935/1935/1935 1937/1937/1937
f 1939/1939/1939 1932/1932/1932 1931/1931/1931
f 1939/1939/1939 1937/1937/1937 1932/1932/1932
f 1937/1937/1937 1940/1940/1940 1938/1938/1938
f 1937/1937/1937 1939/1939/1939 1940/1940/1940
f 1941/1941/1941 1938/1938/1938 1940/1940/1940
f 1940/1940/1940 1942/1942/1942 1941/1941/1941
f 1942/1942/1942 1940/1940/1940 1939/1939/1939
f 1943/1943/1943 1941/1941/1941 1942/1942/1942
f 1942/1942/1942 1944/1944/1944 1943/1943/1943
f 1944/1944/1944 1942/1942/1942 1945/1945/1945
f 1945/1945/1945 1946/1946/1946 1944/1944/1944
f 1939/1939/1939 1947/1947/1947 1942/1942/1942
f 1947/1947/1947 1945/1945/1945 1942/1942/1942
f 1948/1948/1948 1939/1939/1939 1931/1931/1931
f 1939/1939/1939 1948/1948/1948 1947/1947/1947
f 1931/1931/1931 1930/1930/1930 1948/1948/1948
f 1945/1945/1945 1947/1947/1947 1949/1949/1949
f 1948/1948/1948 1949/1949/1949 1947/1947/1947
f 1946/1946/1946 1945/1945/1945 1950/1950/1950
f 1950/1950/1950 1951/1951/1951 1946/1946/1946
f 1952/1952/1952 1945/1945/1945 1949/1949/1949
f 1945/1945/1945 1952/1952/1952 1950/1950/1950
f 1949/1949/1949 1948/1948/1948 1953/1953/1953
f 1930/1930/1930 1953/1953/1953 1948/1948/1948
f 1949/1949/1949 1954/1954/1954 1952/1952/1952
f 1954/1954/1954 1949/1949/1949 1953/1953/1953
f 1952/1952/1952 1955/1955/1955 1950/1950/1950
f 1951/1951/1951 1950/1950/1950 1955/1955/1955
f 1955/1955/1955 1952/1952/1952 1956/1956/1956
f 1954/1954/1954 1956/1956/1956 1952/1952/1952
f 1955/1955/1955 1957/1957/1957 1951/1951/1951
f 1958/1958/1958 1951/1951/1951 1957/1957/1957
f 1959/1959/1959 1955/1955/1955 1956/1956/1956
f 1955/1955/1955 1959/1959/1959 1957/1957/1957
f 1957/1957/1957 1960/1960/1960 1958/1958/1958
f 1959/1959/1959 1960/1960/1960 1957/1957/1957
f 1961/1961/1961 1958/1958/1958 1960/1960/1960
f 1962/1962/1962 1959/1959/1959 1956/1956/1956
f 1956/1956/1956 1954/1954/1954 1962/1962/1962
f 1960/1960/1960 1963/1963/1963 1961/1961/1961
f 1964/1964/1964 1961/1961/1961 1963/1963/1963
f 1960/1960/1960 1959/1959/1959 1965/1965/1965
f 1965/1965/1965 1963/1963/1963 1960/1960/1960
f 1963/1963/1963 1966/1966/1966 1964/1964/1964
f 1967/1967/1967 1965/1965/1965 1959/1959/1959
f 1959/1959/1959 1962/1962/1962 1967/1967/1967
f 1966/1966/1966 1963/1963/1963 1968/1968/1968
f 1968/1968/1968 1969/1969/1969 1966/1966/1966
f 1965/1965/1965 1970/1970/1970 1963/1963/1963
f 1970/1970/1970 1968/1968/1968 1963/1963/1963
f 1969/1969/1969 1968/1968/1968 1754/1754/1754
f 1754/1754/1754 1750/1750/1750 1969/1969/1969
f 1968/1968/1968 1970/1970/1970 1971/1971/1971
f 1754/1754/1754 1968/1968/1968 1971/1971/1971
f 1970/1970/1970 1965/1965/1965 1972/1972/1972
f 1971/1971/1971 1970/1970/1970 1973/1973/1973
f 1972/1972/1972 1973/1973/1973 1970/1970/1970
f 1974/1974/1974 1972/1972/1972 1965/1965/1965
f 1965/1965/1965 1967/1967/1967 1974/1974/1974
f 1972/1972/1972 1975/1975/1975 1973/1973/1973
f 1971/1971/1971 1755/1755/1755 1754/1754/1754
f 1973/1973/1973 1755/1755/1755 1971/1971/1971
f 1974/1974/1974 1976/1976/1976 1972/1972/1972
f 1975/1975/1975 1972/1972/1972 1976/1976/1976
f 1967/1967/1967 1977/1977/1977 1974/1974/1974
f 1976/1976/1976 1974/1974/1974 1977/1977/1977
f 581/581/581 1978/1978/1978 578/578/578
f 1978/1978/1978 576/576/576 578/578/578
f 1978/1978/1978 581/581/581 1979/1979/1979
f 576/576/576 1978/1978/1978 1980/1980/1980
f 1981/1981/1981 1979/1979/1979 581/581/581
f 1981/1981/1981 581/581/581 579/579/579
f 1979/1979/1979 1981/1981/1981 1982/1982/1982
f 1980/1980/1980 1983/1983/1983 576/576/576
f 1983/1983/1983 1980/1980/1980 1984/1984/1984
f 1985/1985/1985 1983/1983/1983 1984/1984/1984
f 1986/1986/1986 1982/1982/1982 1981/1981/1981
f 1982/1982/1982 1986/1986/1986 1987/1987/1987
f 1986/1986/1986 1988/1988/1988 1987/1987/1987
f 579/579/579 1989/1989/1989 1981/1981/1981
f 1986/1986/1986 1981/1981/1981 1989/1989/1989
f 579/579/579 580/580/580 1989/1989/1989
f 1988/1988/1988 1986/1986/1986 1990/1990/1990
f 1990/1990/1990 1991/1991/1991 1988/1988/1988
f 1989/1989/1989 1992/1992/1992 1986/1986/1986
f 1990/1990/1990 1986/1986/1986 1992/1992/1992
f 1993/1993/1993 1989/1989/1989 580/580/580
f 1989/1989/1989 1993/1993/1993 1992/1992/1992
f 562/562/562 1993/1993/1993 580/580/580
f 1991/1991/1991 1990/1990/1990 1994/1994/1994
f 1994/1994/1994 1995/1995/1995 1991/1991/1991
f 1996/1996/1996 1990/1990/1990 1992/1992/1992
f 1990/1990/1990 1996/1996/1996 1994/1994/1994
f 1997/1997/1997 1992/1992/1992 1993/1993/1993
f 1992/1992/1992 1997/1997/1997 1996/1996/1996
f 1993/1993/1993 562/562/562 1998/1998/1998
f 1998/1998/1998 1997/1997/1997 1993/1993/1993
f 562/562/562 563/563/563 1998/1998/1998
f 1996/1996/1996 1997/1997/1997 1999/1999/1999
f 2000/2000/2000 1994/1994/1994 1996/1996/1996
f 2000/2000/2000 1996/1996/1996 1999/1999/1999
f 1994/1994/1994 2000/2000/2000 2001/2001/2001
f 1995/1995/1995 1994/1994/1994 2001/2001/2001
f 2002/2002/2002 1998/1998/1998 563/563/563
f 559/559/559 2002/2002/2002 563/563/563
f 1997/1997/1997 1998/1998/1998 2003/2003/2003
f 1998/1998/1998 2002/2002/2002 2003/2003/2003
f 2003/2003/2003 1999/1999/1999 1997/1997/1997
f 2001/2001/2001 2004/2004/2004 1995/1995/1995
f 2004/2004/2004 2005/2005/2005 1995/1995/1995
f 2001/2001/2001 2006/2006/2006 2004/2004/2004
f 2006/2006/2006 2001/2001/2001 2000/2000/2000
f 2007/2007/2007 2005/2005/2005 2004/2004/2004
f 2006/2006/2006 2007/2007/2007 2004/2004/2004
f 2005/2005/2005 2007/2007/2007 2008/2008/2008
f 1999/1999/1999 2003/2003/2003 2009/2009/2009
f 2010/2010/2010 2008/2008/2008 2007/2007/2007
f 2008/2008/2008 2010/2010/2010 2011/2011/2011
f 2010/2010/2010 2012/2012/2012 2011/2011/2011
f 2003/2003/2003 2013/2013/2013 2009/2009/2009
f 2012/2012/2012 2010/2010/2010 2014/2014/2014
f 2013/2013/2013 2003/2003/2003 2002/2002/2002
f 2014/2014/2014 2015/2015/2015 2012/2012/2012
f 2016/2016/2016 2010/2010/2010 2007/2007/2007
f 2007/2007/2007 2006/2006/2006 2016/2016/2016
f 2010/2010/2010 2016/2016/2016 2017/2017/2017
f 2017/2017/2017 2014/2014/2014 2010/2010/2010
f 2015/2015/2015 2014/2014/2014 2018/2018/2018
f 2018/2018/2018 2019/2019/2019 2015/2015/2015
f 2014/2014/2014 2017/2017/2017 2020/2020/2020
f 2019/2019/2019 2018/2018/2018 2021/2021/2021
f 2018/2018/2018 2014/2014/2014 2022/2022/2022
f 2020/2020/2020 2022/2022/2022 2014/2014/2014
f 2021/2021/2021 2018/2018/2018 2023/2023/2023
f 2022/2022/2022 2023/2023/2023 2018/2018/2018
f 2024/2024/2024 2019/2019/2019 2021/2021/2021
f 2023/2023/2023 2024/2024/2024 2021/2021/2021
f 2019/2019/2019 2024/2024/2024 2025/2025/2025
f 2026/2026/2026 2020/2020/2020 2017/2017/2017
f 2016/2016/2016 2026/2026/2026 2017/2017/2017
f 2020/2020/2020 2027/2027/2027 2022/2022/2022
f 2026/2026/2026 2016/2016/2016 2028/2028/2028
f 2006/2006/2006 2028/2028/2028 2016/2016/2016
f 2020/2020/2020 2026/2026/2026 2029/2029/2029
f 2027/2027/2027 2020/2020/2020 2029/2029/2029
f 2028/2028/2028 2030/2030/2030 2026/2026/2026
f 2030/2030/2030 2029/2029/2029 2026/2026/2026
f 2031/2031/2031 2028/2028/2028 2006/2006/2006
f 2000/2000/2000 2031/2031/2031 2006/2006/2006
f 2031/2031/2031 2000/2000/2000 1999/1999/1999
f 2031/2031/2031 2032/2032/2032 2028/2028/2028
f 2030/2030/2030 2028/2028/2028 2032/2032/2032
f 1999/1999/1999 2033/2033/2033 2031/2031/2031
f 2032/2032/2032 2031/2031/2031 2033/2033/2033
f 2033/2033/2033 1999/1999/1999 2009/2009/2009
f 2013/2013/2013 2033/2033/2033 2009/2009/2009
f 2032/2032/2032 2033/2033/2033 2034/2034/2034
f 2033/2033/2033 2013/2013/2013 2034/2034/2034
f 2032/2032/2032 2034/2034/2034 2035/2035/2035
f 2035/2035/2035 2030/2030/2030 2032/2032/2032
f 2036/2036/2036 2034/2034/2034 2013/2013/2013
f 2030/2030/2030 2035/2035/2035 2037/2037/2037
f 2038/2038/2038 2035/2035/2035 2034/2034/2034
f 2034/2034/2034 2036/2036/2036 2038/2038/2038
f 2037/2037/2037 2035/2035/2035 2039/2039/2039
f 2013/2013/2013 2040/2040/2040 2036/2036/2036
f 2040/2040/2040 2013/2013/2013 2002/2002/2002
f 2002/2002/2002 559/559/559 2040/2040/2040
f 557/557/557 2040/2040/2040 559/559/559
f 557/557/557 2036/2036/2036 2040/2040/2040
f 2036/2036/2036 557/557/557 2041/2041/2041
f 2041/2041/2041 2038/2038/2038 2036/2036/2036
f 557/557/557 558/558/558 2041/2041/2041
f 558/558/558 2042/2042/2042 2041/2041/2041
f 2038/2038/2038 2041/2041/2041 2042/2042/2042
f 2042/2042/2042 558/558/558 2043/2043/2043
f 2035/2035/2035 2038/2038/2038 2044/2044/2044
f 2044/2044/2044 2038/2038/2038 2042/2042/2042
f 2044/2044/2044 2039/2039/2039 2035/2035/2035
f 2043/2043/2043 2045/2045/2045 2042/2042/2042
f 2044/2044/2044 2042/2042/2042 2045/2045/2045
f 2045/2045/2045 2043/2043/2043 2046/2046/2046
f 2047/2047/2047 2044/2044/2044 2045/2045/2045
f 2046/2046/2046 2047/2047/2047 2045/2045/2045
f 2039/2039/2039 2044/2044/2044 2047/2047/2047
f 2047/2047/2047 2046/2046/2046 2048/2048/2048
f 2049/2049/2049 2047/2047/2047 2048/2048/2048
f 2047/2047/2047 2049/2049/2049 2050/2050/2050
f 2050/2050/2050 2039/2039/2039 2047/2047/2047
f 2051/2051/2051 2050/2050/2050 2049/2049/2049
f 2050/2050/2050 2051/2051/2051 2052/2052/2052
f 2053/2053/2053 2052/2052/2052 2051/2051/2051
f 2039/2039/2039 2050/2050/2050 2054/2054/2054
f 2052/2052/2052 2054/2054/2054 2050/2050/2050
f 2055/2055/2055 2039/2039/2039 2054/2054/2054
f 2039/2039/2039 2055/2055/2055 2037/2037/2037
f 2055/2055/2055 2030/2030/2030 2037/2037/2037
f 2056/2056/2056 2054/2054/2054 2052/2052/2052
f 2054/2054/2054 2057/2057/2057 2055/2055/2055
f 2057/2057/2057 2054/2054/2054 2056/2056/2056
f 2030/2030/2030 2055/2055/2055 2058/2058/2058
f 2057/2057/2057 2058/2058/2058 2055/2055/2055
f 2029/2029/2029 2030/2030/2030 2058/2058/2058
f 2058/2058/2058 2027/2027/2027 2029/2029/2029
f 2052/2052/2052 2059/2059/2059 2056/2056/2056
f 2059/2059/2059 2057/2057/2057 2056/2056/2056
f 2058/2058/2058 2057/2057/2057 2060/2060/2060
f 2027/2027/2027 2058/2058/2058 2060/2060/2060
f 2057/2057/2057 2059/2059/2059 2061/2061/2061
f 2061/2061/2061 2060/2060/2060 2057/2057/2057
f 2059/2059/2059 2052/2052/2052 2062/2062/2062
f 2052/2052/2052 2053/2053/2053 2062/2062/2062
f 2062/2062/2062 2063/2063/2063 2059/2059/2059
f 2063/2063/2063 2061/2061/2061 2059/2059/2059
f 2053/2053/2053 2064/2064/2064 2062/2062/2062
f 2063/2063/2063 2062/2062/2062 2064/2064/2064
f 2064/2064/2064 2053/2053/2053 2065/2065/2065
f 2060/2060/2060 2066/2066/2066 2027/2027/2027
f 2066/2066/2066 2022/2022/2022 2027/2027/2027
f 2060/2060/2060 2061/2061/2061 2067/2067/2067
f 2066/2066/2066 2060/2060/2060 2067/2067/2067
f 2022/2022/2022 2066/2066/2066 2023/2023/2023
f 2061/2061/2061 2068/2068/2068 2067/2067/2067
f 2068/2068/2068 2066/2066/2066 2067/2067/2067
f 2068/2068/2068 2061/2061/2061 2069/2069/2069
f 2061/2061/2061 2063/2063/2063 2069/2069/2069
f 2066/2066/2066 2068/2068/2068 2070/2070/2070
f 2070/2070/2070 2023/2023/2023 2066/2066/2066
f 2071/2071/2071 2068/2068/2068 2069/2069/2069
f 2071/2071/2071 2070/2070/2070 2068/2068/2068
f 2072/2072/2072 2069/2069/2069 2063/2063/2063
f 2064/2064/2064 2072/2072/2072 2063/2063/2063
f 2069/2069/2069 2072/2072/2072 2073/2073/2073
f 2071/2071/2071 2069/2069/2069 2073/2073/2073
f 2072/2072/2072 2064/2064/2064 2074/2074/2074
f 2065/2065/2065 2074/2074/2074 2064/2064/2064
f 2074/2074/2074 2065/2065/2065 2075/2075/2075
f 2074/2074/2074 2076/2076/2076 2072/2072/2072
f 2072/2072/2072 2076/2076/2076 2073/2073/2073
f 2075/2075/2075 2077/2077/2077 2074/2074/2074
f 2076/2076/2076 2074/2074/2074 2077/2077/2077
f 2077/2077/2077 2075/2075/2075 2078/2078/2078
f 2079/2079/2079 2077/2077/2077 2078/2078/2078
f 2077/2077/2077 2079/2079/2079 2080/2080/2080
f 2080/2080/2080 2076/2076/2076 2077/2077/2077
f 2081/2081/2081 2080/2080/2080 2079/2079/2079
f 2080/2080/2080 2081/2081/2081 2082/2082/2082
f 2083/2083/2083 2080/2080/2080 2082/2082/2082
f 2080/2080/2080 2083/2083/2083 2084/2084/2084
f 2076/2076/2076 2080/2080/2080 2084/2084/2084
f 2085/2085/2085 2084/2084/2084 2083/2083/2083
f 2076/2076/2076 2084/2084/2084 2086/2086/2086
f 2086/2086/2086 2073/2073/2073 2076/2076/2076
f 2084/2084/2084 2085/2085/2085 2087/2087/2087
f 2087/2087/2087 2086/2086/2086 2084/2084/2084
f 2088/2088/2088 2073/2073/2073 2086/2086/2086
f 2087/2087/2087 2088/2088/2088 2086/2086/2086
f 2073/2073/2073 2088/2088/2088 2071/2071/2071
f 2085/2085/2085 2089/2089/2089 2087/2087/2087
f 2088/2088/2088 2087/2087/2087 2089/2089/2089
f 2089/2089/2089 2085/2085/2085 2090/2090/2090
f 2091/2091/2091 2089/2089/2089 2090/2090/2090
f 2089/2089/2089 2091/2091/2091 2092/2092/2092
f 2092/2092/2092 2088/2088/2088 2089/2089/2089
f 2092/2092/2092 2091/2091/2091 2093/2093/2093
f 2094/2094/2094 2071/2071/2071 2088/2088/2088
f 2088/2088/2088 2092/2092/2092 2094/2094/2094
f 2093/2093/2093 2095/2095/2095 2092/2092/2092
f 2095/2095/2095 2094/2094/2094 2092/2092/2092
f 2096/2096/2096 2095/2095/2095 2093/2093/2093
f 2071/2071/2071 2094/2094/2094 2097/2097/2097
f 2070/2070/2070 2071/2071/2071 2097/2097/2097
f 2094/2094/2094 2095/2095/2095 2098/2098/2098
f 2098/2098/2098 2097/2097/2097 2094/2094/2094
f 2095/2095/2095 2096/2096/2096 2099/2099/2099
f 2099/2099/2099 2098/2098/2098 2095/2095/2095
f 2100/2100/2100 2099/2099/2099 2096/2096/2096
f 2099/2099/2099 2100/2100/2100 2101/2101/2101
f 2101/2101/2101 2102/2102/2102 2099/2099/2099
f 2098/2098/2098 2099/2099/2099 2102/2102/2102
f 2102/2102/2102 2101/2101/2101 2103/2103/2103
f 2104/2104/2104 2102/2102/2102 2103/2103/2103
f 2097/2097/2097 2098/2098/2098 2105/2105/2105
f 2102/2102/2102 2105/2105/2105 2098/2098/2098
f 2105/2105/2105 2070/2070/2070 2097/2097/2097
f 2102/2102/2102 2104/2104/2104 2106/2106/2106
f 2105/2105/2105 2102/2102/2102 2106/2106/2106
f 2025/2025/2025 2106/2106/2106 2104/2104/2104
f 2106/2106/2106 2025/2025/2025 2024/2024/2024
f 2106/2106/2106 2107/2107/2107 2105/2105/2105
f 2070/2070/2070 2105/2105/2105 2107/2107/2107
f 2107/2107/2107 2106/2106/2106 2024/2024/2024
f 2023/2023/2023 2070/2070/2070 2107/2107/2107
f 2024/2024/2024 2023/2023/2023 2107/2107/2107
f 1977/1977/1977 1967/1967/1967 2108/2108/2108
f 1962/1962/1962 2108/2108/2108 1967/1967/1967
f 1755/1755/1755 1973/1973/1973 1757/1757/1757
f 1973/1973/1973 1975/1975/1975 1757/1757/1757
f 2108/2108/2108 1962/1962/1962 2109/2109/2109
f 1962/1962/1962 2110/2110/2110 2109/2109/2109
f 2111/2111/2111 2108/2108/2108 2109/2109/2109
f 2109/2109/2109 2110/2110/2110 2111/2111/2111
f 2110/2110/2110 1962/1962/1962 1954/1954/1954
f 1954/1954/1954 2112/2112/2112 2110/2110/2110
f 1953/1953/1953 2112/2112/2112 1954/1954/1954
f 1953/1953/1953 1930/1930/1930 2112/2112/2112
f 2110/2110/2110 2112/2112/2112 2113/2113/2113
f 2113/2113/2113 2111/2111/2111 2110/2110/2110
f 2112/2112/2112 1930/1930/1930 2114/2114/2114
f 2114/2114/2114 2113/2113/2113 2112/2112/2112
f 1917/1917/1917 2114/2114/2114 1930/1930/1930
f 1917/1917/1917 1915/1915/1915 2114/2114/2114
f 1915/1915/1915 2113/2113/2113 2114/2114/2114
f 2113/2113/2113 1915/1915/1915 1916/1916/1916
f 2111/2111/2111 2113/2113/2113 1916/1916/1916
f 2111/2111/2111 1916/1916/1916 2115/2115/2115
f 1913/1913/1913 2115/2115/2115 1916/1916/1916
f 2115/2115/2115 2116/2116/2116 2111/2111/2111
f 2108/2108/2108 2111/2111/2111 2116/2116/2116
f 2116/2116/2116 1977/1977/1977 2108/2108/2108
f 2115/2115/2115 1913/1913/1913 2117/2117/2117
f 1914/1914/1914 2117/2117/2117 1913/1913/1913
f 2116/2116/2116 2115/2115/2115 2118/2118/2118
f 2117/2117/2117 2118/2118/2118 2115/2115/2115
f 1977/1977/1977 2116/2116/2116 2119/2119/2119
f 2118/2118/2118 2119/2119/2119 2116/2116/2116
f 2119/2119/2119 1976/1976/1976 1977/1977/1977
f 1914/1914/1914 2120/2120/2120 2117/2117/2117
f 2118/2118/2118 2117/2117/2117 2120/2120/2120
f 2120/2120/2120 1914/1914/1914 2121/2121/2121
f 2119/2119/2119 2118/2118/2118 2122/2122/2122
f 2120/2120/2120 2122/2122/2122 2118/2118/2118
f 1976/1976/1976 2119/2119/2119 2123/2123/2123
f 2122/2122/2122 2123/2123/2123 2119/2119/2119
f 2121/2121/2121 2124/2124/2124 2120/2120/2120
f 2122/2122/2122 2120/2120/2120 2124/2124/2124
f 2124/2124/2124 2121/2121/2121 2125/2125/2125
f 2123/2123/2123 2122/2122/2122 2126/2126/2126
f 2124/2124/2124 2126/2126/2126 2122/2122/2122
f 2123/2123/2123 2127/2127/2127 1976/1976/1976
f 2126/2126/2126 2127/2127/2127 2123/2123/2123
f 1975/1975/1975 1976/1976/1976 2127/2127/2127
f 2125/2125/2125 2128/2128/2128 2124/2124/2124
f 2126/2126/2126 2124/2124/2124 2128/2128/2128
f 2128/2128/2128 2125/2125/2125 2129/2129/2129
f 2126/2126/2126 2130/2130/2130 2127/2127/2127
f 2128/2128/2128 2130/2130/2130 2126/2126/2126
f 2129/2129/2129 2131/2131/2131 2128/2128/2128
f 2130/2130/2130 2128/2128/2128 2131/2131/2131
f 2131/2131/2131 2129/2129/2129 2132/2132/2132
f 2133/2133/2133 2131/2131/2131 2132/2132/2132
f 2130/2130/2130 2134/2134/2134 2127/2127/2127
f 2127/2127/2127 2134/2134/2134 1975/1975/1975
f 2131/2131/2131 2135/2135/2135 2130/2130/2130
f 2134/2134/2134 2130/2130/2130 2135/2135/2135
f 2131/2131/2131 2133/2133/2133 2136/2136/2136
f 2135/2135/2135 2131/2131/2131 2136/2136/2136
f 2133/2133/2133 2137/2137/2137 2136/2136/2136
f 1763/1763/1763 2134/2134/2134 2135/2135/2135
f 1760/1760/1760 1975/1975/1975 2134/2134/2134
f 2134/2134/2134 1763/1763/1763 1760/1760/1760
f 1757/1757/1757 1975/1975/1975 1760/1760/1760
f 2136/2136/2136 2138/2138/2138 2135/2135/2135
f 2135/2135/2135 2138/2138/2138 1763/1763/1763
f 2137/2137/2137 2139/2139/2139 2136/2136/2136
f 2138/2138/2138 2136/2136/2136 2139/2139/2139
f 2137/2137/2137 2140/2140/2140 2139/2139/2139
f 2140/2140/2140 2137/2137/2137 2141/2141/2141
f 2139/2139/2139 2142/2142/2142 2138/2138/2138
f 2142/2142/2142 2139/2139/2139 2140/2140/2140
f 2138/2138/2138 1738/1738/1738 1763/1763/1763
f 1738/1738/1738 2138/2138/2138 2142/2142/2142
f 1761/1761/1761 1760/1760/1760 1763/1763/1763
f 2141/2141/2141 2143/2143/2143 2140/2140/2140
f 2143/2143/2143 2141/2141/2141 2144/2144/2144
f 2140/2140/2140 1737/1737/1737 2142/2142/2142
f 1737/1737/1737 2140/2140/2140 2143/2143/2143
f 1737/1737/1737 1738/1738/1738 2142/2142/2142
f 2144/2144/2144 2145/2145/2145 2143/2143/2143
f 2143/2143/2143 2145/2145/2145 1737/1737/1737
f 2145/2145/2145 2144/2144/2144 2146/2146/2146
f 2146/2146/2146 2147/2147/2147 2145/2145/2145
f 2147/2147/2147 2148/2148/2148 2145/2145/2145
f 2147/2147/2147 2149/2149/2149 2148/2148/2148
f 1732/1732/1732 1737/1737/1737 2145/2145/2145
f 2149/2149/2149 2150/2150/2150 2148/2148/2148
f 2149/2149/2149 2151/2151/2151 2150/2150/2150
f 1729/1729/1729 2145/2145/2145 2148/2148/2148
f 2145/2145/2145 1729/1729/1729 1732/1732/1732
f 1728/1728/1728 2148/2148/2148 2150/2150/2150
f 2148/2148/2148 1728/1728/1728 1729/1729/1729
f 2151/2151/2151 2152/2152/2152 2150/2150/2150
f 2152/2152/2152 1728/1728/1728 2150/2150/2150
f 2151/2151/2151 2153/2153/2153 2152/2152/2152
f 2153/2153/2153 2151/2151/2151 2154/2154/2154
f 1728/1728/1728 2152/2152/2152 2155/2155/2155
f 2153/2153/2153 2155/2155/2155 2152/2152/2152
f 1728/1728/1728 2155/2155/2155 1716/1716/1716
f 2154/2154/2154 2156/2156/2156 2153/2153/2153
f 2156/2156/2156 2154/2154/2154 2157/2157/2157
f 2155/2155/2155 2153/2153/2153 2158/2158/2158
f 2156/2156/2156 2158/2158/2158 2153/2153/2153
f 1689/1689/1689 2155/2155/2155 2158/2158/2158
f 2155/2155/2155 1689/1689/1689 1716/1716/1716
f 2157/2157/2157 2159/2159/2159 2156/2156/2156
f 2159/2159/2159 2157/2157/2157 2160/2160/2160
f 2158/2158/2158 2156/2156/2156 2161/2161/2161
f 2156/2156/2156 2159/2159/2159 2161/2161/2161
f 2160/2160/2160 1677/1677/1677 2159/2159/2159
f 2158/2158/2158 2161/2161/2161 1684/1684/1684
f 1684/1684/1684 1689/1689/1689 2158/2158/2158
f 1682/1682/1682 2161/2161/2161 2159/2159/2159
f 1682/1682/1682 1684/1684/1684 2161/2161/2161
f 1677/1677/1677 1679/1679/1679 2159/2159/2159
f 2159/2159/2159 1679/1679/1679 1682/1682/1682
f 103/103/103 102/102/102 2162/2162/2162
f 102/102/102 125/125/125 2162/2162/2162
f 2163/2163/2163 103/103/103 2162/2162/2162
f 2162/2162/2162 125/125/125 1591/1591/1591
f 2163/2163/2163 2162/2162/2162 2164/2164/2164
f 2162/2162/2162 1591/1591/1591 2164/2164/2164
f 2164/2164/2164 1591/1591/1591 1592/1592/1592
f 2164/2164/2164 2165/2165/2165 2163/2163/2163
f 1592/1592/1592 2166/2166/2166 2164/2164/2164
f 2165/2165/2165 2164/2164/2164 2166/2166/2166
f 2166/2166/2166 2167/2167/2167 2165/2165/2165
f 2168/2168/2168 267/267/267 265/265/265
f 267/267/267 2168/2168/2168 2169/2169/2169
f 2168/2168/2168 265/265/265 2170/2170/2170
f 270/270/270 2170/2170/2170 265/265/265
f 2171/2171/2171 2169/2169/2169 2168/2168/2168
f 2170/2170/2170 2171/2171/2171 2168/2168/2168
f 2169/2169/2169 2171/2171/2171 1985/1985/1985
f 1983/1983/1983 1985/1985/1985 2171/2171/2171
f 270/270/270 281/281/281 2170/2170/2170
f 2171/2171/2171 2170/2170/2170 2172/2172/2172
f 2172/2172/2172 1983/1983/1983 2171/2171/2171
f 281/281/281 2172/2172/2172 2170/2170/2170
f 1983/1983/1983 2172/2172/2172 2173/2173/2173
f 2173/2173/2173 576/576/576 1983/1983/1983
f 576/576/576 2173/2173/2173 573/573/573
f 572/572/572 573/573/573 2173/2173/2173
f 2174/2174/2174 2173/2173/2173 2172/2172/2172
f 2173/2173/2173 2174/2174/2174 572/572/572
f 2172/2172/2172 281/281/281 2174/2174/2174
f 296/296/296 572/572/572 2174/2174/2174
f 281/281/281 296/296/296 2174/2174/2174
f 296/296/296 281/281/281 280/280/280
